Question,H_statistic,p_value
Q8,2.7924967559302125,0.4247365745440985
Q9,9.727278446573607,0.02103246341387614
Q10,13.957455743231574,0.0029636384642239178
Q14,170.4256636372427,1.0298432968875536e-36
Q19,173.7836799590714,1.9398840041142257e-37
Q21,200.07324496934623,4.0675796815530265e-43
Q24,268.6242848852527,6.124888479504794e-58
Q29,112.85766352880125,2.66240185734169e-24
Q1,3.467532734750034,0.3249974938602002
Q5,33.31054108742837,2.769711302017279e-07
Q11,967.3751261352191,2.149543118483451e-209
Q12,129.43360046392965,7.163605314163047e-28
Q13,440.51045882832085,3.7091122993161314e-95
Q16,353.27134816405623,2.9195766493665996e-76
Q18,927.10396600739,1.1692400251874352e-200
Q22,267.44122914614485,1.1041907174657434e-57
Q23,256.0830818131945,3.1628742387485793e-55
Q25,251.2074747966037,3.586451013592544e-54
Q27,109.04327867945906,1.7628760652860305e-23
