Cluster,Metric,Q1_Public_water_supply,Q1_Private_water_supply,Q1_private_well,Q1_Natural_spring,Q1_water_truck,Q1_rain_haverst,Q1_I_dont_know,Q2_straight_from_the_tap,Q2_tap_water_filtered/boiled,Q2_bottled_water,Q2_public_fountain/natural_spring,Q3_I_think_bottled_water_is_safer,Q3_I_like_the_taste,Q3_I_am_not_connected_to_the_pipe_system,Q3_I_have_always_done_like_this,Q3_I_trust_the_water_supplier,Q3_I_dont_trust_the_water_supplier,Q4_zero,Q4_less_than_3,Q4_more_than_3,Q4_I_dont_know_or_I_dont_remember,Q5_Groundwater_is_safer_than_surface_water,Q5_Surface_water_is_safer_than_groundwater,Q5_Both_surface_and_groundwater_are_equally_safe_sources_of_water,Q5_I_dont_know,Q6_1,Q6_2,Q6_3,Q6_4,Q6_5,Q7_colour,Q7_smell,Q7_taste,Q7_laboratory_tests_provided_by_my_supplier,Q7_never_thought_about_it,Q8_No,Q8_Yes,Q9_virus,Q9_bacteria,Q9_fertilisers,Q9_detergents,Q9_nitrate,Q9_fluoride,Q9_radon,Q9_microplastics,Q9_antibiotics,Q9_heavy_metals,Q9_none,Q9_pesticides,Q10_industries,Q10_roads,Q10_agricultural_field,Q10_landfill,Q10_mining_activities,Q10_slaughterhouse,Q10_livestock_farming,Q10_domestic_activities,Q10_wind_farms,Q10_sewage,Q10_septic_tanks,Q10_none,Q10_wastewater_treatment_plant,Q11_No,Q11_Yes,Q12_soil,Q12_drinks,Q12_terrestrial_organisms,Q12_vegetation,Q12_sea/oceans,Q12_rivers,Q12_lakes,Q12_groundwater,Q12_aquatic_organisms,Q12_food,Q12_none_of_the_above_mentioned,Q12_air,Q12_empty,Q13_roads,Q13_agricultural_field,Q13_landfill,Q13_mining_activities,Q13_slaughterhouse,Q13_livestock_farming,Q13_domestic_activities,Q13_industries,Q13_sewage,Q13_septic_tanks,Q13_clothes,Q13_wastewater_treatment_plant,Q13_empty,Q13_none,Q14_drinking_water,Q14_wearing_synthetic_clothes,Q14_contact_with_rainwater,Q14_swimming_in_the_sea_(skin_contact,Q14_eating_contaminated_food,Q14_through_placenta,Q14_breastfeeding,Q14_breathing,Q14_empty,Q15_1,Q15_2,Q15_3,Q15_4,Q15_5,Q15_NaN,Q16_allergies,Q16_respiratory_diseases,Q16_gastric_diseases,Q16_endocrine_disruption,Q16_inflammation,Q16_infection,Q16_cancer,Q16_DNA_damage,Q16_cell_damage,Q16_none,Q16_decreased_reproductive_health,Q16_empty,Q17_1,Q17_2,Q17_3,Q17_4,Q17_5,Q17_NaN,Q18_decrease_biodiversity,Q18_loss_of_ecosystem_services,Q18_death_of_wildlife,Q18_none,Q18_health_damages,Q18_empty,Q19_complex_target_at_specialists,Q19_clear_simple_and_suitable_for_a_non-expert_audience,Q19_a_incomplete_and/or_unclear,Q19_empty,Q20_ban_on_single_use_plastic,Q20_ban_microplastic_addition_in_products,Q20_improve_plastic_waste_management,Q20_improve_wastewater_treatment_plant_system,Q20_improve_washing_machines_filters,Q20_reduce_fast_fashion,Q20_restrict_use_of_synthetic_fabric,Q20_change_the_composition_of_tyres,Q20_restrict_the_use_of_plastic_mulch_film_in_agriculture,Q20_conduct_research_on_microplastics,Q20_reduce_plastic_consumption_at_an_individual_level,Q20_empty,Q21_environment,Q21_economy,Q21_no_benefits,Q21_human_health,Q21_empty,Q22_No,Q22_Yes,Q22_empty,Q23_No,Q23_Yes,Q23_empty,Q24_decrease_crop_yield,Q24_decrease_biodiversity,Q24_loss_of_ecosystem_services,Q24_health_damages,Q24_death_of_wildlife,Q24_reduce_plant_growth,Q24_empty,Q25_No,Q25_Yes,Q25_empty,Q26_1,Q26_2,Q26_3,Q26_4,Q26_5,Q26_NaN,Q27_surface_water,Q27_groundwater,Q27_equally_concentrated,Q27_empty,Q28_plastic_move_slower_in_groundwater_than_in_rivers,Q28_plastic_in_rivers_reach_the_ocean_faster,Q28_plastic_stuck_in_sediments_can_be_remobilised_by_river_flow,Q28_plastics_get_stuck_in_the_soil,Q28_empty,Q29_No,Q29_Yes,Q29_empty,Q30_No,Q30_Yes,Q30_empty,gender_female,gender_male,gender_non-binary,gender_prefer_not_to_say,age_less_than_18,age_19-30,age_31-40,age_41-55,age_56-65,age_over_65,educational_level_primary_school,educational_level_high_school,educational_level_bachelors_degree,educational_level_masters_degree,educational_level_PhD_or_equivalent
Whole sample,count,895,45,24,12,2,1,57,282,283,353,118,179,275,32,300,456,122,551,198,259,28,512,37,146,341,117,207,360,280,72,530,533,656,277,180,672,364,457,556,407,341,241,191,208,691,303,765,12,741,848,126,365,674,262,99,362,161,8,458,129,4,229,45,991,780,626,629,352,977,895,861,638,867,758,4,351,45,351,213,848,166,105,171,681,886,186,120,761,197,45,2,848,200,81,175,948,296,286,344,45,3,24,159,434,371,45,391,615,607,296,554,294,578,270,479,12,494,45,1,13,54,260,663,45,761,554,781,7,840,45,328,129,534,45,558,552,676,265,199,571,353,155,245,598,727,45,958,311,8,900,45,110,881,45,10,871,155,330,635,402,775,500,447,171,10,871,155,4,92,327,264,194,155,546,99,236,155,253,267,370,335,155,173,708,155,297,441,298,570,424,15,27,2,483,149,224,156,22,10,349,192,291,194
,percentage,86%,4%,2%,1%,0%,0%,6%,27%,27%,34%,11%,17%,27%,3%,29%,44%,12%,53%,19%,25%,3%,49%,4%,14%,33%,11%,20%,35%,27%,7%,51%,51%,63%,27%,17%,65%,35%,44%,54%,39%,33%,23%,18%,20%,67%,29%,74%,1%,72%,82%,12%,35%,65%,25%,10%,35%,16%,1%,44%,12%,0%,22%,4%,96%,75%,60%,61%,34%,94%,86%,83%,62%,84%,73%,0%,34%,4%,34%,21%,82%,16%,10%,17%,66%,86%,18%,12%,73%,19%,4%,0%,82%,19%,8%,17%,92%,29%,28%,33%,4%,0%,2%,15%,42%,36%,4%,38%,59%,59%,29%,53%,28%,56%,26%,46%,1%,48%,4%,0%,1%,5%,25%,64%,4%,73%,53%,75%,1%,81%,4%,32%,12%,52%,4%,54%,53%,65%,26%,19%,55%,34%,15%,24%,58%,70%,4%,92%,30%,1%,87%,4%,11%,85%,4%,1%,84%,15%,32%,61%,39%,75%,48%,43%,17%,1%,84%,15%,0%,9%,32%,25%,19%,15%,53%,10%,23%,15%,24%,26%,36%,32%,15%,17%,68%,15%,29%,43%,29%,55%,41%,1%,3%,0%,47%,14%,22%,15%,2%,1%,34%,19%,28%,19%
Cluster 0,count,251,12,7,1,0,0,8,138,82,24,35,8,58,4,101,181,16,209,55,14,1,164,8,36,71,50,94,75,48,12,153,151,180,66,45,193,86,115,129,97,84,47,42,54,171,64,210,5,185,228,42,109,172,86,16,78,40,0,101,26,0,51,0,279,216,175,176,95,276,255,250,185,248,214,1,93,0,102,55,241,45,21,39,197,251,38,24,211,55,0,0,242,30,14,35,267,65,74,79,0,1,10,66,137,65,0,97,165,151,77,151,81,149,59,119,2,130,0,0,6,22,88,163,0,215,143,210,2,226,0,80,31,168,0,149,140,170,58,45,146,77,36,47,165,200,0,265,75,2,254,0,0,279,0,2,277,0,91,181,108,235,129,123,6,2,277,0,2,40,154,50,33,0,229,19,31,0,76,96,107,106,0,67,212,0,79,90,110,48,217,8,6,0,163,32,45,33,6,0,86,53,86,54
,percentage,90%,4%,3%,0%,0%,0%,3%,49%,29%,9%,13%,3%,21%,1%,36%,65%,6%,75%,20%,5%,0%,59%,3%,13%,25%,18%,34%,27%,17%,4%,55%,54%,65%,24%,16%,69%,31%,41%,46%,35%,30%,17%,15%,19%,61%,23%,75%,2%,66%,82%,15%,39%,62%,31%,6%,28%,14%,0%,36%,9%,0%,18%,0%,100%,77%,63%,63%,34%,99%,91%,90%,66%,89%,77%,0%,33%,0%,37%,20%,86%,16%,8%,14%,71%,90%,14%,9%,76%,20%,0%,0%,87%,11%,5%,13%,96%,23%,27%,28%,0%,0%,4%,24%,49%,23%,0%,35%,59%,54%,28%,54%,29%,53%,21%,43%,1%,47%,0%,0%,2%,8%,32%,58%,0%,77%,51%,75%,1%,81%,0%,29%,11%,60%,0%,53%,50%,61%,21%,16%,52%,28%,13%,17%,59%,72%,0%,95%,27%,1%,91%,0%,0%,100%,0%,1%,99%,0%,33%,65%,39%,84%,46%,44%,2%,1%,99%,0%,1%,14%,55%,18%,12%,0%,82%,7%,11%,0%,27%,34%,38%,38%,0%,24%,76%,0%,28%,32%,39%,17%,78%,3%,2%,0%,58%,11%,16%,12%,2%,0%,31%,19%,31%,19%
Cluster 1,count,134,9,3,2,0,0,14,40,31,72,19,46,52,8,41,60,18,70,32,57,3,79,6,17,60,23,34,50,38,17,87,79,93,45,32,103,59,83,100,68,57,40,30,36,96,48,110,3,111,125,19,47,110,35,16,55,18,4,76,28,3,36,45,117,85,61,65,24,115,102,96,24,98,81,1,25,45,38,12,101,16,11,15,79,100,12,7,79,12,45,1,87,11,5,16,111,24,19,33,45,2,9,26,44,36,45,37,63,71,22,62,31,57,21,44,4,52,45,1,6,10,44,56,45,79,52,84,2,92,45,42,18,57,45,67,64,81,32,23,70,45,20,32,66,84,45,111,23,2,106,45,110,7,45,7,0,155,0,0,0,0,0,0,162,5,2,155,0,4,2,0,1,155,6,1,0,155,3,3,1,3,155,3,4,155,50,74,38,89,69,1,3,0,67,18,43,30,4,2,67,26,43,24
,percentage,83%,6%,2%,1%,0%,0%,9%,25%,19%,44%,12%,28%,32%,5%,25%,37%,11%,43%,20%,35%,2%,49%,4%,10%,37%,14%,21%,31%,23%,10%,54%,49%,57%,28%,20%,64%,36%,51%,62%,42%,35%,25%,19%,22%,59%,30%,68%,2%,69%,77%,12%,29%,68%,22%,10%,34%,11%,2%,47%,17%,2%,22%,28%,72%,52%,38%,40%,15%,71%,63%,59%,15%,60%,50%,1%,15%,28%,23%,7%,62%,10%,7%,9%,49%,62%,7%,4%,49%,7%,28%,1%,54%,7%,3%,10%,69%,15%,12%,20%,28%,1%,6%,16%,27%,22%,28%,23%,39%,44%,14%,38%,19%,35%,13%,27%,2%,32%,28%,1%,4%,6%,27%,35%,28%,49%,32%,52%,1%,57%,28%,26%,11%,35%,28%,41%,40%,50%,20%,14%,43%,28%,12%,20%,41%,52%,28%,69%,14%,1%,65%,28%,68%,4%,28%,4%,0%,96%,0%,0%,0%,0%,0%,0%,100%,3%,1%,96%,0%,2%,1%,0%,1%,96%,4%,1%,0%,96%,2%,2%,1%,2%,96%,2%,2%,96%,31%,46%,23%,55%,43%,1%,2%,0%,41%,11%,27%,19%,2%,1%,41%,16%,27%,15%
Cluster 2,count,209,16,11,3,0,0,20,7,10,235,7,118,86,12,87,13,55,17,48,172,22,121,12,36,90,13,31,85,108,22,110,125,152,76,57,158,101,123,148,101,93,67,56,54,188,88,197,1,187,223,30,83,180,55,28,95,41,2,126,44,0,68,0,259,201,171,160,98,254,230,214,178,221,197,1,93,0,91,62,228,47,33,53,160,239,70,42,193,64,0,0,231,69,34,57,245,85,78,90,0,0,1,30,109,119,0,101,169,170,79,144,77,166,82,139,3,133,0,0,1,9,57,192,0,193,148,205,2,225,0,85,37,137,0,145,151,197,85,59,143,95,47,71,168,185,0,253,86,1,231,0,0,259,0,1,258,0,101,185,121,229,157,146,3,2,257,0,1,31,89,81,57,0,170,22,67,0,71,86,107,90,0,46,213,0,78,107,74,166,79,4,10,0,131,38,56,31,3,6,91,48,67,47
,percentage,81%,6%,4%,1%,0%,0%,8%,3%,4%,91%,3%,46%,33%,5%,34%,5%,21%,7%,19%,66%,8%,47%,5%,14%,35%,5%,12%,33%,42%,8%,42%,48%,59%,29%,22%,61%,39%,47%,57%,39%,36%,26%,22%,21%,73%,34%,76%,0%,72%,86%,12%,32%,69%,21%,11%,37%,16%,1%,49%,17%,0%,26%,0%,100%,78%,66%,62%,38%,98%,89%,83%,69%,85%,76%,0%,36%,0%,35%,24%,88%,18%,13%,20%,62%,92%,27%,16%,75%,25%,0%,0%,89%,27%,13%,22%,95%,33%,30%,35%,0%,0%,0%,12%,42%,46%,0%,39%,65%,66%,31%,56%,30%,64%,32%,54%,1%,51%,0%,0%,0%,3%,22%,74%,0%,75%,57%,79%,1%,87%,0%,33%,14%,53%,0%,56%,58%,76%,33%,23%,55%,37%,18%,27%,65%,71%,0%,98%,33%,0%,89%,0%,0%,100%,0%,0%,100%,0%,39%,71%,47%,88%,61%,56%,1%,1%,99%,0%,0%,12%,34%,31%,22%,0%,66%,8%,26%,0%,27%,33%,41%,35%,0%,18%,82%,0%,30%,41%,29%,64%,31%,2%,4%,0%,51%,15%,22%,12%,1%,2%,35%,19%,26%,18%
Cluster 3,count,301,8,3,6,2,1,15,97,160,22,57,7,79,8,71,202,33,255,63,16,2,148,11,57,120,31,48,150,86,21,180,178,231,90,46,218,118,136,179,141,107,87,63,64,236,103,248,3,258,272,35,126,212,86,39,134,62,2,155,31,1,74,0,336,278,219,228,135,332,308,301,251,300,266,1,140,0,120,84,278,58,40,64,245,296,66,47,278,66,0,1,288,90,28,67,325,122,115,142,0,0,4,37,144,151,0,156,218,215,118,197,105,206,108,177,3,179,0,0,0,13,71,252,0,274,211,282,1,297,0,121,43,172,0,197,197,228,90,72,212,136,52,95,199,258,0,329,127,3,309,0,0,336,0,0,336,0,138,269,173,311,214,178,0,1,335,0,1,17,82,133,103,0,141,57,138,0,103,82,155,136,0,57,279,0,90,170,76,267,59,2,8,2,122,61,80,62,9,2,105,65,95,69
,percentage,90%,2%,1%,2%,1%,0%,4%,29%,48%,7%,17%,2%,24%,2%,21%,60%,10%,76%,19%,5%,1%,44%,3%,17%,36%,9%,14%,45%,26%,6%,54%,53%,69%,27%,14%,65%,35%,40%,53%,42%,32%,26%,19%,19%,70%,31%,74%,1%,77%,81%,10%,38%,63%,26%,12%,40%,18%,1%,46%,9%,0%,22%,0%,100%,83%,65%,68%,40%,99%,92%,90%,75%,89%,79%,0%,42%,0%,36%,25%,83%,17%,12%,19%,73%,88%,20%,14%,83%,20%,0%,0%,86%,27%,8%,20%,97%,36%,34%,42%,0%,0%,1%,11%,43%,45%,0%,46%,65%,64%,35%,59%,31%,61%,32%,53%,1%,53%,0%,0%,0%,4%,21%,75%,0%,82%,63%,84%,0%,88%,0%,36%,13%,51%,0%,59%,59%,68%,27%,21%,63%,40%,15%,28%,59%,77%,0%,98%,38%,1%,92%,0%,0%,100%,0%,0%,100%,0%,41%,80%,51%,93%,64%,53%,0%,0%,100%,0%,0%,5%,24%,40%,31%,0%,42%,17%,41%,0%,31%,24%,46%,40%,0%,17%,83%,0%,27%,51%,23%,79%,18%,1%,2%,1%,36%,18%,24%,18%,3%,1%,31%,19%,28%,21%
