,total sample,total sample,total sample,Cluster 0,Cluster 0,Cluster 0,Cluster 1,Cluster 1,Cluster 1,Cluster 2,Cluster 2,Cluster 2,Cluster 3,Cluster 3,Cluster 3
,Mean,Median,SD,Mean,Median,SD,Mean,Median,SD,Mean,Median,SD,Mean,Median,SD
Q1_Public_water_supply,86.39,100,34.31,89.96,100,30.1,82.72,100,37.93,80.69,100,39.55,89.58,100,30.59
Q1_Private_water_supply,4.34,0,20.39,4.3,0,20.32,5.56,0,22.98,6.18,0,24.12,2.38,0,15.27
Q1_private_well,2.32,0,15.05,2.51,0,15.67,1.85,0,13.52,4.25,0,20.21,0.89,0,9.42
Q1_Natural_spring,1.16,0,10.71,0.36,0,5.99,1.23,0,11.08,1.16,0,10.72,1.79,0,13.26
Q1_water_truck,0.19,0,4.39,0,0,0,0,0,0,0,0,0,0.6,0,7.7
Q1_rain_haverst,0.1,0,3.11,0,0,0,0,0,0,0,0,0,0.3,0,5.46
Q1_I_dont_know,5.5,0,22.81,2.87,0,16.72,8.64,0,28.19,7.72,0,26.75,4.46,0,20.68
Q2_straight_from_the_tap,27.22,0,44.53,49.46,0,50.09,24.69,0,43.26,2.7,0,16.25,28.87,0,45.38
Q2_tap_water_filtered/boiled,27.32,0,44.58,29.39,0,45.64,19.14,0,39.46,3.86,0,19.3,47.62,0,50.02
Q2_bottled_water,34.07,0,47.42,8.6,0,28.09,44.44,0,49.84,90.73,100,29.05,6.55,0,24.77
Q2_public_fountain/natural_spring,11.39,0,31.78,12.54,0,33.18,11.73,0,32.28,2.7,0,16.25,16.96,0,37.59
Q3_I_think_bottled_water_is_safer,17.28,0,37.82,2.87,0,16.72,28.4,0,45.23,45.56,0,49.9,2.08,0,14.3
Q3_I_like_the_taste,26.54,0,44.18,20.79,0,40.65,32.1,0,46.83,33.2,0,47.19,23.51,0,42.47
Q3_I_am_not_connected_to_the_pipe_system,3.09,0,17.31,1.43,0,11.91,4.94,0,21.73,4.63,0,21.06,2.38,0,15.27
Q3_I_have_always_done_like_this,28.96,0,45.38,36.2,0,48.14,25.31,0,43.61,33.59,0,47.32,21.13,0,40.88
Q3_I_trust_the_water_supplier,44.02,0,49.66,64.87,100,47.82,37.04,0,48.44,5.02,0,21.88,60.12,100,49.04
Q3_I_dont_trust_the_water_supplier,11.78,0,32.25,5.73,0,23.29,11.11,0,31.52,21.24,0,40.98,9.82,0,29.8
Q4_zero,53.19,100,49.92,74.91,100,43.43,43.21,0,49.69,6.56,0,24.81,75.89,100,42.84
Q4_less_than_3,19.11,0,39.34,19.71,0,39.85,19.75,0,39.94,18.53,0,38.93,18.75,0,39.09
Q4_more_than_3,25,0,43.32,5.02,0,21.87,35.19,0,47.9,66.41,100,47.32,4.76,0,21.33
Q4_I_dont_know_or_I_dont_remember,2.7,0,16.22,0.36,0,5.99,1.85,0,13.52,8.49,0,27.93,0.6,0,7.7
Q5_Groundwater_is_safer_than_surface_water,49.42,0,50.02,58.78,100,49.31,48.77,0,50.14,46.72,0,49.99,44.05,0,49.72
Q5_Surface_water_is_safer_than_groundwater,3.57,0,18.57,2.87,0,16.72,3.7,0,18.94,4.63,0,21.06,3.27,0,17.82
Q5_Both_surface_and_groundwater_are_equally_safe_sources_of_water,14.09,0,34.81,12.9,0,33.58,10.49,0,30.74,13.9,0,34.66,16.96,0,37.59
Q5_I_dont_know,32.92,0,47.01,25.45,0,43.64,37.04,0,48.44,34.75,0,47.71,35.71,0,47.99
Q6_1,11.29,0,31.67,17.92,0,38.42,14.2,0,35.01,5.02,0,21.88,9.23,0,28.98
Q6_2,19.98,0,40,33.69,0,47.35,20.99,0,40.85,11.97,0,32.52,14.29,0,35.04
Q6_3,34.75,0,47.64,26.88,0,44.41,30.86,0,46.34,32.82,0,47.05,44.64,0,49.79
Q6_4,27.03,0,44.43,17.2,0,37.81,23.46,0,42.5,41.7,0,49.4,25.6,0,43.7
Q6_5,6.95,0,25.44,4.3,0,20.32,10.49,0,30.74,8.49,0,27.93,6.25,0,24.24
Q7_colour,51.16,100,50.01,54.84,100,49.85,53.7,100,50.02,42.47,0,49.53,53.57,100,49.95
Q7_smell,51.45,100,50,54.12,100,49.92,48.77,0,50.14,48.26,0,50.07,52.98,100,49.99
Q7_taste,63.32,100,48.22,64.52,100,47.93,57.41,100,49.6,58.69,100,49.33,68.75,100,46.42
Q7_laboratory_tests_provided_by_my_supplier,26.74,0,44.28,23.66,0,42.57,27.78,0,44.93,29.34,0,45.62,26.79,0,44.35
Q7_never_thought_about_it,17.37,0,37.91,16.13,0,36.85,19.75,0,39.94,22.01,0,41.51,13.69,0,34.43
Q8_No,64.86,100,47.76,69.18,100,46.26,63.58,100,48.27,61,100,48.87,64.88,100,47.81
Q8_Yes,35.14,0,47.76,30.82,0,46.26,36.42,0,48.27,39,0,48.87,35.12,0,47.81
Q9_virus,44.11,0,49.68,41.22,0,49.31,51.23,100,50.14,47.49,0,50.03,40.48,0,49.16
Q9_bacteria,53.67,100,49.89,46.24,0,49.95,61.73,100,48.76,57.14,100,49.58,53.27,100,49.97
Q9_fertilisers,39.29,0,48.86,34.77,0,47.71,41.98,0,49.5,39,0,48.87,41.96,0,49.42
Q9_detergents,32.92,0,47.01,30.11,0,45.95,35.19,0,47.9,35.91,0,48.07,31.85,0,46.66
Q9_nitrate,23.26,0,42.27,16.85,0,37.49,24.69,0,43.26,25.87,0,43.88,25.89,0,43.87
Q9_fluoride,18.44,0,38.8,15.05,0,35.82,18.52,0,38.97,21.62,0,41.25,18.75,0,39.09
Q9_radon,20.08,0,40.08,19.35,0,39.58,22.22,0,41.7,20.85,0,40.7,19.05,0,39.33
Q9_microplastics,66.7,100,47.15,61.29,100,48.8,59.26,100,49.29,72.59,100,44.69,70.24,100,45.79
Q9_antibiotics,29.25,0,45.51,22.94,0,42.12,29.63,0,45.8,33.98,0,47.45,30.65,0,46.17
Q9_heavy_metals,73.84,100,43.97,75.27,100,43.22,67.9,100,46.83,76.06,100,42.75,73.81,100,44.03
Q9_none,1.16,0,10.71,1.79,0,13.29,1.85,0,13.52,0.39,0,6.21,0.89,0,9.42
Q9_pesticides,71.53,100,45.15,66.31,100,47.35,68.52,100,46.59,72.2,100,44.89,76.79,100,42.28
Q10_industries,81.85,100,38.56,81.72,100,38.72,77.16,100,42.11,86.1,100,34.66,80.95,100,39.33
Q10_roads,12.16,0,32.7,15.05,0,35.82,11.73,0,32.28,11.58,0,32.06,10.42,0,30.59
Q10_agricultural_field,35.23,0,47.79,39.07,0,48.88,29.01,0,45.52,32.05,0,46.76,37.5,0,48.48
Q10_landfill,65.06,100,47.7,61.65,100,48.71,67.9,100,46.83,69.5,100,46.13,63.1,100,48.33
Q10_mining_activities,25.29,0,43.49,30.82,0,46.26,21.6,0,41.28,21.24,0,40.98,25.6,0,43.7
Q10_slaughterhouse,9.56,0,29.41,5.73,0,23.29,9.88,0,29.93,10.81,0,31.11,11.61,0,32.08
Q10_livestock_farming,34.94,0,47.7,27.96,0,44.96,33.95,0,47.5,36.68,0,48.29,39.88,0,49.04
Q10_domestic_activities,15.54,0,36.25,14.34,0,35.11,11.11,0,31.52,15.83,0,36.57,18.45,0,38.85
Q10_wind_farms,0.77,0,8.76,0,0,0,2.47,0,15.57,0.77,0,8.77,0.6,0,7.7
Q10_sewage,44.21,0,49.69,36.2,0,48.14,46.91,0,50.06,48.65,0,50.08,46.13,0,49.92
Q10_septic_tanks,12.45,0,33.03,9.32,0,29.12,17.28,0,37.93,16.99,0,37.63,9.23,0,28.98
Q10_none,0.39,0,6.2,0,0,0,1.85,0,13.52,0,0,0,0.3,0,5.46
Q10_wastewater_treatment_plant,22.1,0,41.51,18.28,0,38.72,22.22,0,41.7,26.25,0,44.09,22.02,0,41.5
Q11_No,4.34,0,20.39,0,0,0,27.78,0,44.93,0,0,0,0,0,0
Q11_Yes,95.66,100,20.39,100,100,0,72.22,100,44.93,100,100,0,100,100,0
Q12_soil,75.29,100,43.15,77.42,100,41.89,52.47,100,50.09,77.61,100,41.77,82.74,100,37.85
Q12_drinks,60.42,100,48.92,62.72,100,48.44,37.65,0,48.6,66.02,100,47.45,65.18,100,47.71
Q12_terrestrial_organisms,60.71,100,48.86,63.08,100,48.34,40.12,0,49.17,61.78,100,48.69,67.86,100,46.77
Q12_vegetation,33.98,0,47.39,34.05,0,47.47,14.81,0,35.63,37.84,0,48.59,40.18,0,49.1
Q12_sea/oceans,94.31,100,23.19,98.92,100,10.33,70.99,100,45.52,98.07,100,13.79,98.81,100,10.86
Q12_rivers,86.39,100,34.31,91.4,100,28.09,62.96,100,48.44,88.8,100,31.59,91.67,100,27.68
Q12_lakes,83.11,100,37.49,89.61,100,30.57,59.26,100,49.29,82.63,100,37.96,89.58,100,30.59
Q12_groundwater,61.58,100,48.66,66.31,100,47.35,14.81,0,35.63,68.73,100,46.45,74.7,100,43.54
Q12_aquatic_organisms,83.69,100,36.97,88.89,100,31.48,60.49,100,49.04,85.33,100,35.45,89.29,100,30.98
Q12_food,73.17,100,44.33,76.7,100,42.35,50,50,50.16,76.06,100,42.75,79.17,100,40.67
Q12_none_of_the_above_mentioned,0.39,0,6.2,0.36,0,5.99,0.62,0,7.86,0.39,0,6.21,0.3,0,5.46
Q12_air,33.88,0,47.35,33.33,0,47.23,15.43,0,36.24,35.91,0,48.07,41.67,0,49.37
Q12_empty,4.34,0,20.39,0,0,0,27.78,0,44.93,0,0,0,0,0,0
Q13_roads,33.88,0,47.35,36.56,0,48.25,23.46,0,42.5,35.14,0,47.83,35.71,0,47.99
Q13_agricultural_field,20.56,0,40.43,19.71,0,39.85,7.41,0,26.27,23.94,0,42.75,25,0,43.37
Q13_landfill,81.85,100,38.56,86.38,100,34.36,62.35,100,48.6,88.03,100,32.52,82.74,100,37.85
Q13_mining_activities,16.02,0,36.7,16.13,0,36.85,9.88,0,29.93,18.15,0,38.62,17.26,0,37.85
Q13_slaughterhouse,10.14,0,30.19,7.53,0,26.43,6.79,0,25.24,12.74,0,33.41,11.9,0,32.43
Q13_livestock_farming,16.51,0,37.14,13.98,0,34.74,9.26,0,29.08,20.46,0,40.42,19.05,0,39.33
Q13_domestic_activities,65.73,100,47.48,70.61,100,45.64,48.77,0,50.14,61.78,100,48.69,72.92,100,44.51
Q13_industries,85.52,100,35.21,89.96,100,30.1,61.73,100,48.76,92.28,100,26.75,88.1,100,32.43
Q13_sewage,17.95,0,38.4,13.62,0,34.36,7.41,0,26.27,27.03,0,44.5,19.64,0,39.79
Q13_septic_tanks,11.58,0,32.02,8.6,0,28.09,4.32,0,20.4,16.22,0,36.93,13.99,0,34.74
Q13_clothes,73.46,100,44.18,75.63,100,43.01,48.77,0,50.14,74.52,100,43.66,82.74,100,37.85
Q13_wastewater_treatment_plant,19.02,0,39.26,19.71,0,39.85,7.41,0,26.27,24.71,0,43.22,19.64,0,39.79
Q13_empty,4.34,0,20.39,0,0,0,27.78,0,44.93,0,0,0,0,0,0
Q13_none,0.19,0,4.39,0,0,0,0.62,0,7.86,0,0,0,0.3,0,5.46
Q14_drinking_water,81.85,100,38.56,86.74,100,33.98,53.7,100,50.02,89.19,100,31.11,85.71,100,35.04
Q14_wearing_synthetic_clothes,19.31,0,39.49,10.75,0,31.03,6.79,0,25.24,26.64,0,44.29,26.79,0,44.35
Q14_contact_with_rainwater,7.82,0,26.86,5.02,0,21.87,3.09,0,17.35,13.13,0,33.84,8.33,0,27.68
Q14_swimming_in_the_sea_(skin_contact,16.89,0,37.49,12.54,0,33.18,9.88,0,29.93,22.01,0,41.51,19.94,0,40.01
Q14_eating_contaminated_food,91.51,100,27.89,95.7,100,20.32,68.52,100,46.59,94.59,100,22.66,96.73,100,17.82
Q14_through_placenta,28.57,0,45.2,23.3,0,42.35,14.81,0,35.63,32.82,0,47.05,36.31,0,48.16
Q14_breastfeeding,27.61,0,44.73,26.52,0,44.23,11.73,0,32.28,30.12,0,45.96,34.23,0,47.52
Q14_breathing,33.2,0,47.12,28.32,0,45.13,20.37,0,40.4,34.75,0,47.71,42.26,0,49.47
Q14_empty,4.34,0,20.39,0,0,0,27.78,0,44.93,0,0,0,0,0,0
Q15_1,0.29,0,5.38,0.36,0,5.99,1.23,0,11.08,0,0,0,0,0,0
Q15_2,2.32,0,15.05,3.58,0,18.62,5.56,0,22.98,0.39,0,6.21,1.19,0,10.86
Q15_3,15.35,0,36.06,23.66,0,42.57,16.05,0,36.82,11.58,0,32.06,11.01,0,31.35
Q15_4,41.89,0,49.36,49.1,0,50.08,27.16,0,44.62,42.08,0,49.47,42.86,0,49.56
Q15_5,35.81,0,47.97,23.3,0,42.35,22.22,0,41.7,45.95,0,49.93,44.94,0,49.82
Q15_NaN,4.34,0,20.39,0,0,0,27.78,0,44.93,0,0,0,0,0,0
Q16_allergies,37.74,0,48.5,34.77,0,47.71,22.84,0,42.11,39,0,48.87,46.43,0,49.95
Q16_respiratory_diseases,59.36,100,49.14,59.14,100,49.25,38.89,0,48.9,65.25,100,47.71,64.88,100,47.81
Q16_gastric_diseases,58.59,100,49.28,54.12,100,49.92,43.83,0,49.77,65.64,100,47.58,63.99,100,48.08
Q16_endocrine_disruption,28.57,0,45.2,27.6,0,44.78,13.58,0,34.36,30.5,0,46.13,35.12,0,47.81
Q16_inflammation,53.47,100,49.9,54.12,100,49.92,38.27,0,48.76,55.6,100,49.78,58.63,100,49.32
Q16_infection,28.38,0,45.11,29.03,0,45.47,19.14,0,39.46,29.73,0,45.8,31.25,0,46.42
Q16_cancer,55.79,100,49.69,53.41,100,49.97,35.19,0,47.9,64.09,100,48.07,61.31,100,48.78
Q16_DNA_damage,26.06,0,43.92,21.15,0,40.91,12.96,0,33.69,31.66,0,46.61,32.14,0,46.77
Q16_cell_damage,46.24,0,49.88,42.65,0,49.55,27.16,0,44.62,53.67,100,49.96,52.68,100,50
Q16_none,1.16,0,10.71,0.72,0,8.45,2.47,0,15.57,1.16,0,10.72,0.89,0,9.42
Q16_decreased_reproductive_health,47.68,0,49.97,46.59,0,49.97,32.1,0,46.83,51.35,100,50.08,53.27,100,49.97
Q16_empty,4.34,0,20.39,0,0,0,27.78,0,44.93,0,0,0,0,0,0
Q17_1,0.1,0,3.11,0,0,0,0.62,0,7.86,0,0,0,0,0,0
Q17_2,1.25,0,11.14,2.15,0,14.53,3.7,0,18.94,0.39,0,6.21,0,0,0
Q17_3,5.21,0,22.24,7.89,0,27,6.17,0,24.14,3.47,0,18.35,3.87,0,19.31
Q17_4,25.1,0,43.38,31.54,0,46.55,27.16,0,44.62,22.01,0,41.51,21.13,0,40.88
Q17_5,64,100,48.02,58.42,100,49.37,34.57,0,47.71,74.13,100,43.88,75,100,43.37
Q17_NaN,4.34,0,20.39,0,0,0,27.78,0,44.93,0,0,0,0,0,0
Q18_decrease_biodiversity,73.46,100,44.18,77.06,100,42.12,48.77,0,50.14,74.52,100,43.66,81.55,100,38.85
Q18_loss_of_ecosystem_services,53.47,100,49.9,51.25,100,50.07,32.1,0,46.83,57.14,100,49.58,62.8,100,48.41
Q18_death_of_wildlife,75.39,100,43.1,75.27,100,43.22,51.85,100,50.12,79.15,100,40.7,83.93,100,36.78
Q18_none,0.68,0,8.2,0.72,0,8.45,1.23,0,11.08,0.77,0,8.77,0.3,0,5.46
Q18_health_damages,81.08,100,39.18,81,100,39.3,56.79,100,49.69,86.87,100,33.84,88.39,100,32.08
Q18_empty,4.34,0,20.39,0,0,0,27.78,0,44.93,0,0,0,0,0,0
Q19_complex_target_at_specialists,31.66,0,46.54,28.67,0,45.31,25.93,0,43.96,32.82,0,47.05,36.01,0,48.08
Q19_clear_simple_and_suitable_for_a_non-expert_audience,12.45,0,33.03,11.11,0,31.48,11.11,0,31.52,14.29,0,35.06,12.8,0,33.46
Q19_a_incomplete_and/or_unclear,51.54,100,50,60.22,100,49.03,35.19,0,47.9,52.9,100,50.01,51.19,100,50.06
Q19_empty,4.34,0,20.39,0,0,0,27.78,0,44.93,0,0,0,0,0,0
Q20_ban_on_single_use_plastic,53.86,100,49.87,53.41,100,49.97,41.36,0,49.4,55.98,100,49.74,58.63,100,49.32
Q20_ban_microplastic_addition_in_products,53.28,100,49.92,50.18,100,50.09,39.51,0,49.04,58.3,100,49.4,58.63,100,49.32
Q20_improve_plastic_waste_management,65.25,100,47.64,60.93,100,48.88,50,50,50.16,76.06,100,42.75,67.86,100,46.77
Q20_improve_wastewater_treatment_plant_system,25.58,0,43.65,20.79,0,40.65,19.75,0,39.94,32.82,0,47.05,26.79,0,44.35
Q20_improve_washing_machines_filters,19.21,0,39.41,16.13,0,36.85,14.2,0,35.01,22.78,0,42.02,21.43,0,41.09
Q20_reduce_fast_fashion,55.12,100,49.76,52.33,100,50.04,43.21,0,49.69,55.21,100,49.82,63.1,100,48.33
Q20_restrict_use_of_synthetic_fabric,34.07,0,47.42,27.6,0,44.78,27.78,0,44.93,36.68,0,48.29,40.48,0,49.16
Q20_change_the_composition_of_tyres,14.96,0,35.69,12.9,0,33.58,12.35,0,33,18.15,0,38.62,15.48,0,36.22
Q20_restrict_the_use_of_plastic_mulch_film_in_agriculture,23.65,0,42.51,16.85,0,37.49,19.75,0,39.94,27.41,0,44.69,28.27,0,45.1
Q20_conduct_research_on_microplastics,57.72,100,49.42,59.14,100,49.25,40.74,0,49.29,64.86,100,47.83,59.23,100,49.21
Q20_reduce_plastic_consumption_at_an_individual_level,70.17,100,45.77,71.68,100,45.13,51.85,100,50.12,71.43,100,45.26,76.79,100,42.28
Q20_empty,4.34,0,20.39,0,0,0,27.78,0,44.93,0,0,0,0,0,0
Q21_environment,92.47,100,26.4,94.98,100,21.87,68.52,100,46.59,97.68,100,15.07,97.92,100,14.3
Q21_economy,30.02,0,45.86,26.88,0,44.41,14.2,0,35.01,33.2,0,47.19,37.8,0,48.56
Q21_no_benefits,0.77,0,8.76,0.72,0,8.45,1.23,0,11.08,0.39,0,6.21,0.89,0,9.42
Q21_human_health,86.87,100,33.79,91.04,100,28.61,65.43,100,47.71,89.19,100,31.11,91.96,100,27.23
Q21_empty,4.34,0,20.39,0,0,0,27.78,0,44.93,0,0,0,0,0,0
Q22_No,10.62,0,30.82,0,0,0,67.9,100,46.83,0,0,0,0,0,0
Q22_Yes,85.04,100,35.69,100,100,0,4.32,0,20.4,100,100,0,100,100,0
Q22_empty,4.34,0,20.39,0,0,0,27.78,0,44.93,0,0,0,0,0,0
Q23_No,0.97,0,9.78,0.72,0,8.45,4.32,0,20.4,0.39,0,6.21,0,0,0
Q23_Yes,84.07,100,36.61,99.28,100,8.45,0,0,0,99.61,100,6.21,100,100,0
Q23_empty,14.96,0,35.69,0,0,0,95.68,100,20.4,0,0,0,0,0,0
Q24_decrease_crop_yield,31.85,0,46.61,32.62,0,46.97,0,0,0,39,0,48.87,41.07,0,49.27
Q24_decrease_biodiversity,61.29,100,48.73,64.87,100,47.82,0,0,0,71.43,100,45.26,80.06,100,40.01
Q24_loss_of_ecosystem_services,38.8,0,48.75,38.71,0,48.8,0,0,0,46.72,0,49.99,51.49,100,50.05
Q24_health_damages,74.81,100,43.43,84.23,100,36.51,0,0,0,88.42,100,32.06,92.56,100,26.28
Q24_death_of_wildlife,48.26,0,49.99,46.24,0,49.95,0,0,0,60.62,100,48.95,63.69,100,48.16
Q24_reduce_plant_growth,43.15,0,49.55,44.09,0,49.74,0,0,0,56.37,100,49.69,52.98,100,49.99
Q24_empty,16.51,0,37.14,2.15,0,14.53,100,100,0,1.16,0,10.72,0,0,0
Q25_No,0.97,0,9.78,0.72,0,8.45,3.09,0,17.35,0.77,0,8.77,0.3,0,5.46
Q25_Yes,84.07,100,36.61,99.28,100,8.45,1.23,0,11.08,99.23,100,8.77,99.7,100,5.46
Q25_empty,14.96,0,35.69,0,0,0,95.68,100,20.4,0,0,0,0,0,0
Q26_1,0.39,0,6.2,0.72,0,8.45,0,0,0,0.39,0,6.21,0.3,0,5.46
Q26_2,8.88,0,28.46,14.34,0,35.11,2.47,0,15.57,11.97,0,32.52,5.06,0,21.95
Q26_3,31.56,0,46.5,55.2,100,49.82,1.23,0,11.08,34.36,0,47.58,24.4,0,43.02
Q26_4,25.48,0,43.6,17.92,0,38.42,0,0,0,31.27,0,46.45,39.58,0,48.98
Q26_5,18.73,0,39.03,11.83,0,32.35,0.62,0,7.86,22.01,0,41.51,30.65,0,46.17
Q26_NaN,14.96,0,35.69,0,0,0,95.68,100,20.4,0,0,0,0,0,0
Q27_surface_water,52.7,100,49.95,82.08,100,38.42,3.7,0,18.94,65.64,100,47.58,41.96,0,49.42
Q27_groundwater,9.56,0,29.41,6.81,0,25.24,0.62,0,7.86,8.49,0,27.93,16.96,0,37.59
Q27_equally_concentrated,22.78,0,41.96,11.11,0,31.48,0,0,0,25.87,0,43.88,41.07,0,49.27
Q27_empty,14.96,0,35.69,0,0,0,95.68,100,20.4,0,0,0,0,0,0
Q28_plastic_move_slower_in_groundwater_than_in_rivers,24.42,0,42.98,27.24,0,44.6,1.85,0,13.52,27.41,0,44.69,30.65,0,46.17
Q28_plastic_in_rivers_reach_the_ocean_faster,25.77,0,43.76,34.41,0,47.59,1.85,0,13.52,33.2,0,47.19,24.4,0,43.02
Q28_plastic_stuck_in_sediments_can_be_remobilised_by_river_flow,35.71,0,47.94,38.35,0,48.71,0.62,0,7.86,41.31,0,49.33,46.13,0,49.92
Q28_plastics_get_stuck_in_the_soil,32.34,0,46.8,37.99,0,48.62,1.85,0,13.52,34.75,0,47.71,40.48,0,49.16
Q28_empty,14.96,0,35.69,0,0,0,95.68,100,20.4,0,0,0,0,0,0
Q29_No,16.7,0,37.31,24.01,0,42.79,1.85,0,13.52,17.76,0,38.29,16.96,0,37.59
Q29_Yes,68.34,100,46.54,75.99,100,42.79,2.47,0,15.57,82.24,100,38.29,83.04,100,37.59
Q29_empty,14.96,0,35.69,0,0,0,95.68,100,20.4,0,0,0,0,0,0
Q30_No,28.67,0,45.24,28.32,0,45.13,30.86,0,46.34,30.12,0,45.96,26.79,0,44.35
Q30_Yes,42.57,0,49.47,32.26,0,46.83,45.68,0,49.97,41.31,0,49.33,50.6,100,50.07
Q30_empty,28.76,0,45.29,39.43,0,48.96,23.46,0,42.5,28.57,0,45.26,22.62,0,41.9
gender_female,55.02,100,49.77,17.2,0,37.81,54.94,100,49.91,64.09,100,48.07,79.46,100,40.46
gender_male,40.93,0,49.19,77.78,100,41.65,42.59,0,49.6,30.5,0,46.13,17.56,0,38.1
gender_non-binary,1.45,0,11.95,2.87,0,16.72,0.62,0,7.86,1.54,0,12.35,0.6,0,7.7
gender_prefer_not_to_say,2.61,0,15.94,2.15,0,14.53,1.85,0,13.52,3.86,0,19.3,2.38,0,15.27
age_less_than_18,0.19,0,4.39,0,0,0,0,0,0,0,0,0,0.6,0,7.7
age_19-30,46.62,0,49.91,58.42,100,49.37,41.36,0,49.4,50.58,100,50.09,36.31,0,48.16
age_31-40,14.38,0,35.11,11.47,0,31.92,11.11,0,31.52,14.67,0,35.45,18.15,0,38.6
age_41-55,21.62,0,41.19,16.13,0,36.85,26.54,0,44.29,21.62,0,41.25,23.81,0,42.66
age_56-65,15.06,0,35.78,11.83,0,32.35,18.52,0,38.97,11.97,0,32.52,18.45,0,38.85
age_over_65,2.12,0,14.42,2.15,0,14.53,2.47,0,15.57,1.16,0,10.72,2.68,0,16.17
educational_level_primary_school,0.97,0,9.78,0,0,0,1.23,0,11.08,2.32,0,15.07,0.6,0,7.7
educational_level_high_school,33.69,0,47.29,30.82,0,46.26,41.36,0,49.4,35.14,0,47.83,31.25,0,46.42
educational_level_bachelors_degree,18.53,0,38.88,19,0,39.3,16.05,0,36.82,18.53,0,38.93,19.35,0,39.56
educational_level_masters_degree,28.09,0,44.96,30.82,0,46.26,26.54,0,44.29,25.87,0,43.88,28.27,0,45.1
educational_level_PhD_or_equivalent,18.73,0,39.03,19.35,0,39.58,14.81,0,35.63,18.15,0,38.62,20.54,0,40.46