Cluster,Metric,Q1,Q5,Q8,Q11,Q12,Q13,Q14,Q16,Q18,Q22,Q26,Q27,knowledge_score,Q3,Q9,Q10,Q19,Q21,Q29,attitude_score,Q2,Q4,Q7,Q20,practice_score,Q6,Q15,Q17,Q23,Q24,Q25,risk_score,gender_female,gender_male,gender_non-binary,gender_prefer_not_to_say,age_less_than_18,age_19-30,age_31-40,age_41-55,age_56-65,age_over_65,educational_level_primary_school,educational_level_high_school,educational_level_bachelors_degree,educational_level_masters_degree,educational_level_PhD_or_equivalent
Whole sample,count,979,695,364,991,638,911,497,829,671,881,460,546,0.735,422,809,948,862,983,708,0.78,282,551,856,878,0.705,360,159,54,0,0,0,0.822,570,424,15,27,2,483,149,224,156,22,10,349,192,291,194
,percentage,94%,67%,35%,96%,62%,88%,48%,80%,65%,85%,44%,53%,,41%,78%,92%,83%,95%,68%,,27%,53%,83%,85%,,35%,15%,5%,0%,0%,0%,,55%,41%,1%,3%,0%,47%,14%,22%,15%,2%,1%,34%,19%,28%,19%
Cluster 0,count,271,208,86,279,185,254,116,227,178,279,83,229,0.788,169,215,260,248,277,212,0.833,138,209,234,251,0.833,75,66,22,0,0,0,0.871,48,217,8,6,0,163,32,45,33,6,0,86,53,86,54
,percentage,97%,75%,31%,100%,66%,91%,42%,81%,64%,100%,30%,82%,,61%,77%,93%,89%,99%,76%,,49%,75%,84%,90%,,27%,24%,8%,0%,0%,0%,,17%,78%,3%,2%,0%,58%,11%,16%,12%,2%,0%,31%,19%,31%,19%
Cluster 1,count,148,102,59,117,24,102,37,88,61,7,1,6,0.431,52,121,141,99,115,4,0.583,40,70,130,99,0.62,50,26,10,0,0,0,0.359,89,69,1,3,0,67,18,43,30,4,2,67,26,43,24
,percentage,91%,63%,36%,72%,15%,63%,23%,54%,38%,4%,1%,4%,,32%,75%,87%,61%,71%,2%,,25%,43%,80%,61%,,31%,16%,6%,0%,0%,0%,,55%,43%,1%,2%,0%,41%,11%,27%,19%,2%,1%,41%,16%,27%,15%
Cluster 2,count,239,169,101,259,178,240,136,208,175,259,139,170,0.788,15,212,232,222,258,213,0.761,7,17,202,220,0.474,85,30,9,0,0,0,0.928,166,79,4,10,0,131,38,56,31,3,6,91,48,67,47
,percentage,92%,65%,39%,100%,69%,93%,53%,80%,68%,100%,54%,66%,,6%,82%,90%,86%,100%,82%,,3%,7%,78%,85%,,33%,12%,3%,0%,0%,0%,,64%,31%,2%,4%,0%,51%,15%,22%,12%,1%,2%,35%,19%,26%,18%
Cluster 3,count,321,216,118,336,251,315,208,306,257,336,237,141,0.795,186,261,315,293,333,279,0.845,97,255,290,308,0.819,150,37,13,0,0,0,0.924,267,59,2,8,2,122,61,80,62,9,2,105,65,95,69
,percentage,96%,64%,35%,100%,75%,94%,62%,91%,76%,100%,71%,42%,,55%,78%,94%,87%,99%,83%,,29%,76%,86%,92%,,45%,11%,4%,0%,0%,0%,,79%,18%,1%,2%,1%,36%,18%,24%,18%,3%,1%,31%,19%,28%,21%
