Group,Variable,Knowledge rho,Knowledge p,Attitude rho,Attitude p,Practice rho,Practice p
Whole sample,risk_score,0.5116,3.5840731209e-70,0.3278,2.2112400445e-27,0.0452,1.4625261105e-01
Whole sample,Q6,0.0952,2.1510758684e-03,-0.0496,1.1057670363e-01,-0.1164,1.7390688673e-04
Whole sample,Q15,0.3016,3.1401134060e-23,0.2639,5.8093878008e-18,0.0638,4.0130579583e-02
Whole sample,Q17,0.3107,1.2701630832e-24,0.3026,2.1890626161e-23,0.1383,7.9245544338e-06
Whole sample,Q23,0.58,3.6142177889e-94,0.4778,3.3575979227e-60,0.1657,8.0887827335e-08
Whole sample,Q24,0.5382,7.5077500248e-79,0.3831,1.4606644682e-37,0.1248,5.6241492183e-05
Whole sample,Q25,0.578,2.2212705505e-93,0.4708,2.7967936745e-58,0.1619,1.6037023140e-07
Cluster 0,risk_score,0.2666,6.3321375109e-06,0.1386,2.0579254506e-02,0.0474,4.3080637965e-01
Cluster 0,Q6,0.1381,2.1018731026e-02,0.0412,4.9326284741e-01,0.0483,4.2151114650e-01
Cluster 0,Q15,0.1825,2.2111482320e-03,0.2128,3.4475080815e-04,0.0047,9.3776672948e-01
Cluster 0,Q17,0.0867,1.4868399956e-01,0.1437,1.6343862612e-02,0.054,3.6872790871e-01
Cluster 0,Q23,-0.0269,6.5475803611e-01,-0.0296,6.2196595421e-01,-0.0215,7.2116273106e-01
Cluster 0,Q24,0.2061,5.3114226660e-04,0.036,5.4979829492e-01,-0.0431,4.7305994774e-01
Cluster 0,Q25,-0.0269,6.5475803611e-01,0.0473,4.3106857311e-01,-0.0666,2.6767856438e-01
Cluster 1,risk_score,0.5572,1.3454974470e-14,0.511,3.7087047901e-12,0.3207,3.1810563087e-05
Cluster 1,Q6,-0.0361,6.4858829414e-01,-0.0765,3.3297628430e-01,-0.041,6.0419667570e-01
Cluster 1,Q15,0.6064,1.2120972784e-17,0.5904,1.3526569344e-16,0.3532,4.0327950453e-06
Cluster 1,Q17,0.6684,2.5336176701e-22,0.7012,2.7567412678e-25,0.4012,1.2186661728e-07
Cluster 1,Q23,,nan,,nan,,nan
Cluster 1,Q24,,nan,,nan,,nan
Cluster 1,Q25,0.1876,1.6843177265e-02,0.0484,5.4081336107e-01,0.0678,3.9127070468e-01
Cluster 2,risk_score,0.3218,1.1906891082e-07,0.0997,1.0943444436e-01,0.2012,1.1341243231e-03
Cluster 2,Q6,0.2081,7.5105923363e-04,0.0013,9.8340254453e-01,0.1773,4.2124309936e-03
Cluster 2,Q15,0.1478,1.7323950100e-02,0.065,2.9708958658e-01,0.0288,6.4498958676e-01
Cluster 2,Q17,0.1682,6.6721169163e-03,0.1152,6.4197931671e-02,0.0393,5.2883420372e-01
Cluster 2,Q23,-0.034,5.8567323956e-01,0.0743,2.3334472282e-01,0.0637,3.0729568862e-01
Cluster 2,Q24,0.2821,4.0011446395e-06,0.0982,1.1497216652e-01,0.1231,4.7802874095e-02
Cluster 2,Q25,-0.0705,2.5801760128e-01,-0.0299,6.3235988601e-01,-0.0648,2.9873890563e-01
Cluster 3,risk_score,0.1195,2.8518221320e-02,-0.0012,9.8225055281e-01,-0.0035,9.4896728477e-01
Cluster 3,Q6,0.0756,1.6662410304e-01,-0.0133,8.0811749277e-01,0.0399,4.6555736797e-01
Cluster 3,Q15,0.0811,1.3804367855e-01,0.045,4.1117146577e-01,-0.0307,5.7465788063e-01
Cluster 3,Q17,0.0284,6.0412153026e-01,-0.0563,3.0348627822e-01,-0.0388,4.7850224361e-01
Cluster 3,Q23,,nan,,nan,,nan
Cluster 3,Q24,0.1246,2.2389653313e-02,0.0099,8.5626064702e-01,-0.0451,4.1023402684e-01
Cluster 3,Q25,0.0329,5.4747548368e-01,-0.0418,4.4460453740e-01,-0.0245,6.5404427115e-01
