cluster_1,cluster_2,p_adj,Question
0,0,1.0,Q20
1,0,1.0,Q20
2,0,1.0,Q20
3,0,9.350273986808026e-51,Q20
4,0,1.0,Q20
5,0,1.0,Q20
0,1,1.0,Q20
1,1,1.0,Q20
2,1,1.0,Q20
3,1,2.0857311756839633e-45,Q20
4,1,1.0,Q20
5,1,1.0,Q20
0,2,1.0,Q20
1,2,1.0,Q20
2,2,1.0,Q20
3,2,1.3455318137521358e-52,Q20
4,2,0.9002136119336284,Q20
5,2,0.9002136119336284,Q20
0,3,9.350273986808026e-51,Q20
1,3,2.0857311756839633e-45,Q20
2,3,1.3455318137521358e-52,Q20
3,3,1.0,Q20
4,3,1.4882869301948857e-38,Q20
5,3,9.59044063605492e-47,Q20
0,4,1.0,Q20
1,4,1.0,Q20
2,4,0.9002136119336284,Q20
3,4,1.4882869301948857e-38,Q20
4,4,1.0,Q20
5,4,1.0,Q20
0,5,1.0,Q20
1,5,1.0,Q20
2,5,0.9002136119336284,Q20
3,5,9.59044063605492e-47,Q20
4,5,1.0,Q20
5,5,1.0,Q20
