Reference,Question,Spearman_rho,p_value
Knowledge,Q2,0.10811634160045268,0.0004903791971946083
Attitude,Q2,0.019063746037950226,0.5399299992898088
Knowledge,Q3,0.11489445464842596,0.0002106275568656271
Attitude,Q3,0.010946706549911731,0.7248935162685876
Knowledge,Q4,0.09801741570711837,0.0015848430044448879
Attitude,Q4,0.06557007887623938,0.034839026354247
Knowledge,Q7,0.06556032175652836,0.034866128129277404
Attitude,Q7,0.12160312114281019,8.713449458461391e-05
Knowledge,Q20,0.12225951483952234,7.97269543947227e-05
Attitude,Q20,0.16900126385574482,4.4378540961704e-08
Knowledge,Q30,-0.011752729647943081,0.7055487598863995
Attitude,Q30,0.0005828528120898053,0.9850504249528642
