Group,Variable_1,Variable_2,Spearman_rho,p_value,N,CI_95_lower,CI_95_upper
Whole sample,knowledge_score,attitude_score,0.367,0.0,1036,0.309,0.425
Whole sample,practice_score,knowledge_score,0.152,1e-06,1036,0.09,0.213
Whole sample,practice_score,attitude_score,0.342,0.0,1036,0.288,0.395
Whole sample,risk_score,knowledge_score,0.512,0.0,1036,0.457,0.563
Whole sample,risk_score,attitude_score,0.328,0.0,1036,0.268,0.385
Whole sample,risk_score,practice_score,0.045,0.146253,1036,,
Cluster 0,knowledge_score,attitude_score,0.084,0.161522,279,,
Cluster 0,practice_score,knowledge_score,0.007,0.907449,279,,
Cluster 0,practice_score,attitude_score,0.109,0.069119,279,,
Cluster 0,risk_score,knowledge_score,0.267,6e-06,279,0.147,0.376
Cluster 0,risk_score,attitude_score,0.139,0.020579,279,,
Cluster 0,risk_score,practice_score,0.047,0.430806,279,,
Cluster 1,knowledge_score,attitude_score,0.611,0.0,162,0.48,0.714
Cluster 1,practice_score,knowledge_score,0.38,1e-06,162,0.242,0.506
Cluster 1,practice_score,attitude_score,0.597,0.0,162,0.479,0.702
Cluster 1,risk_score,knowledge_score,0.557,0.0,162,0.419,0.677
Cluster 1,risk_score,attitude_score,0.511,0.0,162,0.374,0.622
Cluster 1,risk_score,practice_score,0.321,3.2e-05,162,0.186,0.447
Cluster 2,knowledge_score,attitude_score,0.129,0.037841,259,,
Cluster 2,practice_score,knowledge_score,0.075,0.231308,259,,
Cluster 2,practice_score,attitude_score,0.084,0.175666,259,,
Cluster 2,risk_score,knowledge_score,0.322,0.0,259,0.206,0.43
Cluster 2,risk_score,attitude_score,0.1,0.109434,259,,
Cluster 2,risk_score,practice_score,0.201,0.001134,259,,
Cluster 3,knowledge_score,attitude_score,0.126,0.020846,336,,
Cluster 3,practice_score,knowledge_score,0.129,0.018142,336,,
Cluster 3,practice_score,attitude_score,-0.024,0.667234,336,,
Cluster 3,risk_score,knowledge_score,0.119,0.028518,336,,
Cluster 3,risk_score,attitude_score,-0.001,0.982251,336,,
Cluster 3,risk_score,practice_score,-0.004,0.948967,336,,
