respondent_id,Q8,Q9,Q10,Q14,Q19,Q21,Q24,Q29,attitude_composite,Cluster
1,2,1,2,2,2,2,2,2,0.9375,1
2,2,1,2,2,2,2,2,2,0.9375,1
3,2,1,2,2,1,2,2,2,0.875,1
4,2,2,2,2,1,2,2,2,0.9375,3
5,0,2,2,1,2,2,2,2,0.8125,2
6,0,1,2,2,2,2,2,2,0.8125,1
7,2,2,2,1,1,2,2,2,0.875,1
9,2,2,2,1,1,2,0,0,0.625,2
11,2,2,2,2,1,1,2,2,0.875,1
14,0,0,1,1,1,1,2,2,0.5,2
16,0,1,2,2,1,1,1,2,0.625,2
17,0,1,2,2,1,1,2,2,0.6875,2
19,0,2,2,1,2,1,2,0,0.625,1
21,2,2,2,2,2,2,2,2,1,3
47,0,2,2,2,1,2,2,2,0.8125,3
50,2,2,2,2,1,1,2,2,0.875,1
55,0,2,1,2,1,1,1,2,0.625,3
77,0,1,1,1,1,1,2,2,0.5625,1
78,0,2,2,2,1,1,1,2,0.6875,1
79,2,2,2,2,1,2,1,2,0.875,3
80,2,2,2,2,1,2,2,2,0.9375,1
81,0,1,2,2,1,1,2,2,0.6875,1
82,2,2,2,0,0,0,0,0,0.375,0
83,2,1,2,2,1,2,1,2,0.8125,2
84,2,1,1,1,1,1,1,2,0.625,2
85,2,2,2,1,2,1,1,2,0.8125,1
86,0,2,2,2,1,1,2,2,0.75,1
87,2,2,2,1,2,2,0,0,0.6875,1
88,2,2,2,2,2,1,1,0,0.75,2
89,2,2,2,2,2,1,2,2,0.9375,1
90,2,2,2,1,1,1,2,2,0.8125,1
91,2,2,2,1,1,1,2,2,0.8125,3
92,0,1,2,0,2,2,2,2,0.6875,1
93,0,2,2,1,1,1,1,2,0.625,2
94,2,2,2,2,2,2,2,2,1,1
95,0,2,2,2,2,1,1,2,0.75,2
96,0,2,2,1,1,2,2,2,0.75,1
97,0,1,2,2,1,2,2,2,0.75,1
98,2,2,1,2,2,2,2,2,0.9375,2
99,0,2,2,2,2,2,2,2,0.875,1
100,2,2,2,2,2,1,1,2,0.875,3
101,2,1,2,2,2,2,2,2,0.9375,1
102,0,2,2,1,2,1,2,2,0.75,1
103,2,1,2,2,2,2,2,2,0.9375,3
104,2,2,2,2,1,1,0,0,0.625,1
105,2,2,2,1,2,1,1,2,0.8125,2
106,2,1,2,1,1,1,0,0,0.5,1
107,2,2,1,1,1,1,0,0,0.5,2
108,0,2,2,2,2,2,2,0,0.75,1
109,2,2,2,2,1,2,2,2,0.9375,1
110,2,2,2,1,1,1,2,2,0.8125,3
111,0,2,1,1,2,1,1,2,0.625,3
112,2,2,2,1,2,1,1,2,0.8125,2
113,2,2,1,2,2,2,1,0,0.75,3
114,0,2,2,1,1,2,2,2,0.75,1
115,0,2,2,1,2,1,2,2,0.75,1
116,0,1,2,1,1,1,2,2,0.625,1
117,2,1,2,1,1,2,2,0,0.6875,2
118,2,2,2,1,1,1,1,2,0.75,3
119,0,2,2,2,1,1,2,2,0.75,1
120,2,1,2,1,1,2,2,2,0.8125,1
121,0,2,2,1,1,1,2,2,0.6875,1
122,2,2,2,2,1,1,2,2,0.875,1
123,0,2,2,2,1,2,2,2,0.8125,1
124,0,2,1,1,1,1,1,2,0.5625,2
125,0,2,2,1,2,1,2,0,0.625,1
126,0,1,1,1,1,1,2,0,0.4375,1
127,0,0,0,0,0,0,0,0,0,0
128,2,2,2,2,1,1,0,0,0.625,3
129,2,2,2,0,0,0,0,0,0.375,0
130,2,0,0,0,0,0,0,0,0.125,0
131,2,2,2,1,1,1,0,0,0.5625,1
132,2,2,2,2,1,1,2,2,0.875,1
133,0,2,2,1,1,2,2,2,0.75,1
134,2,2,2,1,2,2,2,2,0.9375,1
135,0,2,2,1,2,1,2,2,0.75,1
136,0,2,2,1,1,2,2,2,0.75,1
137,2,2,2,2,1,2,2,0,0.8125,1
138,2,2,0,1,1,1,2,0,0.5625,2
139,0,2,1,1,1,1,2,2,0.625,2
140,0,1,1,1,1,1,2,2,0.5625,2
141,0,0,2,2,1,1,2,2,0.625,1
142,0,2,2,2,1,1,2,2,0.75,3
143,0,2,2,1,1,1,2,2,0.6875,2
144,0,2,2,2,2,1,0,0,0.5625,1
145,0,1,2,0,0,0,0,0,0.1875,0
146,2,2,2,2,2,2,2,0,0.875,1
147,2,2,2,1,2,2,2,2,0.9375,1
148,2,1,2,2,2,1,2,2,0.875,1
149,0,1,2,1,1,0,0,0,0.3125,1
150,0,2,1,1,2,2,2,2,0.75,1
151,0,1,2,2,1,2,2,2,0.75,1
152,2,1,2,1,2,2,0,0,0.625,2
153,2,2,2,1,2,1,0,0,0.625,2
154,0,2,2,2,1,2,1,0,0.625,2
155,0,2,2,0,0,0,0,0,0.25,0
156,0,0,1,1,1,1,1,2,0.4375,2
157,2,2,2,1,2,1,0,0,0.625,1
158,0,2,2,0,1,1,1,2,0.5625,2
159,0,2,2,1,1,1,1,2,0.625,3
160,0,2,2,2,2,2,2,0,0.75,1
161,0,2,2,2,1,1,0,0,0.5,1
162,0,2,2,2,2,1,2,0,0.6875,3
163,0,2,2,2,1,2,2,2,0.8125,2
164,0,1,2,2,1,2,1,2,0.6875,3
165,0,2,2,1,1,2,2,2,0.75,1
166,0,2,2,2,1,1,1,0,0.5625,2
167,2,2,2,1,2,1,1,2,0.8125,1
168,0,2,2,1,1,1,2,0,0.5625,3
169,2,2,2,1,1,1,0,0,0.5625,1
171,0,2,2,0,0,0,0,0,0.25,0
172,2,2,2,1,2,2,2,2,0.9375,1
173,0,2,2,1,1,1,1,0,0.5,1
174,0,1,2,0,0,0,0,0,0.1875,0
175,2,1,2,0,1,1,0,0,0.4375,1
176,2,2,2,2,2,2,2,2,1,3
177,0,2,2,2,2,2,2,2,0.875,1
178,2,1,2,2,1,1,1,0,0.625,1
179,0,2,2,2,1,2,1,2,0.75,2
180,2,2,2,2,1,1,1,2,0.8125,2
181,0,2,2,2,1,1,2,2,0.75,1
182,0,2,2,1,1,1,2,2,0.6875,2
183,2,2,2,2,1,1,1,2,0.8125,3
184,0,1,2,2,1,1,2,0,0.5625,3
185,2,1,2,2,2,2,2,2,0.9375,1
186,0,2,2,2,1,1,2,2,0.75,1
187,0,2,2,2,2,1,2,2,0.8125,1
188,0,2,1,2,1,1,2,2,0.6875,3
189,0,1,2,1,1,1,2,2,0.625,1
190,0,2,2,2,1,2,2,2,0.8125,1
191,0,2,2,2,2,1,0,0,0.5625,2
192,0,2,2,2,1,0,2,2,0.6875,1
193,2,2,2,2,1,1,2,2,0.875,1
194,2,1,1,1,1,1,0,0,0.4375,2
195,0,2,2,2,2,1,2,2,0.8125,2
196,0,2,2,2,2,1,2,2,0.8125,3
197,0,2,2,2,2,1,2,2,0.8125,1
198,2,2,2,1,2,1,2,2,0.875,1
199,0,2,2,1,1,1,0,0,0.4375,1
200,0,2,2,2,1,1,1,0,0.5625,2
201,0,2,2,2,2,2,2,0,0.75,1
202,0,2,2,1,1,1,2,2,0.6875,1
203,2,2,2,1,2,1,2,2,0.875,2
204,0,2,2,1,1,2,2,2,0.75,1
205,0,2,2,1,1,2,2,0,0.625,2
206,2,2,2,2,1,1,2,2,0.875,1
207,0,2,2,1,1,2,2,2,0.75,3
208,0,2,1,2,1,2,2,0,0.625,3
209,2,1,2,2,1,2,2,0,0.75,1
210,0,2,2,1,1,1,2,0,0.5625,3
211,0,2,2,2,1,2,2,2,0.8125,2
212,2,2,2,1,2,1,2,2,0.875,3
213,0,2,2,2,1,1,1,2,0.6875,2
214,2,1,1,1,1,1,0,2,0.5625,2
215,0,2,1,2,2,2,2,2,0.8125,1
216,2,2,2,1,1,2,2,2,0.875,1
217,0,2,2,1,1,2,2,2,0.75,1
218,0,2,1,2,2,2,1,2,0.75,2
219,2,2,2,2,1,1,1,2,0.8125,2
220,2,2,2,1,1,1,2,0,0.6875,2
221,0,0,2,1,1,1,2,2,0.5625,1
222,0,2,1,1,2,1,1,0,0.5,2
223,0,2,2,1,1,2,2,2,0.75,3
224,0,2,2,1,2,1,1,2,0.6875,2
225,0,2,2,2,1,1,2,2,0.75,3
226,0,2,1,2,1,1,2,2,0.6875,3
227,2,2,2,1,2,1,2,2,0.875,2
228,0,2,1,1,1,1,2,0,0.5,1
229,0,2,2,1,2,1,1,2,0.6875,2
230,0,2,2,1,1,1,2,2,0.6875,2
231,0,2,2,1,2,1,0,2,0.625,2
232,0,2,1,1,2,0,1,2,0.5625,2
233,0,2,1,2,1,1,2,2,0.6875,1
234,2,1,2,1,1,2,2,2,0.8125,2
235,0,2,2,1,1,1,2,2,0.6875,1
236,0,2,2,2,1,1,2,2,0.75,2
237,0,1,2,2,1,1,1,2,0.625,2
238,2,2,2,1,2,2,0,0,0.6875,1
239,2,2,2,1,2,2,1,2,0.875,1
240,0,2,2,2,2,1,2,2,0.8125,1
241,2,2,2,1,1,1,2,2,0.8125,2
242,0,1,2,1,2,2,1,2,0.6875,2
243,0,2,2,1,1,1,2,2,0.6875,1
244,0,2,2,0,0,0,0,0,0.25,0
245,0,2,2,2,2,1,2,2,0.8125,1
246,0,1,2,1,1,2,2,2,0.6875,1
247,0,2,2,2,1,1,2,2,0.75,1
248,0,2,2,1,1,2,2,2,0.75,1
249,0,2,2,2,1,2,2,2,0.8125,1
250,2,2,2,0,1,1,2,2,0.75,1
251,2,2,2,2,1,1,2,2,0.875,2
252,2,1,2,0,1,1,2,2,0.6875,1
253,0,2,2,2,1,2,0,0,0.5625,1
254,0,1,1,0,0,0,0,0,0.125,0
255,0,2,1,1,2,1,2,2,0.6875,3
256,2,2,2,2,1,1,2,0,0.75,1
257,0,2,2,2,1,2,2,2,0.8125,1
258,0,1,2,2,1,1,1,2,0.625,2
259,0,2,2,1,1,1,0,0,0.4375,2
260,0,2,2,1,1,2,2,2,0.75,1
261,2,2,2,1,1,2,2,2,0.875,3
262,0,2,2,2,2,2,2,2,0.875,1
263,2,2,2,1,2,2,1,2,0.875,2
264,2,1,2,1,2,1,2,2,0.8125,3
265,2,2,2,1,1,1,1,2,0.75,1
266,2,2,2,1,2,1,2,2,0.875,3
267,2,1,2,1,1,1,1,0,0.5625,2
268,2,1,2,1,1,1,1,0,0.5625,2
269,0,1,2,2,1,2,2,2,0.75,1
270,0,2,2,2,1,2,2,2,0.8125,1
271,0,2,2,2,2,1,2,2,0.8125,3
272,0,2,2,1,1,2,2,2,0.75,1
273,0,2,1,1,1,1,0,0,0.375,1
274,0,2,2,2,1,1,2,2,0.75,3
275,2,2,2,2,1,2,2,2,0.9375,3
276,2,2,2,2,1,2,2,2,0.9375,1
277,0,2,2,0,2,2,2,2,0.75,1
278,0,2,2,2,2,2,2,2,0.875,2
279,0,2,2,2,1,2,2,2,0.8125,1
280,2,2,2,1,1,1,2,2,0.8125,3
281,0,2,2,2,1,1,2,0,0.625,3
282,0,1,1,1,1,1,1,2,0.5,2
283,2,1,2,1,2,1,0,2,0.6875,2
284,2,2,2,2,1,1,2,2,0.875,1
285,0,2,2,2,1,1,2,2,0.75,3
286,0,2,2,1,1,1,1,2,0.625,2
287,2,2,2,1,1,1,0,0,0.5625,2
288,0,1,2,1,1,1,1,2,0.5625,2
289,0,2,2,2,1,1,2,2,0.75,3
290,2,1,1,2,1,2,2,2,0.8125,3
291,2,1,1,1,1,2,2,2,0.75,2
292,0,1,2,2,2,1,0,2,0.625,2
293,2,2,2,2,1,1,2,0,0.75,1
294,0,2,2,1,1,2,1,0,0.5625,2
295,0,2,2,2,1,1,2,0,0.625,2
296,0,1,2,1,1,1,1,0,0.4375,2
297,2,2,2,2,1,1,2,0,0.75,1
298,2,2,2,1,1,1,1,2,0.75,2
299,2,2,2,1,2,2,2,2,0.9375,1
300,2,2,2,1,1,1,0,0,0.5625,2
301,2,2,2,2,1,1,1,2,0.8125,2
302,0,2,2,1,1,1,1,2,0.625,3
303,2,2,2,1,2,1,0,0,0.625,2
304,2,1,2,1,1,1,0,0,0.5,2
305,0,2,1,1,1,1,0,0,0.375,2
306,2,2,2,1,1,1,1,0,0.625,2
307,2,1,2,2,1,2,2,2,0.875,3
308,0,2,2,1,1,1,1,2,0.625,3
309,2,2,2,1,1,1,1,0,0.625,2
310,2,2,1,1,1,2,2,2,0.8125,2
311,0,2,2,0,0,0,0,0,0.25,0
312,2,2,2,1,1,1,1,2,0.75,1
313,0,2,2,2,1,1,2,2,0.75,3
314,2,1,2,1,2,1,2,2,0.8125,1
315,2,2,2,1,1,1,1,2,0.75,2
316,0,2,2,2,2,2,2,0,0.75,1
317,0,2,2,1,1,2,2,2,0.75,3
318,2,1,2,2,1,1,2,2,0.8125,3
319,2,2,2,1,1,2,1,2,0.8125,3
320,2,1,2,1,1,2,1,2,0.75,2
321,0,1,2,2,2,2,1,2,0.75,2
322,0,2,2,1,1,1,2,2,0.6875,3
323,2,2,2,1,2,1,0,0,0.625,2
324,2,1,2,2,1,2,2,2,0.875,3
325,2,2,2,1,2,2,2,2,0.9375,1
326,2,2,2,1,1,1,1,2,0.75,1
327,0,1,2,1,1,2,2,2,0.6875,1
328,0,2,2,1,1,2,2,2,0.75,1
329,2,2,2,0,0,0,0,0,0.375,0
330,0,2,2,1,1,2,2,2,0.75,3
331,2,2,2,2,2,2,2,2,1,3
332,2,1,2,1,2,2,2,0,0.75,3
333,0,2,2,2,2,1,2,2,0.8125,3
334,0,2,2,1,2,1,1,0,0.5625,2
335,2,2,1,2,1,1,2,2,0.8125,2
336,0,2,2,1,2,1,0,0,0.5,2
337,0,2,2,1,1,1,2,0,0.5625,2
338,0,1,1,2,1,2,2,0,0.5625,2
339,0,2,2,2,1,1,2,2,0.75,3
340,0,1,2,1,1,1,2,2,0.625,3
341,2,2,2,0,1,1,2,2,0.75,1
342,2,2,2,2,1,1,1,0,0.6875,1
343,0,2,1,1,2,1,0,0,0.4375,1
344,0,1,2,1,1,1,2,2,0.625,3
345,0,2,2,1,2,2,2,2,0.8125,3
346,0,2,2,0,0,0,0,0,0.25,0
347,0,2,2,1,2,1,0,0,0.5,2
348,0,2,2,1,1,1,1,2,0.625,1
349,0,2,2,2,1,1,0,0,0.5,1
350,2,2,2,0,0,0,0,0,0.375,0
351,0,2,2,2,2,1,1,2,0.75,3
352,2,2,2,2,1,2,2,2,0.9375,1
353,2,2,2,1,2,1,2,0,0.75,3
354,2,2,2,2,1,2,2,2,0.9375,1
355,2,1,2,1,1,1,1,2,0.6875,2
356,2,2,2,2,1,1,1,2,0.8125,2
357,0,2,2,2,2,1,2,2,0.8125,1
358,2,2,2,2,1,1,2,2,0.875,1
359,2,2,2,1,1,2,2,2,0.875,1
360,0,2,2,2,1,1,2,2,0.75,1
361,2,1,2,2,1,1,1,2,0.75,2
362,2,2,2,1,2,1,1,2,0.8125,2
363,0,2,2,0,0,0,0,0,0.25,0
364,2,1,2,2,2,1,2,2,0.875,1
365,0,1,2,2,1,1,1,2,0.625,2
366,0,2,2,2,1,1,2,0,0.625,2
367,0,2,1,1,1,1,0,0,0.375,2
369,0,2,2,1,2,1,1,2,0.6875,2
370,2,2,2,0,0,0,0,0,0.375,0
371,0,1,2,1,1,1,1,0,0.4375,2
372,0,2,2,1,1,2,2,2,0.75,2
373,0,2,2,1,2,1,1,2,0.6875,2
374,0,2,2,2,2,1,2,2,0.8125,1
375,2,2,2,1,2,2,2,2,0.9375,1
376,0,2,2,2,1,1,2,2,0.75,1
378,2,2,2,2,2,1,1,2,0.875,2
379,2,1,2,1,1,1,1,0,0.5625,2
380,2,2,1,2,1,0,1,2,0.6875,2
381,2,2,2,2,1,1,0,0,0.625,3
382,0,1,2,1,2,1,2,2,0.6875,1
383,0,2,2,2,1,1,2,2,0.75,1
384,2,2,2,1,2,1,1,2,0.8125,3
385,0,2,2,2,1,2,2,2,0.8125,3
386,0,2,2,1,2,2,1,0,0.625,3
387,2,2,2,1,2,2,2,2,0.9375,3
388,0,2,2,1,1,2,2,2,0.75,1
389,2,2,2,2,2,1,1,2,0.875,1
390,2,2,2,2,2,1,2,2,0.9375,1
391,0,1,2,2,1,1,2,2,0.6875,1
392,2,2,2,2,1,1,2,2,0.875,1
393,2,2,1,2,2,1,2,2,0.875,2
394,0,2,2,1,2,1,0,0,0.5,3
395,0,2,2,2,1,1,2,2,0.75,3
396,0,2,2,2,1,1,0,0,0.5,3
397,2,2,2,2,2,1,1,2,0.875,1
398,0,2,2,2,2,2,2,2,0.875,3
399,0,2,2,1,2,2,2,2,0.8125,1
400,0,2,2,2,2,2,2,2,0.875,1
401,0,2,2,2,2,1,1,2,0.75,1
402,2,2,2,2,1,2,2,2,0.9375,3
403,0,1,2,2,1,1,2,2,0.6875,3
404,0,1,2,2,1,1,2,2,0.6875,3
405,0,2,1,1,1,2,2,2,0.6875,1
406,0,1,2,1,1,1,2,2,0.625,3
407,0,2,2,2,2,1,2,2,0.8125,3
408,0,2,2,1,2,1,2,2,0.75,1
409,0,1,2,2,1,2,1,2,0.6875,1
410,2,2,2,2,2,1,2,2,0.9375,2
411,0,2,2,2,1,2,2,2,0.8125,1
412,0,2,2,1,2,1,2,2,0.75,1
413,0,2,1,2,1,1,0,2,0.5625,3
414,0,2,2,2,1,1,1,2,0.6875,3
415,0,2,1,1,1,2,2,2,0.6875,1
416,0,1,2,2,1,1,2,2,0.6875,1
417,2,2,2,1,1,1,1,0,0.625,3
418,2,2,2,1,1,2,0,0,0.625,1
419,2,2,2,2,1,2,2,2,0.9375,1
420,0,2,2,2,2,1,2,2,0.8125,3
421,0,2,2,2,1,1,2,2,0.75,3
422,0,2,2,1,2,1,0,0,0.5,3
423,0,1,2,1,2,2,2,2,0.75,1
424,0,2,2,1,1,1,1,0,0.5,2
425,2,2,2,2,1,2,2,2,0.9375,1
426,2,2,2,1,1,1,0,0,0.5625,2
427,0,1,2,0,0,0,0,0,0.1875,0
428,0,2,2,2,1,2,2,2,0.8125,1
429,2,2,2,2,1,2,1,2,0.875,2
430,0,2,2,1,1,1,2,2,0.6875,2
431,0,2,2,1,1,1,2,2,0.6875,2
432,0,1,2,1,1,2,2,0,0.5625,3
433,0,2,2,2,1,1,2,0,0.625,1
434,0,2,2,2,2,2,2,2,0.875,1
435,2,2,2,1,2,1,1,0,0.6875,2
436,0,2,2,2,2,1,2,2,0.8125,1
437,2,2,2,2,2,1,2,0,0.8125,3
438,2,2,2,2,2,2,2,2,1,1
439,0,1,2,1,1,1,2,2,0.625,3
440,0,2,2,1,2,1,1,0,0.5625,1
441,2,1,2,2,1,1,0,0,0.5625,3
442,0,1,2,1,2,1,1,0,0.5,1
443,2,2,2,2,1,1,2,2,0.875,1
444,0,2,2,1,1,1,0,0,0.4375,1
445,2,2,2,2,1,1,2,0,0.75,1
446,2,2,1,1,1,1,0,0,0.5,1
447,0,2,1,1,2,1,2,0,0.5625,2
448,0,2,2,1,2,1,2,0,0.625,1
449,2,2,2,2,1,2,2,2,0.9375,1
450,0,1,2,2,1,1,2,2,0.6875,2
451,0,2,2,1,2,1,2,2,0.75,1
452,2,2,2,2,1,2,2,2,0.9375,3
453,2,2,2,1,1,2,1,2,0.8125,2
454,2,2,2,1,1,2,2,0,0.75,1
455,2,1,2,2,1,1,0,0,0.5625,3
456,2,2,2,2,2,1,2,2,0.9375,1
457,0,2,2,2,1,2,2,2,0.8125,1
458,0,2,2,1,1,2,0,0,0.5,1
459,0,0,2,1,1,1,2,2,0.5625,3
460,0,2,2,0,0,0,0,0,0.25,0
461,0,2,2,2,1,2,1,2,0.75,2
462,0,2,2,1,1,1,2,0,0.5625,1
463,0,2,2,2,2,1,0,0,0.5625,2
464,0,2,2,2,2,2,2,2,0.875,1
465,0,2,2,2,1,1,2,2,0.75,3
466,2,2,2,2,1,1,2,2,0.875,1
467,2,2,2,1,1,1,2,2,0.8125,1
468,0,1,2,0,1,1,2,2,0.5625,2
469,0,2,2,2,1,1,1,2,0.6875,3
470,0,2,2,2,2,1,0,0,0.5625,1
471,0,2,2,1,1,1,1,2,0.625,2
472,0,2,2,1,2,1,1,0,0.5625,2
473,2,2,2,2,1,1,1,2,0.8125,2
474,2,1,2,1,1,1,1,2,0.6875,2
475,0,2,2,1,1,2,0,2,0.625,1
476,0,2,2,2,1,1,2,2,0.75,3
477,0,2,2,1,1,2,2,2,0.75,1
478,2,2,2,2,2,1,2,2,0.9375,1
479,0,2,2,2,2,1,2,0,0.6875,2
480,0,2,2,2,1,1,2,2,0.75,2
481,2,2,2,1,1,1,2,2,0.8125,3
482,0,2,2,1,1,1,2,2,0.6875,3
483,0,2,2,2,2,2,2,0,0.75,1
484,0,2,2,2,1,2,2,2,0.8125,1
485,0,2,2,2,1,1,2,2,0.75,2
486,0,2,2,1,1,1,1,2,0.625,3
487,0,2,2,1,2,1,0,0,0.5,2
488,0,1,2,0,0,0,0,0,0.1875,0
489,0,2,2,1,1,1,1,0,0.5,2
490,0,2,2,2,2,1,2,2,0.8125,3
491,2,2,2,1,2,1,2,2,0.875,2
492,2,2,2,1,2,2,1,2,0.875,2
493,0,2,2,2,1,2,2,2,0.8125,1
494,0,2,2,2,2,1,2,2,0.8125,3
495,2,2,1,2,1,1,0,0,0.5625,3
496,0,2,2,2,1,1,2,2,0.75,3
497,0,2,2,1,2,1,1,2,0.6875,1
498,0,2,2,1,1,1,2,2,0.6875,1
499,0,2,2,1,1,1,2,0,0.5625,3
500,2,1,2,1,1,1,2,2,0.75,1
501,0,1,2,0,0,0,0,0,0.1875,0
502,0,1,2,1,1,2,2,2,0.6875,2
503,2,1,2,2,1,1,2,2,0.8125,1
504,2,2,2,1,1,1,2,2,0.8125,1
505,2,2,2,0,1,1,2,0,0.625,3
506,2,2,2,2,2,2,0,0,0.75,2
507,0,2,2,1,1,1,2,0,0.5625,1
508,0,2,2,1,1,1,2,0,0.5625,3
509,2,2,2,2,2,2,2,2,1,1
510,0,2,2,2,2,1,2,2,0.8125,3
511,2,2,2,1,1,1,1,2,0.75,2
512,0,2,2,2,1,1,2,0,0.625,1
513,0,1,2,2,1,1,1,2,0.625,3
514,0,2,2,2,2,1,2,2,0.8125,1
515,0,1,2,0,0,0,0,0,0.1875,0
516,0,2,2,1,1,1,2,2,0.6875,1
517,2,2,2,1,2,1,2,2,0.875,1
518,0,2,2,2,1,1,1,2,0.6875,1
519,0,1,2,1,1,2,1,2,0.625,2
520,0,2,2,2,1,1,2,0,0.625,3
521,0,2,2,1,1,1,2,2,0.6875,2
522,2,2,2,2,1,2,2,2,0.9375,1
523,0,1,2,2,1,2,2,0,0.625,1
524,0,2,2,2,2,1,1,2,0.75,3
525,0,2,2,1,1,1,2,2,0.6875,1
526,0,1,2,2,1,1,1,0,0.5,2
527,0,2,2,1,1,1,2,2,0.6875,3
528,2,2,2,1,2,1,2,2,0.875,3
529,0,1,2,1,1,1,2,2,0.625,2
530,0,1,2,1,1,1,1,0,0.4375,2
531,0,2,2,2,2,1,2,2,0.8125,1
532,0,2,2,2,2,1,2,0,0.6875,3
533,0,2,2,2,1,1,1,0,0.5625,1
534,2,2,2,2,1,2,2,2,0.9375,1
535,0,2,2,1,2,1,2,2,0.75,1
536,2,1,2,0,1,2,2,2,0.75,1
537,2,2,2,2,1,2,2,2,0.9375,1
538,0,2,2,1,1,2,2,2,0.75,1
539,0,2,2,1,2,1,0,0,0.5,3
540,0,2,2,2,2,2,2,0,0.75,1
541,0,2,2,1,2,1,2,2,0.75,1
542,0,2,2,1,1,1,1,2,0.625,2
543,0,2,2,1,1,1,2,2,0.6875,3
544,2,2,2,1,1,2,2,2,0.875,1
545,2,2,2,2,1,1,2,2,0.875,3
546,0,2,2,1,1,1,2,2,0.6875,3
547,2,1,2,1,1,1,1,0,0.5625,2
548,2,2,2,2,1,2,1,2,0.875,2
549,0,2,2,2,1,1,2,2,0.75,1
550,2,2,2,2,2,1,2,2,0.9375,3
551,0,2,2,1,2,1,1,2,0.6875,1
552,0,1,2,1,2,1,2,0,0.5625,1
553,2,1,2,2,2,0,1,2,0.75,3
554,0,2,2,0,1,2,2,2,0.6875,1
555,2,1,2,1,1,1,2,2,0.75,3
556,2,2,2,1,2,2,2,2,0.9375,1
557,0,1,2,1,1,1,0,0,0.375,1
558,2,2,2,1,1,1,1,0,0.625,3
559,2,2,2,1,2,1,2,2,0.875,1
560,0,2,2,1,1,1,0,0,0.4375,2
561,0,1,2,2,1,2,2,0,0.625,3
562,0,2,2,2,2,2,2,2,0.875,3
563,0,2,2,2,1,1,0,0,0.5,1
564,0,2,2,2,1,1,2,2,0.75,3
565,0,2,2,2,1,1,1,0,0.5625,2
566,0,2,2,1,2,1,2,2,0.75,1
567,0,2,2,2,1,1,1,2,0.6875,2
568,2,2,2,2,1,2,2,2,0.9375,1
569,0,2,2,1,1,2,0,2,0.625,2
570,0,2,2,2,1,1,0,0,0.5,2
571,0,2,2,1,1,2,2,0,0.625,1
572,0,2,2,1,1,2,2,2,0.75,1
573,0,2,2,1,1,1,1,2,0.625,2
574,0,2,2,1,1,1,0,0,0.4375,3
575,0,2,2,2,1,2,2,2,0.8125,1
576,2,2,2,2,1,1,2,2,0.875,3
577,2,2,2,2,2,2,2,0,0.875,2
578,2,1,2,1,1,1,1,2,0.6875,2
579,0,2,2,1,2,1,0,0,0.5,1
580,0,2,2,2,1,1,1,2,0.6875,2
581,0,2,2,1,2,1,2,2,0.75,1
582,2,2,2,1,2,1,2,2,0.875,2
583,2,2,2,1,1,1,2,2,0.8125,2
584,0,1,2,2,2,1,0,0,0.5,2
585,0,2,2,2,1,1,2,2,0.75,3
586,2,2,2,1,2,1,0,0,0.625,2
587,2,2,2,2,1,1,2,2,0.875,3
588,2,1,2,1,1,1,2,2,0.75,1
589,0,2,2,1,1,2,2,2,0.75,1
590,2,1,2,2,2,1,2,0,0.75,1
591,0,2,2,1,1,1,2,2,0.6875,2
592,0,2,2,2,1,2,2,2,0.8125,3
593,0,2,2,1,1,1,1,2,0.625,2
594,2,2,2,2,2,2,2,2,1,1
595,0,2,2,2,1,2,0,0,0.5625,1
596,0,1,2,1,2,1,2,0,0.5625,1
597,2,2,2,1,2,2,0,0,0.6875,3
598,0,2,2,2,1,1,2,2,0.75,1
599,0,2,2,2,2,1,1,2,0.75,2
600,0,1,1,2,2,1,2,2,0.6875,1
601,2,1,2,1,2,1,1,2,0.75,3
602,2,2,2,2,1,2,2,2,0.9375,3
603,0,2,2,2,1,2,2,2,0.8125,3
604,0,2,2,1,1,1,2,2,0.6875,1
605,2,2,2,2,2,2,0,2,0.875,3
606,0,2,2,2,1,2,2,2,0.8125,1
607,0,2,1,1,1,1,2,2,0.625,3
608,0,2,2,1,1,1,2,2,0.6875,1
609,0,2,2,2,1,1,2,2,0.75,2
610,2,2,2,2,1,2,2,2,0.9375,1
611,0,2,2,2,2,1,2,2,0.8125,1
612,0,2,2,1,2,1,2,2,0.75,3
613,0,2,2,2,2,1,2,0,0.6875,3
614,0,2,2,2,1,2,1,2,0.75,2
615,0,2,2,1,1,1,0,0,0.4375,2
616,0,2,2,1,1,1,0,0,0.4375,3
617,0,2,2,2,1,2,2,2,0.8125,3
618,2,2,2,2,2,1,1,0,0.75,1
619,0,2,1,1,1,1,0,0,0.375,1
620,0,2,2,2,1,2,2,2,0.8125,2
621,2,2,2,2,1,1,2,2,0.875,3
622,0,1,2,1,2,2,2,2,0.75,1
623,0,2,2,2,1,1,2,2,0.75,3
624,2,1,2,1,1,2,2,2,0.8125,1
625,0,2,2,2,1,1,2,2,0.75,1
626,0,2,2,1,1,1,1,2,0.625,1
627,0,2,2,2,1,2,2,2,0.8125,1
628,0,2,2,2,1,1,1,2,0.6875,2
629,2,2,2,1,2,1,2,2,0.875,2
630,2,2,2,2,1,1,2,2,0.875,1
631,0,2,2,1,2,1,2,2,0.75,1
632,0,1,2,1,2,1,0,0,0.4375,1
633,0,1,2,2,1,1,2,0,0.5625,3
634,2,2,2,1,1,2,2,2,0.875,3
635,2,2,2,2,1,1,2,2,0.875,2
636,0,2,2,1,1,2,2,2,0.75,3
637,0,2,2,1,1,2,0,0,0.5,2
638,2,2,1,2,1,1,1,0,0.625,2
639,0,2,2,2,1,1,2,0,0.625,3
640,0,1,2,2,2,1,2,2,0.75,1
641,0,2,2,2,2,1,2,2,0.8125,1
642,0,2,2,2,1,1,2,2,0.75,3
643,2,2,2,1,1,1,1,2,0.75,3
644,0,1,2,1,2,2,2,2,0.75,1
645,2,2,2,1,1,1,0,0,0.5625,1
646,0,2,2,2,1,1,2,2,0.75,1
647,0,2,2,2,1,1,1,0,0.5625,2
648,0,2,2,0,2,1,2,0,0.5625,1
649,0,2,1,1,2,1,0,0,0.4375,2
650,2,2,2,1,2,2,1,2,0.875,1
651,0,2,2,1,1,2,1,2,0.6875,2
652,0,2,2,2,1,1,1,2,0.6875,3
653,0,2,2,1,2,2,2,2,0.8125,1
654,0,2,2,0,2,1,2,2,0.6875,2
655,0,2,2,2,1,1,0,0,0.5,2
656,0,2,2,1,1,1,2,2,0.6875,1
657,0,1,2,1,1,1,1,2,0.5625,1
658,0,2,2,2,2,2,2,2,0.875,1
659,2,2,2,0,0,0,0,0,0.375,0
660,2,2,2,2,1,1,2,2,0.875,3
661,0,0,2,1,2,1,2,2,0.625,3
662,2,2,2,1,1,1,2,0,0.6875,3
663,2,2,2,2,1,2,2,2,0.9375,3
664,2,1,2,2,1,1,2,0,0.6875,1
665,2,2,2,0,1,1,1,2,0.6875,2
666,0,2,2,2,1,1,2,0,0.625,3
668,2,2,2,1,2,1,1,2,0.8125,3
669,2,2,2,1,1,1,2,2,0.8125,2
670,0,2,2,1,2,1,1,2,0.6875,3
671,0,1,2,2,1,1,0,2,0.5625,2
672,0,2,2,2,1,2,0,0,0.5625,1
673,2,2,2,2,2,1,2,2,0.9375,2
674,0,1,2,1,2,1,2,2,0.6875,1
675,0,2,2,2,1,1,2,2,0.75,1
676,0,2,2,1,1,1,2,2,0.6875,1
677,0,2,2,1,1,1,1,2,0.625,2
678,2,2,2,2,1,2,1,2,0.875,2
679,0,2,2,2,2,1,1,2,0.75,3
680,0,2,2,2,1,2,2,0,0.6875,1
681,2,2,2,2,1,1,1,2,0.8125,2
682,0,2,2,1,1,1,2,2,0.6875,3
683,2,2,2,1,2,1,2,2,0.875,3
684,2,2,1,1,2,1,2,2,0.8125,1
685,0,2,2,1,2,1,1,2,0.6875,2
686,0,2,2,2,1,1,2,0,0.625,1
687,0,1,2,1,1,2,0,0,0.4375,0
688,2,2,1,0,0,0,0,0,0.3125,0
689,2,2,2,2,2,1,2,2,0.9375,3
690,0,2,2,2,2,1,1,0,0.625,3
691,0,1,2,2,1,2,1,0,0.5625,3
692,0,2,2,2,1,2,1,2,0.75,2
693,2,2,2,2,2,1,2,2,0.9375,3
694,0,2,2,2,1,1,2,2,0.75,3
695,0,2,2,2,1,1,2,2,0.75,3
696,0,2,2,1,1,1,1,2,0.625,2
697,0,1,2,1,1,1,1,2,0.5625,3
698,0,1,2,0,0,0,0,0,0.1875,0
699,0,2,2,2,1,1,1,2,0.6875,2
700,2,2,2,2,2,2,2,2,1,3
701,0,2,2,1,1,1,0,0,0.4375,3
702,2,2,2,1,1,2,2,2,0.875,1
703,0,2,2,1,2,1,2,0,0.625,1
704,0,2,2,2,1,1,2,2,0.75,1
705,0,2,2,1,1,1,2,2,0.6875,1
706,0,2,2,0,0,0,0,0,0.25,0
707,0,2,2,1,1,2,2,2,0.75,3
708,2,2,1,2,1,2,2,2,0.875,1
709,2,2,2,1,2,1,0,0,0.625,3
710,0,2,2,2,1,1,2,2,0.75,1
711,0,2,2,1,1,2,0,0,0.5,1
712,0,2,2,1,1,2,2,2,0.75,3
713,0,0,0,1,2,1,0,0,0.25,2
714,2,1,2,2,1,2,2,0,0.75,1
715,2,2,2,1,2,2,2,2,0.9375,3
716,0,2,2,1,2,2,2,2,0.8125,1
717,0,2,2,2,1,1,1,0,0.5625,3
718,0,1,2,2,2,1,2,2,0.75,2
719,0,2,2,1,2,1,1,2,0.6875,1
720,2,2,2,0,2,1,0,0,0.5625,2
721,0,2,2,1,2,2,2,2,0.8125,2
722,0,2,2,2,1,0,1,0,0.5,3
723,2,2,2,2,1,1,2,2,0.875,1
724,2,1,1,1,1,1,1,2,0.625,2
725,2,2,2,2,1,2,2,2,0.9375,1
726,0,1,2,1,1,1,2,2,0.625,3
727,2,2,2,2,2,2,2,2,1,1
728,2,2,1,1,1,1,2,0,0.625,3
729,2,2,2,2,2,1,2,2,0.9375,1
730,0,2,2,2,2,1,2,2,0.8125,3
731,0,2,2,2,2,1,2,2,0.8125,3
732,2,2,2,1,1,2,0,0,0.625,1
733,0,2,2,1,1,0,0,0,0.375,1
734,2,1,2,1,1,1,0,0,0.5,2
735,0,2,2,2,2,2,2,2,0.875,1
736,0,2,2,2,2,1,2,2,0.8125,1
737,0,2,2,1,1,1,1,2,0.625,2
738,0,2,2,2,1,2,2,2,0.8125,1
739,2,2,1,0,0,0,0,0,0.3125,0
740,2,2,2,2,1,2,2,2,0.9375,1
741,2,2,2,2,1,2,2,2,0.9375,2
742,0,2,1,1,1,2,2,0,0.5625,3
743,0,2,2,2,2,1,0,0,0.5625,3
744,0,2,2,2,1,1,2,0,0.625,3
745,0,1,2,1,2,1,0,0,0.4375,1
746,0,1,2,2,1,1,0,2,0.5625,2
747,0,1,2,1,2,1,0,0,0.4375,2
748,0,2,2,2,1,1,2,2,0.75,3
749,0,2,2,2,2,1,2,2,0.8125,1
750,2,1,2,2,2,1,1,2,0.8125,2
751,0,2,2,2,1,2,2,2,0.8125,1
752,2,2,2,0,0,0,0,0,0.375,0
753,0,2,2,2,2,2,2,0,0.75,1
754,0,2,2,0,2,2,2,2,0.75,1
755,0,1,2,1,1,1,1,2,0.5625,3
756,2,2,2,0,0,0,0,0,0.375,0
757,0,2,2,0,1,1,0,0,0.375,1
758,0,1,2,2,1,1,0,0,0.4375,2
759,2,2,2,2,2,1,2,2,0.9375,1
760,0,2,2,2,2,1,2,0,0.6875,1
761,0,2,2,1,1,2,2,2,0.75,1
762,0,1,2,1,1,1,1,2,0.5625,2
763,0,2,1,1,1,1,2,2,0.625,3
764,2,2,2,2,1,1,2,0,0.75,2
765,0,2,2,2,1,2,2,2,0.8125,3
766,2,2,2,2,1,1,1,2,0.8125,2
767,2,2,2,2,2,1,1,2,0.875,3
768,2,2,2,2,2,1,2,2,0.9375,1
769,0,2,2,1,1,2,2,0,0.625,2
770,2,2,2,1,1,1,1,2,0.75,2
771,2,2,2,1,1,1,0,0,0.5625,2
772,2,2,2,2,1,1,2,2,0.875,1
773,0,1,2,2,2,1,2,2,0.75,3
774,0,1,2,2,2,2,2,2,0.8125,3
775,0,2,2,1,1,1,2,2,0.6875,3
776,0,2,2,2,1,2,2,2,0.8125,2
777,2,2,2,1,2,1,0,0,0.625,3
778,2,2,2,2,2,1,0,0,0.6875,1
779,2,2,2,1,2,1,1,2,0.8125,0
780,0,1,2,0,2,1,1,2,0.5625,2
781,2,2,2,1,1,2,2,2,0.875,3
782,2,2,2,2,1,1,2,2,0.875,1
783,0,2,2,1,1,2,2,2,0.75,3
784,2,2,2,2,2,1,2,2,0.9375,2
785,0,2,2,2,2,1,1,2,0.75,2
786,0,2,1,1,1,1,1,2,0.5625,2
787,2,2,2,1,1,2,1,2,0.8125,2
788,0,2,2,2,2,1,1,2,0.75,3
789,0,1,2,1,1,1,1,2,0.5625,2
790,0,1,2,0,0,0,0,0,0.1875,0
791,0,1,2,2,2,1,2,0,0.625,3
792,2,2,2,2,1,2,2,2,0.9375,1
793,0,2,2,2,2,1,2,2,0.8125,1
794,0,2,2,2,1,1,2,2,0.75,1
795,2,2,2,2,1,1,2,2,0.875,1
796,0,1,2,2,2,1,2,2,0.75,3
797,0,2,2,2,1,1,2,2,0.75,3
798,0,2,2,1,1,2,2,2,0.75,1
799,0,1,2,1,2,1,2,0,0.5625,2
800,0,1,1,1,2,2,0,0,0.4375,2
801,0,2,2,1,1,1,1,2,0.625,2
802,2,2,2,1,1,1,2,2,0.8125,2
803,0,2,2,1,1,1,2,2,0.6875,2
804,0,2,2,2,1,1,2,0,0.625,2
805,2,1,2,1,1,2,2,2,0.8125,1
806,0,2,2,1,2,1,2,2,0.75,1
807,0,2,2,2,1,2,2,2,0.8125,3
808,0,2,2,1,1,1,2,2,0.6875,1
809,0,1,2,1,2,1,1,0,0.5,1
810,0,2,2,2,1,1,2,2,0.75,3
811,0,2,2,1,2,2,2,2,0.8125,2
812,2,1,2,2,1,1,2,2,0.8125,1
813,0,2,2,2,1,1,2,0,0.625,3
814,0,2,2,1,1,1,2,2,0.6875,3
815,0,2,2,1,1,1,2,2,0.6875,1
816,0,1,2,1,1,1,1,0,0.4375,2
817,0,2,2,2,1,1,0,0,0.5,1
818,0,2,2,1,1,1,1,2,0.625,2
819,0,2,2,2,2,1,1,2,0.75,3
820,0,1,2,0,0,0,0,0,0.1875,0
821,0,2,2,1,2,2,2,0,0.6875,1
822,0,1,2,1,2,1,1,2,0.625,1
823,0,2,2,1,1,1,1,0,0.5,2
824,0,1,2,1,2,1,2,2,0.6875,3
825,0,2,2,1,1,1,2,2,0.6875,1
826,0,2,2,1,1,1,2,2,0.6875,3
827,2,2,2,2,2,2,2,2,1,1
828,0,1,2,1,1,1,1,2,0.5625,2
829,0,2,2,2,2,1,2,2,0.8125,1
830,2,1,2,2,1,1,2,2,0.8125,2
831,0,2,2,2,1,1,1,2,0.6875,2
832,0,2,2,1,1,1,1,2,0.625,2
833,2,2,1,1,2,2,2,2,0.875,3
834,2,1,2,2,1,1,2,2,0.8125,1
835,2,2,2,1,1,2,2,2,0.875,1
836,0,2,2,2,1,1,2,0,0.625,3
837,0,2,2,1,2,1,0,0,0.5,2
838,0,2,2,2,1,1,2,2,0.75,3
839,0,2,2,1,1,1,0,0,0.4375,2
840,0,2,2,2,2,1,2,2,0.8125,2
841,0,2,2,1,2,1,2,2,0.75,2
842,0,2,2,2,2,1,2,0,0.6875,1
843,0,2,2,1,2,1,2,2,0.75,1
844,2,2,2,2,2,1,2,0,0.8125,3
845,0,1,2,2,1,1,2,2,0.6875,1
846,0,2,2,1,1,1,2,2,0.6875,1
847,2,2,2,1,1,1,2,2,0.8125,1
848,0,0,2,1,1,2,2,2,0.625,3
849,2,2,2,2,1,2,2,2,0.9375,3
850,0,2,2,2,1,2,0,0,0.5625,2
851,0,1,2,2,1,1,2,2,0.6875,1
852,0,2,2,0,0,0,0,0,0.25,0
853,0,1,2,1,1,1,1,2,0.5625,2
854,2,2,2,2,1,2,2,2,0.9375,3
855,2,1,1,1,1,2,2,2,0.75,3
856,0,1,2,2,1,1,2,2,0.6875,3
857,2,1,2,1,2,1,2,2,0.8125,3
858,2,2,2,2,1,1,2,2,0.875,2
859,0,2,2,1,2,2,2,2,0.8125,1
860,0,2,2,2,1,1,2,2,0.75,3
861,0,2,2,1,1,1,1,2,0.625,1
862,0,2,1,2,2,1,1,2,0.6875,3
863,2,1,2,2,1,1,2,0,0.6875,2
864,0,1,2,1,1,1,2,2,0.625,3
865,0,1,2,2,2,1,1,2,0.6875,1
866,0,1,2,1,1,1,1,2,0.5625,3
867,0,2,2,0,1,2,2,2,0.6875,2
868,0,2,2,0,0,0,0,0,0.25,0
869,0,2,2,2,1,2,2,2,0.8125,1
870,0,2,2,1,1,2,2,2,0.75,1
872,2,2,2,1,1,2,2,0,0.75,2
873,2,2,2,1,1,1,1,0,0.625,2
874,2,2,2,2,1,1,2,2,0.875,1
875,2,2,2,1,1,2,0,0,0.625,2
876,2,2,2,2,1,1,2,0,0.75,3
877,2,2,1,1,2,2,2,2,0.875,3
878,0,2,2,0,0,0,0,0,0.25,0
879,0,2,2,2,1,1,2,2,0.75,1
880,0,2,2,2,1,1,0,0,0.5,1
881,0,2,2,2,1,2,2,0,0.6875,3
882,2,2,2,2,1,2,2,2,0.9375,1
883,2,2,2,2,2,2,2,2,1,1
884,0,1,2,0,0,0,0,0,0.1875,0
885,2,2,2,2,1,1,2,0,0.75,3
886,0,2,2,2,1,1,1,2,0.6875,2
887,2,1,2,2,1,2,2,2,0.875,1
888,2,2,2,1,1,1,0,0,0.5625,1
889,0,2,2,1,1,1,1,2,0.625,2
890,2,1,2,2,1,1,2,2,0.8125,1
891,2,2,2,1,1,2,2,2,0.875,1
892,0,1,2,2,1,1,2,2,0.6875,3
893,0,2,2,2,2,1,2,2,0.8125,1
894,0,1,2,1,1,1,0,0,0.375,2
895,2,1,2,2,2,1,2,2,0.875,1
896,0,2,2,1,2,2,2,2,0.8125,3
897,0,2,2,2,1,1,2,0,0.625,3
898,2,1,2,2,2,0,1,0,0.625,2
899,0,2,2,1,2,2,2,0,0.6875,2
900,0,2,2,2,1,2,2,2,0.8125,1
901,0,2,2,1,1,1,2,0,0.5625,1
902,2,0,1,2,1,1,2,2,0.6875,1
903,0,2,2,2,1,2,2,2,0.8125,1
904,2,2,2,1,1,1,2,2,0.8125,1
905,0,2,1,2,1,1,2,0,0.5625,3
906,0,1,2,1,1,1,2,2,0.625,1
907,2,1,2,2,1,2,2,0,0.75,3
908,0,2,2,2,1,1,2,0,0.625,3
909,0,2,2,1,1,1,2,2,0.6875,3
910,0,2,2,2,2,1,2,2,0.8125,1
911,2,2,2,2,1,2,2,2,0.9375,1
912,2,2,2,2,1,1,0,0,0.625,2
913,2,2,2,2,1,1,2,2,0.875,3
914,0,2,2,1,1,1,2,2,0.6875,1
915,0,2,2,1,1,1,1,0,0.5,2
916,2,1,2,2,2,2,1,0,0.75,1
917,0,2,2,2,2,1,2,2,0.8125,1
918,0,1,2,2,1,2,0,0,0.5,1
919,0,2,2,1,1,1,2,2,0.6875,1
920,0,2,2,1,1,1,2,2,0.6875,2
921,0,2,1,1,1,1,1,2,0.5625,1
922,0,2,2,2,2,1,0,0,0.5625,2
923,0,2,2,1,1,1,2,2,0.6875,3
924,0,2,2,1,1,1,0,0,0.4375,3
925,0,2,2,1,2,2,0,0,0.5625,1
926,2,2,2,2,1,2,2,2,0.9375,1
927,2,2,2,1,1,1,0,0,0.5625,3
928,0,2,2,2,2,1,2,2,0.8125,1
929,2,2,2,2,1,1,2,2,0.875,3
930,0,2,2,2,1,1,1,0,0.5625,1
931,2,2,2,1,2,1,0,0,0.625,1
932,2,2,2,2,2,1,2,2,0.9375,1
933,0,2,2,2,1,2,2,2,0.8125,1
934,0,2,1,1,1,1,1,2,0.5625,2
935,2,1,2,2,2,1,2,2,0.875,2
936,0,1,2,2,1,2,2,2,0.75,1
937,2,1,2,2,1,2,2,2,0.875,1
938,0,2,2,2,1,2,2,2,0.8125,3
939,0,1,2,2,1,2,2,2,0.75,1
940,0,2,2,2,2,1,2,2,0.8125,2
941,0,2,2,2,1,1,2,2,0.75,2
942,0,2,2,2,1,1,2,2,0.75,1
943,2,1,2,1,1,2,2,2,0.8125,1
944,0,2,2,1,1,1,2,2,0.6875,3
945,0,2,2,1,2,2,2,0,0.6875,3
946,0,2,1,0,0,0,0,0,0.1875,0
947,2,1,2,2,1,2,2,2,0.875,1
948,0,2,2,2,1,1,1,2,0.6875,3
949,0,2,2,2,2,2,2,2,0.875,1
950,0,2,2,2,2,1,1,2,0.75,2
951,0,2,1,2,2,1,2,2,0.75,1
952,0,1,1,2,2,2,2,0,0.625,3
953,0,2,2,2,1,1,0,0,0.5,3
954,0,2,2,2,2,1,2,2,0.8125,3
955,0,2,2,1,1,1,2,2,0.6875,3
956,0,2,2,2,1,1,2,2,0.75,1
957,0,2,2,2,2,1,2,0,0.6875,2
958,2,2,2,2,1,2,2,2,0.9375,2
959,0,0,1,1,2,1,2,0,0.4375,1
960,0,2,2,0,0,0,0,0,0.25,0
961,2,2,2,2,1,1,2,2,0.875,2
962,0,2,2,2,1,2,2,2,0.8125,1
963,0,2,2,1,1,1,2,0,0.5625,1
964,0,2,2,1,1,2,0,0,0.5,1
965,0,2,2,2,1,1,2,2,0.75,1
966,0,2,2,1,1,2,1,2,0.6875,3
967,0,2,2,1,1,2,2,2,0.75,1
968,0,2,2,1,1,1,0,0,0.4375,1
969,2,2,2,0,0,0,0,0,0.375,0
970,0,2,1,1,1,1,2,2,0.625,1
971,0,2,2,2,1,1,2,2,0.75,1
972,0,2,2,1,1,1,1,2,0.625,2
973,2,1,2,2,1,1,2,0,0.6875,2
974,0,1,1,0,0,0,0,0,0.125,0
975,0,2,2,2,1,1,2,0,0.625,1
976,2,2,2,1,1,1,0,0,0.5625,2
977,2,1,2,2,1,1,1,0,0.625,1
978,0,2,2,2,1,1,2,2,0.75,3
979,0,2,2,2,1,1,2,0,0.625,2
980,0,2,2,1,1,1,2,2,0.6875,1
981,0,2,2,2,1,1,2,0,0.625,2
982,2,2,2,2,1,1,2,0,0.75,2
983,0,2,2,1,1,1,2,2,0.6875,1
984,0,2,2,2,2,2,0,0,0.625,2
985,0,2,2,1,1,1,2,2,0.6875,3
986,2,2,2,2,1,1,2,2,0.875,1
987,0,2,1,1,1,1,2,2,0.625,1
988,0,2,2,2,1,1,2,2,0.75,1
989,2,2,1,1,1,1,1,2,0.6875,2
990,2,2,2,2,2,1,2,2,0.9375,3
991,2,2,2,1,1,2,2,2,0.875,2
992,0,2,2,2,1,1,1,2,0.6875,2
993,0,1,2,1,1,1,2,2,0.625,2
994,0,2,2,1,2,1,2,2,0.75,3
995,2,2,2,2,1,2,2,2,0.9375,1
996,0,2,2,2,2,1,2,2,0.8125,3
997,0,2,2,2,2,1,2,2,0.8125,1
998,0,2,2,1,1,1,2,2,0.6875,1
999,0,2,2,2,1,2,2,2,0.8125,1
1000,0,2,2,1,2,2,2,2,0.8125,3
1001,0,2,2,1,1,1,2,2,0.6875,3
1002,0,2,2,2,2,1,2,0,0.6875,1
1003,0,2,2,2,2,1,2,0,0.6875,1
1004,0,2,2,2,2,1,2,0,0.6875,1
1005,2,2,2,2,1,1,2,2,0.875,2
1006,0,2,2,1,1,2,2,2,0.75,1
1007,2,2,2,2,1,1,2,2,0.875,1
1008,0,2,2,1,1,2,2,0,0.625,2
1009,0,2,2,0,0,0,0,0,0.25,0
1010,0,2,2,1,1,2,2,2,0.75,1
1011,0,2,2,2,1,2,2,2,0.8125,1
1012,0,2,2,1,1,1,2,2,0.6875,3
1013,0,1,1,1,1,1,2,2,0.5625,1
1014,0,2,2,2,2,1,2,2,0.8125,1
1015,0,2,2,2,2,1,0,0,0.5625,2
1016,0,2,2,2,1,2,1,2,0.75,1
1017,0,2,2,2,1,1,2,2,0.75,1
1018,0,1,2,0,0,0,0,0,0.1875,0
1019,0,1,2,2,1,1,2,2,0.6875,1
1020,0,2,2,1,1,1,1,2,0.625,2
1021,0,2,2,1,2,1,0,0,0.5,2
1022,0,2,2,1,1,1,2,2,0.6875,3
1023,0,1,2,1,1,2,1,0,0.5,3
1024,0,2,2,1,1,2,2,2,0.75,1
1025,0,1,2,2,1,2,2,2,0.75,3
1026,2,2,2,2,1,1,1,2,0.8125,2
1027,0,2,1,2,1,1,2,2,0.6875,3
1028,0,2,2,2,1,1,2,2,0.75,3
1029,0,1,2,1,2,1,2,2,0.6875,1
1030,0,2,2,2,1,1,2,0,0.625,0
1031,0,2,2,1,2,1,2,2,0.75,3
1032,0,2,2,1,1,1,2,2,0.6875,1
1033,2,1,2,1,1,1,0,0,0.5,2
1034,2,2,2,2,1,1,1,2,0.8125,3
1036,0,2,2,1,1,1,2,2,0.6875,1
1037,0,2,2,1,2,1,2,2,0.75,2
1038,2,2,2,2,2,2,1,0,0.8125,3
1039,0,2,2,0,0,0,0,0,0.25,0
1040,2,2,2,2,1,1,2,0,0.75,3
1041,0,2,2,1,1,1,1,0,0.5,3
1042,2,2,2,2,1,1,2,2,0.875,3
1043,0,2,2,1,1,2,0,0,0.5,2
1044,0,1,2,1,2,1,2,0,0.5625,3
1045,0,2,2,2,1,1,2,2,0.75,3
1046,2,2,2,2,2,1,2,2,0.9375,1
1047,0,2,1,2,1,1,1,2,0.625,2
1048,0,1,2,1,1,2,2,0,0.5625,3
1049,2,2,2,0,0,0,0,0,0.375,0
1050,0,2,2,0,0,0,0,0,0.25,0
1051,0,2,2,2,2,1,2,2,0.8125,1
1052,0,1,1,2,1,1,0,0,0.375,2
1053,0,1,2,1,1,2,2,2,0.6875,1
1054,2,1,2,1,1,1,2,2,0.75,2
1055,0,2,1,2,2,1,1,2,0.6875,2
1056,0,1,2,1,1,1,2,2,0.625,1
1057,0,1,1,2,2,1,2,0,0.5625,1
1058,0,1,2,1,2,1,2,2,0.6875,2
1059,2,1,2,1,1,1,1,2,0.6875,2
1060,0,2,2,2,2,1,2,0,0.6875,1
1061,2,2,2,1,2,1,0,0,0.625,2
1062,0,2,2,1,1,1,2,2,0.6875,3
1063,0,2,2,1,2,2,2,2,0.8125,3
1064,2,2,2,1,1,1,2,2,0.8125,3
1065,0,2,2,1,1,2,2,2,0.75,2
1066,2,2,2,1,1,1,1,2,0.75,2
1067,0,2,2,2,1,1,2,2,0.75,2
1068,2,1,2,2,2,2,2,2,0.9375,1
1069,0,2,2,0,0,0,0,0,0.25,0
1070,0,2,2,1,1,1,2,2,0.6875,3
1071,0,2,2,1,1,1,1,2,0.625,1
1072,2,2,2,1,1,1,2,2,0.8125,1
1073,0,1,2,1,2,1,1,2,0.625,2
1074,0,2,2,1,1,1,0,0,0.4375,2
1075,0,2,1,1,1,1,1,2,0.5625,2
1076,0,2,2,2,1,1,1,2,0.6875,3
1077,0,1,2,1,2,2,1,2,0.6875,2
1078,2,2,2,2,1,2,2,2,0.9375,3
1079,0,2,2,1,1,1,1,2,0.625,2
1080,0,2,2,1,2,2,2,2,0.8125,1
1081,0,2,2,2,1,1,2,2,0.75,3
1082,0,2,1,2,2,1,1,2,0.6875,3
1083,2,2,2,2,1,1,0,0,0.625,1
1084,0,2,2,1,2,2,2,0,0.6875,1
1085,0,2,2,1,1,1,2,2,0.6875,2
1086,2,1,2,1,2,1,1,2,0.75,2
1087,0,2,2,1,1,1,1,2,0.625,2
1088,2,2,2,1,1,1,2,2,0.8125,1
1089,0,1,2,2,1,2,2,2,0.75,1
1090,2,1,2,1,1,1,2,0,0.625,1
1091,2,2,2,2,1,1,2,2,0.875,1
1092,0,2,2,2,1,1,2,2,0.75,3
1093,2,2,2,1,1,1,0,0,0.5625,1
1094,0,2,2,0,0,0,0,0,0.25,0
1095,0,2,2,1,1,2,2,2,0.75,3
1096,0,1,2,2,1,2,2,2,0.75,1
1097,0,2,2,1,1,1,2,2,0.6875,2
1098,0,2,2,1,1,2,1,2,0.6875,3
1099,0,2,2,1,1,1,2,0,0.5625,1
1100,0,1,2,1,2,1,2,0,0.5625,1
1357,0,2,2,2,2,1,2,2,0.8125,2