respondent_id,Q8,Q9,Q10,Q14,Q19,Q21,Q24,Q29,attitude_composite
1,2,1,2,2,2,2,2,2,0.9375
2,2,1,2,2,2,2,2,2,0.9375
3,2,1,2,2,1,2,2,2,0.875
4,2,2,2,2,1,2,2,2,0.9375
5,0,2,2,1,2,2,2,2,0.8125
6,0,1,2,2,2,2,2,2,0.8125
7,2,2,2,1,1,2,2,2,0.875
9,2,2,2,1,1,2,0,0,0.625
11,2,2,2,2,1,1,2,2,0.875
14,0,0,1,1,1,1,2,2,0.5
16,0,1,2,2,1,1,1,2,0.625
17,0,1,2,2,1,1,2,2,0.6875
19,0,2,2,1,2,1,2,0,0.625
21,2,2,2,2,2,2,2,2,1
47,0,2,2,2,1,2,2,2,0.8125
50,2,2,2,2,1,1,2,2,0.875
55,0,2,1,2,1,1,1,2,0.625
77,0,1,1,1,1,1,2,2,0.5625
78,0,2,2,2,1,1,1,2,0.6875
79,2,2,2,2,1,2,1,2,0.875
80,2,2,2,2,1,2,2,2,0.9375
81,0,1,2,2,1,1,2,2,0.6875
82,2,2,2,0,0,0,0,0,0.375
83,2,1,2,2,1,2,1,2,0.8125
84,2,1,1,1,1,1,1,2,0.625
85,2,2,2,1,2,1,1,2,0.8125
86,0,2,2,2,1,1,2,2,0.75
87,2,2,2,1,2,2,0,0,0.6875
88,2,2,2,2,2,1,1,0,0.75
89,2,2,2,2,2,1,2,2,0.9375
90,2,2,2,1,1,1,2,2,0.8125
91,2,2,2,1,1,1,2,2,0.8125
92,0,1,2,0,2,2,2,2,0.6875
93,0,2,2,1,1,1,1,2,0.625
94,2,2,2,2,2,2,2,2,1
95,0,2,2,2,2,1,1,2,0.75
96,0,2,2,1,1,2,2,2,0.75
97,0,1,2,2,1,2,2,2,0.75
98,2,2,1,2,2,2,2,2,0.9375
99,0,2,2,2,2,2,2,2,0.875
100,2,2,2,2,2,1,1,2,0.875
101,2,1,2,2,2,2,2,2,0.9375
102,0,2,2,1,2,1,2,2,0.75
103,2,1,2,2,2,2,2,2,0.9375
104,2,2,2,2,1,1,0,0,0.625
105,2,2,2,1,2,1,1,2,0.8125
106,2,1,2,1,1,1,0,0,0.5
107,2,2,1,1,1,1,0,0,0.5
108,0,2,2,2,2,2,2,0,0.75
109,2,2,2,2,1,2,2,2,0.9375
110,2,2,2,1,1,1,2,2,0.8125
111,0,2,1,1,2,1,1,2,0.625
112,2,2,2,1,2,1,1,2,0.8125
113,2,2,1,2,2,2,1,0,0.75
114,0,2,2,1,1,2,2,2,0.75
115,0,2,2,1,2,1,2,2,0.75
116,0,1,2,1,1,1,2,2,0.625
117,2,1,2,1,1,2,2,0,0.6875
118,2,2,2,1,1,1,1,2,0.75
119,0,2,2,2,1,1,2,2,0.75
120,2,1,2,1,1,2,2,2,0.8125
121,0,2,2,1,1,1,2,2,0.6875
122,2,2,2,2,1,1,2,2,0.875
123,0,2,2,2,1,2,2,2,0.8125
124,0,2,1,1,1,1,1,2,0.5625
125,0,2,2,1,2,1,2,0,0.625
126,0,1,1,1,1,1,2,0,0.4375
127,0,0,0,0,0,0,0,0,0
128,2,2,2,2,1,1,0,0,0.625
129,2,2,2,0,0,0,0,0,0.375
130,2,0,0,0,0,0,0,0,0.125
131,2,2,2,1,1,1,0,0,0.5625
132,2,2,2,2,1,1,2,2,0.875
133,0,2,2,1,1,2,2,2,0.75
134,2,2,2,1,2,2,2,2,0.9375
135,0,2,2,1,2,1,2,2,0.75
136,0,2,2,1,1,2,2,2,0.75
137,2,2,2,2,1,2,2,0,0.8125
138,2,2,0,1,1,1,2,0,0.5625
139,0,2,1,1,1,1,2,2,0.625
140,0,1,1,1,1,1,2,2,0.5625
141,0,0,2,2,1,1,2,2,0.625
142,0,2,2,2,1,1,2,2,0.75
143,0,2,2,1,1,1,2,2,0.6875
144,0,2,2,2,2,1,0,0,0.5625
145,0,1,2,0,0,0,0,0,0.1875
146,2,2,2,2,2,2,2,0,0.875
147,2,2,2,1,2,2,2,2,0.9375
148,2,1,2,2,2,1,2,2,0.875
149,0,1,2,1,1,0,0,0,0.3125
150,0,2,1,1,2,2,2,2,0.75
151,0,1,2,2,1,2,2,2,0.75
152,2,1,2,1,2,2,0,0,0.625
153,2,2,2,1,2,1,0,0,0.625
154,0,2,2,2,1,2,1,0,0.625
155,0,2,2,0,0,0,0,0,0.25
156,0,0,1,1,1,1,1,2,0.4375
157,2,2,2,1,2,1,0,0,0.625
158,0,2,2,0,1,1,1,2,0.5625
159,0,2,2,1,1,1,1,2,0.625
160,0,2,2,2,2,2,2,0,0.75
161,0,2,2,2,1,1,0,0,0.5
162,0,2,2,2,2,1,2,0,0.6875
163,0,2,2,2,1,2,2,2,0.8125
164,0,1,2,2,1,2,1,2,0.6875
165,0,2,2,1,1,2,2,2,0.75
166,0,2,2,2,1,1,1,0,0.5625
167,2,2,2,1,2,1,1,2,0.8125
168,0,2,2,1,1,1,2,0,0.5625
169,2,2,2,1,1,1,0,0,0.5625
171,0,2,2,0,0,0,0,0,0.25
172,2,2,2,1,2,2,2,2,0.9375
173,0,2,2,1,1,1,1,0,0.5
174,0,1,2,0,0,0,0,0,0.1875
175,2,1,2,0,1,1,0,0,0.4375
176,2,2,2,2,2,2,2,2,1
177,0,2,2,2,2,2,2,2,0.875
178,2,1,2,2,1,1,1,0,0.625
179,0,2,2,2,1,2,1,2,0.75
180,2,2,2,2,1,1,1,2,0.8125
181,0,2,2,2,1,1,2,2,0.75
182,0,2,2,1,1,1,2,2,0.6875
183,2,2,2,2,1,1,1,2,0.8125
184,0,1,2,2,1,1,2,0,0.5625
185,2,1,2,2,2,2,2,2,0.9375
186,0,2,2,2,1,1,2,2,0.75
187,0,2,2,2,2,1,2,2,0.8125
188,0,2,1,2,1,1,2,2,0.6875
189,0,1,2,1,1,1,2,2,0.625
190,0,2,2,2,1,2,2,2,0.8125
191,0,2,2,2,2,1,0,0,0.5625
192,0,2,2,2,1,0,2,2,0.6875
193,2,2,2,2,1,1,2,2,0.875
194,2,1,1,1,1,1,0,0,0.4375
195,0,2,2,2,2,1,2,2,0.8125
196,0,2,2,2,2,1,2,2,0.8125
197,0,2,2,2,2,1,2,2,0.8125
198,2,2,2,1,2,1,2,2,0.875
199,0,2,2,1,1,1,0,0,0.4375
200,0,2,2,2,1,1,1,0,0.5625
201,0,2,2,2,2,2,2,0,0.75
202,0,2,2,1,1,1,2,2,0.6875
203,2,2,2,1,2,1,2,2,0.875
204,0,2,2,1,1,2,2,2,0.75
205,0,2,2,1,1,2,2,0,0.625
206,2,2,2,2,1,1,2,2,0.875
207,0,2,2,1,1,2,2,2,0.75
208,0,2,1,2,1,2,2,0,0.625
209,2,1,2,2,1,2,2,0,0.75
210,0,2,2,1,1,1,2,0,0.5625
211,0,2,2,2,1,2,2,2,0.8125
212,2,2,2,1,2,1,2,2,0.875
213,0,2,2,2,1,1,1,2,0.6875
214,2,1,1,1,1,1,0,2,0.5625
215,0,2,1,2,2,2,2,2,0.8125
216,2,2,2,1,1,2,2,2,0.875
217,0,2,2,1,1,2,2,2,0.75
218,0,2,1,2,2,2,1,2,0.75
219,2,2,2,2,1,1,1,2,0.8125
220,2,2,2,1,1,1,2,0,0.6875
221,0,0,2,1,1,1,2,2,0.5625
222,0,2,1,1,2,1,1,0,0.5
223,0,2,2,1,1,2,2,2,0.75
224,0,2,2,1,2,1,1,2,0.6875
225,0,2,2,2,1,1,2,2,0.75
226,0,2,1,2,1,1,2,2,0.6875
227,2,2,2,1,2,1,2,2,0.875
228,0,2,1,1,1,1,2,0,0.5
229,0,2,2,1,2,1,1,2,0.6875
230,0,2,2,1,1,1,2,2,0.6875
231,0,2,2,1,2,1,0,2,0.625
232,0,2,1,1,2,0,1,2,0.5625
233,0,2,1,2,1,1,2,2,0.6875
234,2,1,2,1,1,2,2,2,0.8125
235,0,2,2,1,1,1,2,2,0.6875
236,0,2,2,2,1,1,2,2,0.75
237,0,1,2,2,1,1,1,2,0.625
238,2,2,2,1,2,2,0,0,0.6875
239,2,2,2,1,2,2,1,2,0.875
240,0,2,2,2,2,1,2,2,0.8125
241,2,2,2,1,1,1,2,2,0.8125
242,0,1,2,1,2,2,1,2,0.6875
243,0,2,2,1,1,1,2,2,0.6875
244,0,2,2,0,0,0,0,0,0.25
245,0,2,2,2,2,1,2,2,0.8125
246,0,1,2,1,1,2,2,2,0.6875
247,0,2,2,2,1,1,2,2,0.75
248,0,2,2,1,1,2,2,2,0.75
249,0,2,2,2,1,2,2,2,0.8125
250,2,2,2,0,1,1,2,2,0.75
251,2,2,2,2,1,1,2,2,0.875
252,2,1,2,0,1,1,2,2,0.6875
253,0,2,2,2,1,2,0,0,0.5625
254,0,1,1,0,0,0,0,0,0.125
255,0,2,1,1,2,1,2,2,0.6875
256,2,2,2,2,1,1,2,0,0.75
257,0,2,2,2,1,2,2,2,0.8125
258,0,1,2,2,1,1,1,2,0.625
259,0,2,2,1,1,1,0,0,0.4375
260,0,2,2,1,1,2,2,2,0.75
261,2,2,2,1,1,2,2,2,0.875
262,0,2,2,2,2,2,2,2,0.875
263,2,2,2,1,2,2,1,2,0.875
264,2,1,2,1,2,1,2,2,0.8125
265,2,2,2,1,1,1,1,2,0.75
266,2,2,2,1,2,1,2,2,0.875
267,2,1,2,1,1,1,1,0,0.5625
268,2,1,2,1,1,1,1,0,0.5625
269,0,1,2,2,1,2,2,2,0.75
270,0,2,2,2,1,2,2,2,0.8125
271,0,2,2,2,2,1,2,2,0.8125
272,0,2,2,1,1,2,2,2,0.75
273,0,2,1,1,1,1,0,0,0.375
274,0,2,2,2,1,1,2,2,0.75
275,2,2,2,2,1,2,2,2,0.9375
276,2,2,2,2,1,2,2,2,0.9375
277,0,2,2,0,2,2,2,2,0.75
278,0,2,2,2,2,2,2,2,0.875
279,0,2,2,2,1,2,2,2,0.8125
280,2,2,2,1,1,1,2,2,0.8125
281,0,2,2,2,1,1,2,0,0.625
282,0,1,1,1,1,1,1,2,0.5
283,2,1,2,1,2,1,0,2,0.6875
284,2,2,2,2,1,1,2,2,0.875
285,0,2,2,2,1,1,2,2,0.75
286,0,2,2,1,1,1,1,2,0.625
287,2,2,2,1,1,1,0,0,0.5625
288,0,1,2,1,1,1,1,2,0.5625
289,0,2,2,2,1,1,2,2,0.75
290,2,1,1,2,1,2,2,2,0.8125
291,2,1,1,1,1,2,2,2,0.75
292,0,1,2,2,2,1,0,2,0.625
293,2,2,2,2,1,1,2,0,0.75
294,0,2,2,1,1,2,1,0,0.5625
295,0,2,2,2,1,1,2,0,0.625
296,0,1,2,1,1,1,1,0,0.4375
297,2,2,2,2,1,1,2,0,0.75
298,2,2,2,1,1,1,1,2,0.75
299,2,2,2,1,2,2,2,2,0.9375
300,2,2,2,1,1,1,0,0,0.5625
301,2,2,2,2,1,1,1,2,0.8125
302,0,2,2,1,1,1,1,2,0.625
303,2,2,2,1,2,1,0,0,0.625
304,2,1,2,1,1,1,0,0,0.5
305,0,2,1,1,1,1,0,0,0.375
306,2,2,2,1,1,1,1,0,0.625
307,2,1,2,2,1,2,2,2,0.875
308,0,2,2,1,1,1,1,2,0.625
309,2,2,2,1,1,1,1,0,0.625
310,2,2,1,1,1,2,2,2,0.8125
311,0,2,2,0,0,0,0,0,0.25
312,2,2,2,1,1,1,1,2,0.75
313,0,2,2,2,1,1,2,2,0.75
314,2,1,2,1,2,1,2,2,0.8125
315,2,2,2,1,1,1,1,2,0.75
316,0,2,2,2,2,2,2,0,0.75
317,0,2,2,1,1,2,2,2,0.75
318,2,1,2,2,1,1,2,2,0.8125
319,2,2,2,1,1,2,1,2,0.8125
320,2,1,2,1,1,2,1,2,0.75
321,0,1,2,2,2,2,1,2,0.75
322,0,2,2,1,1,1,2,2,0.6875
323,2,2,2,1,2,1,0,0,0.625
324,2,1,2,2,1,2,2,2,0.875
325,2,2,2,1,2,2,2,2,0.9375
326,2,2,2,1,1,1,1,2,0.75
327,0,1,2,1,1,2,2,2,0.6875
328,0,2,2,1,1,2,2,2,0.75
329,2,2,2,0,0,0,0,0,0.375
330,0,2,2,1,1,2,2,2,0.75
331,2,2,2,2,2,2,2,2,1
332,2,1,2,1,2,2,2,0,0.75
333,0,2,2,2,2,1,2,2,0.8125
334,0,2,2,1,2,1,1,0,0.5625
335,2,2,1,2,1,1,2,2,0.8125
336,0,2,2,1,2,1,0,0,0.5
337,0,2,2,1,1,1,2,0,0.5625
338,0,1,1,2,1,2,2,0,0.5625
339,0,2,2,2,1,1,2,2,0.75
340,0,1,2,1,1,1,2,2,0.625
341,2,2,2,0,1,1,2,2,0.75
342,2,2,2,2,1,1,1,0,0.6875
343,0,2,1,1,2,1,0,0,0.4375
344,0,1,2,1,1,1,2,2,0.625
345,0,2,2,1,2,2,2,2,0.8125
346,0,2,2,0,0,0,0,0,0.25
347,0,2,2,1,2,1,0,0,0.5
348,0,2,2,1,1,1,1,2,0.625
349,0,2,2,2,1,1,0,0,0.5
350,2,2,2,0,0,0,0,0,0.375
351,0,2,2,2,2,1,1,2,0.75
352,2,2,2,2,1,2,2,2,0.9375
353,2,2,2,1,2,1,2,0,0.75
354,2,2,2,2,1,2,2,2,0.9375
355,2,1,2,1,1,1,1,2,0.6875
356,2,2,2,2,1,1,1,2,0.8125
357,0,2,2,2,2,1,2,2,0.8125
358,2,2,2,2,1,1,2,2,0.875
359,2,2,2,1,1,2,2,2,0.875
360,0,2,2,2,1,1,2,2,0.75
361,2,1,2,2,1,1,1,2,0.75
362,2,2,2,1,2,1,1,2,0.8125
363,0,2,2,0,0,0,0,0,0.25
364,2,1,2,2,2,1,2,2,0.875
365,0,1,2,2,1,1,1,2,0.625
366,0,2,2,2,1,1,2,0,0.625
367,0,2,1,1,1,1,0,0,0.375
369,0,2,2,1,2,1,1,2,0.6875
370,2,2,2,0,0,0,0,0,0.375
371,0,1,2,1,1,1,1,0,0.4375
372,0,2,2,1,1,2,2,2,0.75
373,0,2,2,1,2,1,1,2,0.6875
374,0,2,2,2,2,1,2,2,0.8125
375,2,2,2,1,2,2,2,2,0.9375
376,0,2,2,2,1,1,2,2,0.75
378,2,2,2,2,2,1,1,2,0.875
379,2,1,2,1,1,1,1,0,0.5625
380,2,2,1,2,1,0,1,2,0.6875
381,2,2,2,2,1,1,0,0,0.625
382,0,1,2,1,2,1,2,2,0.6875
383,0,2,2,2,1,1,2,2,0.75
384,2,2,2,1,2,1,1,2,0.8125
385,0,2,2,2,1,2,2,2,0.8125
386,0,2,2,1,2,2,1,0,0.625
387,2,2,2,1,2,2,2,2,0.9375
388,0,2,2,1,1,2,2,2,0.75
389,2,2,2,2,2,1,1,2,0.875
390,2,2,2,2,2,1,2,2,0.9375
391,0,1,2,2,1,1,2,2,0.6875
392,2,2,2,2,1,1,2,2,0.875
393,2,2,1,2,2,1,2,2,0.875
394,0,2,2,1,2,1,0,0,0.5
395,0,2,2,2,1,1,2,2,0.75
396,0,2,2,2,1,1,0,0,0.5
397,2,2,2,2,2,1,1,2,0.875
398,0,2,2,2,2,2,2,2,0.875
399,0,2,2,1,2,2,2,2,0.8125
400,0,2,2,2,2,2,2,2,0.875
401,0,2,2,2,2,1,1,2,0.75
402,2,2,2,2,1,2,2,2,0.9375
403,0,1,2,2,1,1,2,2,0.6875
404,0,1,2,2,1,1,2,2,0.6875
405,0,2,1,1,1,2,2,2,0.6875
406,0,1,2,1,1,1,2,2,0.625
407,0,2,2,2,2,1,2,2,0.8125
408,0,2,2,1,2,1,2,2,0.75
409,0,1,2,2,1,2,1,2,0.6875
410,2,2,2,2,2,1,2,2,0.9375
411,0,2,2,2,1,2,2,2,0.8125
412,0,2,2,1,2,1,2,2,0.75
413,0,2,1,2,1,1,0,2,0.5625
414,0,2,2,2,1,1,1,2,0.6875
415,0,2,1,1,1,2,2,2,0.6875
416,0,1,2,2,1,1,2,2,0.6875
417,2,2,2,1,1,1,1,0,0.625
418,2,2,2,1,1,2,0,0,0.625
419,2,2,2,2,1,2,2,2,0.9375
420,0,2,2,2,2,1,2,2,0.8125
421,0,2,2,2,1,1,2,2,0.75
422,0,2,2,1,2,1,0,0,0.5
423,0,1,2,1,2,2,2,2,0.75
424,0,2,2,1,1,1,1,0,0.5
425,2,2,2,2,1,2,2,2,0.9375
426,2,2,2,1,1,1,0,0,0.5625
427,0,1,2,0,0,0,0,0,0.1875
428,0,2,2,2,1,2,2,2,0.8125
429,2,2,2,2,1,2,1,2,0.875
430,0,2,2,1,1,1,2,2,0.6875
431,0,2,2,1,1,1,2,2,0.6875
432,0,1,2,1,1,2,2,0,0.5625
433,0,2,2,2,1,1,2,0,0.625
434,0,2,2,2,2,2,2,2,0.875
435,2,2,2,1,2,1,1,0,0.6875
436,0,2,2,2,2,1,2,2,0.8125
437,2,2,2,2,2,1,2,0,0.8125
438,2,2,2,2,2,2,2,2,1
439,0,1,2,1,1,1,2,2,0.625
440,0,2,2,1,2,1,1,0,0.5625
441,2,1,2,2,1,1,0,0,0.5625
442,0,1,2,1,2,1,1,0,0.5
443,2,2,2,2,1,1,2,2,0.875
444,0,2,2,1,1,1,0,0,0.4375
445,2,2,2,2,1,1,2,0,0.75
446,2,2,1,1,1,1,0,0,0.5
447,0,2,1,1,2,1,2,0,0.5625
448,0,2,2,1,2,1,2,0,0.625
449,2,2,2,2,1,2,2,2,0.9375
450,0,1,2,2,1,1,2,2,0.6875
451,0,2,2,1,2,1,2,2,0.75
452,2,2,2,2,1,2,2,2,0.9375
453,2,2,2,1,1,2,1,2,0.8125
454,2,2,2,1,1,2,2,0,0.75
455,2,1,2,2,1,1,0,0,0.5625
456,2,2,2,2,2,1,2,2,0.9375
457,0,2,2,2,1,2,2,2,0.8125
458,0,2,2,1,1,2,0,0,0.5
459,0,0,2,1,1,1,2,2,0.5625
460,0,2,2,0,0,0,0,0,0.25
461,0,2,2,2,1,2,1,2,0.75
462,0,2,2,1,1,1,2,0,0.5625
463,0,2,2,2,2,1,0,0,0.5625
464,0,2,2,2,2,2,2,2,0.875
465,0,2,2,2,1,1,2,2,0.75
466,2,2,2,2,1,1,2,2,0.875
467,2,2,2,1,1,1,2,2,0.8125
468,0,1,2,0,1,1,2,2,0.5625
469,0,2,2,2,1,1,1,2,0.6875
470,0,2,2,2,2,1,0,0,0.5625
471,0,2,2,1,1,1,1,2,0.625
472,0,2,2,1,2,1,1,0,0.5625
473,2,2,2,2,1,1,1,2,0.8125
474,2,1,2,1,1,1,1,2,0.6875
475,0,2,2,1,1,2,0,2,0.625
476,0,2,2,2,1,1,2,2,0.75
477,0,2,2,1,1,2,2,2,0.75
478,2,2,2,2,2,1,2,2,0.9375
479,0,2,2,2,2,1,2,0,0.6875
480,0,2,2,2,1,1,2,2,0.75
481,2,2,2,1,1,1,2,2,0.8125
482,0,2,2,1,1,1,2,2,0.6875
483,0,2,2,2,2,2,2,0,0.75
484,0,2,2,2,1,2,2,2,0.8125
485,0,2,2,2,1,1,2,2,0.75
486,0,2,2,1,1,1,1,2,0.625
487,0,2,2,1,2,1,0,0,0.5
488,0,1,2,0,0,0,0,0,0.1875
489,0,2,2,1,1,1,1,0,0.5
490,0,2,2,2,2,1,2,2,0.8125
491,2,2,2,1,2,1,2,2,0.875
492,2,2,2,1,2,2,1,2,0.875
493,0,2,2,2,1,2,2,2,0.8125
494,0,2,2,2,2,1,2,2,0.8125
495,2,2,1,2,1,1,0,0,0.5625
496,0,2,2,2,1,1,2,2,0.75
497,0,2,2,1,2,1,1,2,0.6875
498,0,2,2,1,1,1,2,2,0.6875
499,0,2,2,1,1,1,2,0,0.5625
500,2,1,2,1,1,1,2,2,0.75
501,0,1,2,0,0,0,0,0,0.1875
502,0,1,2,1,1,2,2,2,0.6875
503,2,1,2,2,1,1,2,2,0.8125
504,2,2,2,1,1,1,2,2,0.8125
505,2,2,2,0,1,1,2,0,0.625
506,2,2,2,2,2,2,0,0,0.75
507,0,2,2,1,1,1,2,0,0.5625
508,0,2,2,1,1,1,2,0,0.5625
509,2,2,2,2,2,2,2,2,1
510,0,2,2,2,2,1,2,2,0.8125
511,2,2,2,1,1,1,1,2,0.75
512,0,2,2,2,1,1,2,0,0.625
513,0,1,2,2,1,1,1,2,0.625
514,0,2,2,2,2,1,2,2,0.8125
515,0,1,2,0,0,0,0,0,0.1875
516,0,2,2,1,1,1,2,2,0.6875
517,2,2,2,1,2,1,2,2,0.875
518,0,2,2,2,1,1,1,2,0.6875
519,0,1,2,1,1,2,1,2,0.625
520,0,2,2,2,1,1,2,0,0.625
521,0,2,2,1,1,1,2,2,0.6875
522,2,2,2,2,1,2,2,2,0.9375
523,0,1,2,2,1,2,2,0,0.625
524,0,2,2,2,2,1,1,2,0.75
525,0,2,2,1,1,1,2,2,0.6875
526,0,1,2,2,1,1,1,0,0.5
527,0,2,2,1,1,1,2,2,0.6875
528,2,2,2,1,2,1,2,2,0.875
529,0,1,2,1,1,1,2,2,0.625
530,0,1,2,1,1,1,1,0,0.4375
531,0,2,2,2,2,1,2,2,0.8125
532,0,2,2,2,2,1,2,0,0.6875
533,0,2,2,2,1,1,1,0,0.5625
534,2,2,2,2,1,2,2,2,0.9375
535,0,2,2,1,2,1,2,2,0.75
536,2,1,2,0,1,2,2,2,0.75
537,2,2,2,2,1,2,2,2,0.9375
538,0,2,2,1,1,2,2,2,0.75
539,0,2,2,1,2,1,0,0,0.5
540,0,2,2,2,2,2,2,0,0.75
541,0,2,2,1,2,1,2,2,0.75
542,0,2,2,1,1,1,1,2,0.625
543,0,2,2,1,1,1,2,2,0.6875
544,2,2,2,1,1,2,2,2,0.875
545,2,2,2,2,1,1,2,2,0.875
546,0,2,2,1,1,1,2,2,0.6875
547,2,1,2,1,1,1,1,0,0.5625
548,2,2,2,2,1,2,1,2,0.875
549,0,2,2,2,1,1,2,2,0.75
550,2,2,2,2,2,1,2,2,0.9375
551,0,2,2,1,2,1,1,2,0.6875
552,0,1,2,1,2,1,2,0,0.5625
553,2,1,2,2,2,0,1,2,0.75
554,0,2,2,0,1,2,2,2,0.6875
555,2,1,2,1,1,1,2,2,0.75
556,2,2,2,1,2,2,2,2,0.9375
557,0,1,2,1,1,1,0,0,0.375
558,2,2,2,1,1,1,1,0,0.625
559,2,2,2,1,2,1,2,2,0.875
560,0,2,2,1,1,1,0,0,0.4375
561,0,1,2,2,1,2,2,0,0.625
562,0,2,2,2,2,2,2,2,0.875
563,0,2,2,2,1,1,0,0,0.5
564,0,2,2,2,1,1,2,2,0.75
565,0,2,2,2,1,1,1,0,0.5625
566,0,2,2,1,2,1,2,2,0.75
567,0,2,2,2,1,1,1,2,0.6875
568,2,2,2,2,1,2,2,2,0.9375
569,0,2,2,1,1,2,0,2,0.625
570,0,2,2,2,1,1,0,0,0.5
571,0,2,2,1,1,2,2,0,0.625
572,0,2,2,1,1,2,2,2,0.75
573,0,2,2,1,1,1,1,2,0.625
574,0,2,2,1,1,1,0,0,0.4375
575,0,2,2,2,1,2,2,2,0.8125
576,2,2,2,2,1,1,2,2,0.875
577,2,2,2,2,2,2,2,0,0.875
578,2,1,2,1,1,1,1,2,0.6875
579,0,2,2,1,2,1,0,0,0.5
580,0,2,2,2,1,1,1,2,0.6875
581,0,2,2,1,2,1,2,2,0.75
582,2,2,2,1,2,1,2,2,0.875
583,2,2,2,1,1,1,2,2,0.8125
584,0,1,2,2,2,1,0,0,0.5
585,0,2,2,2,1,1,2,2,0.75
586,2,2,2,1,2,1,0,0,0.625
587,2,2,2,2,1,1,2,2,0.875
588,2,1,2,1,1,1,2,2,0.75
589,0,2,2,1,1,2,2,2,0.75
590,2,1,2,2,2,1,2,0,0.75
591,0,2,2,1,1,1,2,2,0.6875
592,0,2,2,2,1,2,2,2,0.8125
593,0,2,2,1,1,1,1,2,0.625
594,2,2,2,2,2,2,2,2,1
595,0,2,2,2,1,2,0,0,0.5625
596,0,1,2,1,2,1,2,0,0.5625
597,2,2,2,1,2,2,0,0,0.6875
598,0,2,2,2,1,1,2,2,0.75
599,0,2,2,2,2,1,1,2,0.75
600,0,1,1,2,2,1,2,2,0.6875
601,2,1,2,1,2,1,1,2,0.75
602,2,2,2,2,1,2,2,2,0.9375
603,0,2,2,2,1,2,2,2,0.8125
604,0,2,2,1,1,1,2,2,0.6875
605,2,2,2,2,2,2,0,2,0.875
606,0,2,2,2,1,2,2,2,0.8125
607,0,2,1,1,1,1,2,2,0.625
608,0,2,2,1,1,1,2,2,0.6875
609,0,2,2,2,1,1,2,2,0.75
610,2,2,2,2,1,2,2,2,0.9375
611,0,2,2,2,2,1,2,2,0.8125
612,0,2,2,1,2,1,2,2,0.75
613,0,2,2,2,2,1,2,0,0.6875
614,0,2,2,2,1,2,1,2,0.75
615,0,2,2,1,1,1,0,0,0.4375
616,0,2,2,1,1,1,0,0,0.4375
617,0,2,2,2,1,2,2,2,0.8125
618,2,2,2,2,2,1,1,0,0.75
619,0,2,1,1,1,1,0,0,0.375
620,0,2,2,2,1,2,2,2,0.8125
621,2,2,2,2,1,1,2,2,0.875
622,0,1,2,1,2,2,2,2,0.75
623,0,2,2,2,1,1,2,2,0.75
624,2,1,2,1,1,2,2,2,0.8125
625,0,2,2,2,1,1,2,2,0.75
626,0,2,2,1,1,1,1,2,0.625
627,0,2,2,2,1,2,2,2,0.8125
628,0,2,2,2,1,1,1,2,0.6875
629,2,2,2,1,2,1,2,2,0.875
630,2,2,2,2,1,1,2,2,0.875
631,0,2,2,1,2,1,2,2,0.75
632,0,1,2,1,2,1,0,0,0.4375
633,0,1,2,2,1,1,2,0,0.5625
634,2,2,2,1,1,2,2,2,0.875
635,2,2,2,2,1,1,2,2,0.875
636,0,2,2,1,1,2,2,2,0.75
637,0,2,2,1,1,2,0,0,0.5
638,2,2,1,2,1,1,1,0,0.625
639,0,2,2,2,1,1,2,0,0.625
640,0,1,2,2,2,1,2,2,0.75
641,0,2,2,2,2,1,2,2,0.8125
642,0,2,2,2,1,1,2,2,0.75
643,2,2,2,1,1,1,1,2,0.75
644,0,1,2,1,2,2,2,2,0.75
645,2,2,2,1,1,1,0,0,0.5625
646,0,2,2,2,1,1,2,2,0.75
647,0,2,2,2,1,1,1,0,0.5625
648,0,2,2,0,2,1,2,0,0.5625
649,0,2,1,1,2,1,0,0,0.4375
650,2,2,2,1,2,2,1,2,0.875
651,0,2,2,1,1,2,1,2,0.6875
652,0,2,2,2,1,1,1,2,0.6875
653,0,2,2,1,2,2,2,2,0.8125
654,0,2,2,0,2,1,2,2,0.6875
655,0,2,2,2,1,1,0,0,0.5
656,0,2,2,1,1,1,2,2,0.6875
657,0,1,2,1,1,1,1,2,0.5625
658,0,2,2,2,2,2,2,2,0.875
659,2,2,2,0,0,0,0,0,0.375
660,2,2,2,2,1,1,2,2,0.875
661,0,0,2,1,2,1,2,2,0.625
662,2,2,2,1,1,1,2,0,0.6875
663,2,2,2,2,1,2,2,2,0.9375
664,2,1,2,2,1,1,2,0,0.6875
665,2,2,2,0,1,1,1,2,0.6875
666,0,2,2,2,1,1,2,0,0.625
668,2,2,2,1,2,1,1,2,0.8125
669,2,2,2,1,1,1,2,2,0.8125
670,0,2,2,1,2,1,1,2,0.6875
671,0,1,2,2,1,1,0,2,0.5625
672,0,2,2,2,1,2,0,0,0.5625
673,2,2,2,2,2,1,2,2,0.9375
674,0,1,2,1,2,1,2,2,0.6875
675,0,2,2,2,1,1,2,2,0.75
676,0,2,2,1,1,1,2,2,0.6875
677,0,2,2,1,1,1,1,2,0.625
678,2,2,2,2,1,2,1,2,0.875
679,0,2,2,2,2,1,1,2,0.75
680,0,2,2,2,1,2,2,0,0.6875
681,2,2,2,2,1,1,1,2,0.8125
682,0,2,2,1,1,1,2,2,0.6875
683,2,2,2,1,2,1,2,2,0.875
684,2,2,1,1,2,1,2,2,0.8125
685,0,2,2,1,2,1,1,2,0.6875
686,0,2,2,2,1,1,2,0,0.625
687,0,1,2,1,1,2,0,0,0.4375
688,2,2,1,0,0,0,0,0,0.3125
689,2,2,2,2,2,1,2,2,0.9375
690,0,2,2,2,2,1,1,0,0.625
691,0,1,2,2,1,2,1,0,0.5625
692,0,2,2,2,1,2,1,2,0.75
693,2,2,2,2,2,1,2,2,0.9375
694,0,2,2,2,1,1,2,2,0.75
695,0,2,2,2,1,1,2,2,0.75
696,0,2,2,1,1,1,1,2,0.625
697,0,1,2,1,1,1,1,2,0.5625
698,0,1,2,0,0,0,0,0,0.1875
699,0,2,2,2,1,1,1,2,0.6875
700,2,2,2,2,2,2,2,2,1
701,0,2,2,1,1,1,0,0,0.4375
702,2,2,2,1,1,2,2,2,0.875
703,0,2,2,1,2,1,2,0,0.625
704,0,2,2,2,1,1,2,2,0.75
705,0,2,2,1,1,1,2,2,0.6875
706,0,2,2,0,0,0,0,0,0.25
707,0,2,2,1,1,2,2,2,0.75
708,2,2,1,2,1,2,2,2,0.875
709,2,2,2,1,2,1,0,0,0.625
710,0,2,2,2,1,1,2,2,0.75
711,0,2,2,1,1,2,0,0,0.5
712,0,2,2,1,1,2,2,2,0.75
713,0,0,0,1,2,1,0,0,0.25
714,2,1,2,2,1,2,2,0,0.75
715,2,2,2,1,2,2,2,2,0.9375
716,0,2,2,1,2,2,2,2,0.8125
717,0,2,2,2,1,1,1,0,0.5625
718,0,1,2,2,2,1,2,2,0.75
719,0,2,2,1,2,1,1,2,0.6875
720,2,2,2,0,2,1,0,0,0.5625
721,0,2,2,1,2,2,2,2,0.8125
722,0,2,2,2,1,0,1,0,0.5
723,2,2,2,2,1,1,2,2,0.875
724,2,1,1,1,1,1,1,2,0.625
725,2,2,2,2,1,2,2,2,0.9375
726,0,1,2,1,1,1,2,2,0.625
727,2,2,2,2,2,2,2,2,1
728,2,2,1,1,1,1,2,0,0.625
729,2,2,2,2,2,1,2,2,0.9375
730,0,2,2,2,2,1,2,2,0.8125
731,0,2,2,2,2,1,2,2,0.8125
732,2,2,2,1,1,2,0,0,0.625
733,0,2,2,1,1,0,0,0,0.375
734,2,1,2,1,1,1,0,0,0.5
735,0,2,2,2,2,2,2,2,0.875
736,0,2,2,2,2,1,2,2,0.8125
737,0,2,2,1,1,1,1,2,0.625
738,0,2,2,2,1,2,2,2,0.8125
739,2,2,1,0,0,0,0,0,0.3125
740,2,2,2,2,1,2,2,2,0.9375
741,2,2,2,2,1,2,2,2,0.9375
742,0,2,1,1,1,2,2,0,0.5625
743,0,2,2,2,2,1,0,0,0.5625
744,0,2,2,2,1,1,2,0,0.625
745,0,1,2,1,2,1,0,0,0.4375
746,0,1,2,2,1,1,0,2,0.5625
747,0,1,2,1,2,1,0,0,0.4375
748,0,2,2,2,1,1,2,2,0.75
749,0,2,2,2,2,1,2,2,0.8125
750,2,1,2,2,2,1,1,2,0.8125
751,0,2,2,2,1,2,2,2,0.8125
752,2,2,2,0,0,0,0,0,0.375
753,0,2,2,2,2,2,2,0,0.75
754,0,2,2,0,2,2,2,2,0.75
755,0,1,2,1,1,1,1,2,0.5625
756,2,2,2,0,0,0,0,0,0.375
757,0,2,2,0,1,1,0,0,0.375
758,0,1,2,2,1,1,0,0,0.4375
759,2,2,2,2,2,1,2,2,0.9375
760,0,2,2,2,2,1,2,0,0.6875
761,0,2,2,1,1,2,2,2,0.75
762,0,1,2,1,1,1,1,2,0.5625
763,0,2,1,1,1,1,2,2,0.625
764,2,2,2,2,1,1,2,0,0.75
765,0,2,2,2,1,2,2,2,0.8125
766,2,2,2,2,1,1,1,2,0.8125
767,2,2,2,2,2,1,1,2,0.875
768,2,2,2,2,2,1,2,2,0.9375
769,0,2,2,1,1,2,2,0,0.625
770,2,2,2,1,1,1,1,2,0.75
771,2,2,2,1,1,1,0,0,0.5625
772,2,2,2,2,1,1,2,2,0.875
773,0,1,2,2,2,1,2,2,0.75
774,0,1,2,2,2,2,2,2,0.8125
775,0,2,2,1,1,1,2,2,0.6875
776,0,2,2,2,1,2,2,2,0.8125
777,2,2,2,1,2,1,0,0,0.625
778,2,2,2,2,2,1,0,0,0.6875
779,2,2,2,1,2,1,1,2,0.8125
780,0,1,2,0,2,1,1,2,0.5625
781,2,2,2,1,1,2,2,2,0.875
782,2,2,2,2,1,1,2,2,0.875
783,0,2,2,1,1,2,2,2,0.75
784,2,2,2,2,2,1,2,2,0.9375
785,0,2,2,2,2,1,1,2,0.75
786,0,2,1,1,1,1,1,2,0.5625
787,2,2,2,1,1,2,1,2,0.8125
788,0,2,2,2,2,1,1,2,0.75
789,0,1,2,1,1,1,1,2,0.5625
790,0,1,2,0,0,0,0,0,0.1875
791,0,1,2,2,2,1,2,0,0.625
792,2,2,2,2,1,2,2,2,0.9375
793,0,2,2,2,2,1,2,2,0.8125
794,0,2,2,2,1,1,2,2,0.75
795,2,2,2,2,1,1,2,2,0.875
796,0,1,2,2,2,1,2,2,0.75
797,0,2,2,2,1,1,2,2,0.75
798,0,2,2,1,1,2,2,2,0.75
799,0,1,2,1,2,1,2,0,0.5625
800,0,1,1,1,2,2,0,0,0.4375
801,0,2,2,1,1,1,1,2,0.625
802,2,2,2,1,1,1,2,2,0.8125
803,0,2,2,1,1,1,2,2,0.6875
804,0,2,2,2,1,1,2,0,0.625
805,2,1,2,1,1,2,2,2,0.8125
806,0,2,2,1,2,1,2,2,0.75
807,0,2,2,2,1,2,2,2,0.8125
808,0,2,2,1,1,1,2,2,0.6875
809,0,1,2,1,2,1,1,0,0.5
810,0,2,2,2,1,1,2,2,0.75
811,0,2,2,1,2,2,2,2,0.8125
812,2,1,2,2,1,1,2,2,0.8125
813,0,2,2,2,1,1,2,0,0.625
814,0,2,2,1,1,1,2,2,0.6875
815,0,2,2,1,1,1,2,2,0.6875
816,0,1,2,1,1,1,1,0,0.4375
817,0,2,2,2,1,1,0,0,0.5
818,0,2,2,1,1,1,1,2,0.625
819,0,2,2,2,2,1,1,2,0.75
820,0,1,2,0,0,0,0,0,0.1875
821,0,2,2,1,2,2,2,0,0.6875
822,0,1,2,1,2,1,1,2,0.625
823,0,2,2,1,1,1,1,0,0.5
824,0,1,2,1,2,1,2,2,0.6875
825,0,2,2,1,1,1,2,2,0.6875
826,0,2,2,1,1,1,2,2,0.6875
827,2,2,2,2,2,2,2,2,1
828,0,1,2,1,1,1,1,2,0.5625
829,0,2,2,2,2,1,2,2,0.8125
830,2,1,2,2,1,1,2,2,0.8125
831,0,2,2,2,1,1,1,2,0.6875
832,0,2,2,1,1,1,1,2,0.625
833,2,2,1,1,2,2,2,2,0.875
834,2,1,2,2,1,1,2,2,0.8125
835,2,2,2,1,1,2,2,2,0.875
836,0,2,2,2,1,1,2,0,0.625
837,0,2,2,1,2,1,0,0,0.5
838,0,2,2,2,1,1,2,2,0.75
839,0,2,2,1,1,1,0,0,0.4375
840,0,2,2,2,2,1,2,2,0.8125
841,0,2,2,1,2,1,2,2,0.75
842,0,2,2,2,2,1,2,0,0.6875
843,0,2,2,1,2,1,2,2,0.75
844,2,2,2,2,2,1,2,0,0.8125
845,0,1,2,2,1,1,2,2,0.6875
846,0,2,2,1,1,1,2,2,0.6875
847,2,2,2,1,1,1,2,2,0.8125
848,0,0,2,1,1,2,2,2,0.625
849,2,2,2,2,1,2,2,2,0.9375
850,0,2,2,2,1,2,0,0,0.5625
851,0,1,2,2,1,1,2,2,0.6875
852,0,2,2,0,0,0,0,0,0.25
853,0,1,2,1,1,1,1,2,0.5625
854,2,2,2,2,1,2,2,2,0.9375
855,2,1,1,1,1,2,2,2,0.75
856,0,1,2,2,1,1,2,2,0.6875
857,2,1,2,1,2,1,2,2,0.8125
858,2,2,2,2,1,1,2,2,0.875
859,0,2,2,1,2,2,2,2,0.8125
860,0,2,2,2,1,1,2,2,0.75
861,0,2,2,1,1,1,1,2,0.625
862,0,2,1,2,2,1,1,2,0.6875
863,2,1,2,2,1,1,2,0,0.6875
864,0,1,2,1,1,1,2,2,0.625
865,0,1,2,2,2,1,1,2,0.6875
866,0,1,2,1,1,1,1,2,0.5625
867,0,2,2,0,1,2,2,2,0.6875
868,0,2,2,0,0,0,0,0,0.25
869,0,2,2,2,1,2,2,2,0.8125
870,0,2,2,1,1,2,2,2,0.75
872,2,2,2,1,1,2,2,0,0.75
873,2,2,2,1,1,1,1,0,0.625
874,2,2,2,2,1,1,2,2,0.875
875,2,2,2,1,1,2,0,0,0.625
876,2,2,2,2,1,1,2,0,0.75
877,2,2,1,1,2,2,2,2,0.875
878,0,2,2,0,0,0,0,0,0.25
879,0,2,2,2,1,1,2,2,0.75
880,0,2,2,2,1,1,0,0,0.5
881,0,2,2,2,1,2,2,0,0.6875
882,2,2,2,2,1,2,2,2,0.9375
883,2,2,2,2,2,2,2,2,1
884,0,1,2,0,0,0,0,0,0.1875
885,2,2,2,2,1,1,2,0,0.75
886,0,2,2,2,1,1,1,2,0.6875
887,2,1,2,2,1,2,2,2,0.875
888,2,2,2,1,1,1,0,0,0.5625
889,0,2,2,1,1,1,1,2,0.625
890,2,1,2,2,1,1,2,2,0.8125
891,2,2,2,1,1,2,2,2,0.875
892,0,1,2,2,1,1,2,2,0.6875
893,0,2,2,2,2,1,2,2,0.8125
894,0,1,2,1,1,1,0,0,0.375
895,2,1,2,2,2,1,2,2,0.875
896,0,2,2,1,2,2,2,2,0.8125
897,0,2,2,2,1,1,2,0,0.625
898,2,1,2,2,2,0,1,0,0.625
899,0,2,2,1,2,2,2,0,0.6875
900,0,2,2,2,1,2,2,2,0.8125
901,0,2,2,1,1,1,2,0,0.5625
902,2,0,1,2,1,1,2,2,0.6875
903,0,2,2,2,1,2,2,2,0.8125
904,2,2,2,1,1,1,2,2,0.8125
905,0,2,1,2,1,1,2,0,0.5625
906,0,1,2,1,1,1,2,2,0.625
907,2,1,2,2,1,2,2,0,0.75
908,0,2,2,2,1,1,2,0,0.625
909,0,2,2,1,1,1,2,2,0.6875
910,0,2,2,2,2,1,2,2,0.8125
911,2,2,2,2,1,2,2,2,0.9375
912,2,2,2,2,1,1,0,0,0.625
913,2,2,2,2,1,1,2,2,0.875
914,0,2,2,1,1,1,2,2,0.6875
915,0,2,2,1,1,1,1,0,0.5
916,2,1,2,2,2,2,1,0,0.75
917,0,2,2,2,2,1,2,2,0.8125
918,0,1,2,2,1,2,0,0,0.5
919,0,2,2,1,1,1,2,2,0.6875
920,0,2,2,1,1,1,2,2,0.6875
921,0,2,1,1,1,1,1,2,0.5625
922,0,2,2,2,2,1,0,0,0.5625
923,0,2,2,1,1,1,2,2,0.6875
924,0,2,2,1,1,1,0,0,0.4375
925,0,2,2,1,2,2,0,0,0.5625
926,2,2,2,2,1,2,2,2,0.9375
927,2,2,2,1,1,1,0,0,0.5625
928,0,2,2,2,2,1,2,2,0.8125
929,2,2,2,2,1,1,2,2,0.875
930,0,2,2,2,1,1,1,0,0.5625
931,2,2,2,1,2,1,0,0,0.625
932,2,2,2,2,2,1,2,2,0.9375
933,0,2,2,2,1,2,2,2,0.8125
934,0,2,1,1,1,1,1,2,0.5625
935,2,1,2,2,2,1,2,2,0.875
936,0,1,2,2,1,2,2,2,0.75
937,2,1,2,2,1,2,2,2,0.875
938,0,2,2,2,1,2,2,2,0.8125
939,0,1,2,2,1,2,2,2,0.75
940,0,2,2,2,2,1,2,2,0.8125
941,0,2,2,2,1,1,2,2,0.75
942,0,2,2,2,1,1,2,2,0.75
943,2,1,2,1,1,2,2,2,0.8125
944,0,2,2,1,1,1,2,2,0.6875
945,0,2,2,1,2,2,2,0,0.6875
946,0,2,1,0,0,0,0,0,0.1875
947,2,1,2,2,1,2,2,2,0.875
948,0,2,2,2,1,1,1,2,0.6875
949,0,2,2,2,2,2,2,2,0.875
950,0,2,2,2,2,1,1,2,0.75
951,0,2,1,2,2,1,2,2,0.75
952,0,1,1,2,2,2,2,0,0.625
953,0,2,2,2,1,1,0,0,0.5
954,0,2,2,2,2,1,2,2,0.8125
955,0,2,2,1,1,1,2,2,0.6875
956,0,2,2,2,1,1,2,2,0.75
957,0,2,2,2,2,1,2,0,0.6875
958,2,2,2,2,1,2,2,2,0.9375
959,0,0,1,1,2,1,2,0,0.4375
960,0,2,2,0,0,0,0,0,0.25
961,2,2,2,2,1,1,2,2,0.875
962,0,2,2,2,1,2,2,2,0.8125
963,0,2,2,1,1,1,2,0,0.5625
964,0,2,2,1,1,2,0,0,0.5
965,0,2,2,2,1,1,2,2,0.75
966,0,2,2,1,1,2,1,2,0.6875
967,0,2,2,1,1,2,2,2,0.75
968,0,2,2,1,1,1,0,0,0.4375
969,2,2,2,0,0,0,0,0,0.375
970,0,2,1,1,1,1,2,2,0.625
971,0,2,2,2,1,1,2,2,0.75
972,0,2,2,1,1,1,1,2,0.625
973,2,1,2,2,1,1,2,0,0.6875
974,0,1,1,0,0,0,0,0,0.125
975,0,2,2,2,1,1,2,0,0.625
976,2,2,2,1,1,1,0,0,0.5625
977,2,1,2,2,1,1,1,0,0.625
978,0,2,2,2,1,1,2,2,0.75
979,0,2,2,2,1,1,2,0,0.625
980,0,2,2,1,1,1,2,2,0.6875
981,0,2,2,2,1,1,2,0,0.625
982,2,2,2,2,1,1,2,0,0.75
983,0,2,2,1,1,1,2,2,0.6875
984,0,2,2,2,2,2,0,0,0.625
985,0,2,2,1,1,1,2,2,0.6875
986,2,2,2,2,1,1,2,2,0.875
987,0,2,1,1,1,1,2,2,0.625
988,0,2,2,2,1,1,2,2,0.75
989,2,2,1,1,1,1,1,2,0.6875
990,2,2,2,2,2,1,2,2,0.9375
991,2,2,2,1,1,2,2,2,0.875
992,0,2,2,2,1,1,1,2,0.6875
993,0,1,2,1,1,1,2,2,0.625
994,0,2,2,1,2,1,2,2,0.75
995,2,2,2,2,1,2,2,2,0.9375
996,0,2,2,2,2,1,2,2,0.8125
997,0,2,2,2,2,1,2,2,0.8125
998,0,2,2,1,1,1,2,2,0.6875
999,0,2,2,2,1,2,2,2,0.8125
1000,0,2,2,1,2,2,2,2,0.8125
1001,0,2,2,1,1,1,2,2,0.6875
1002,0,2,2,2,2,1,2,0,0.6875
1003,0,2,2,2,2,1,2,0,0.6875
1004,0,2,2,2,2,1,2,0,0.6875
1005,2,2,2,2,1,1,2,2,0.875
1006,0,2,2,1,1,2,2,2,0.75
1007,2,2,2,2,1,1,2,2,0.875
1008,0,2,2,1,1,2,2,0,0.625
1009,0,2,2,0,0,0,0,0,0.25
1010,0,2,2,1,1,2,2,2,0.75
1011,0,2,2,2,1,2,2,2,0.8125
1012,0,2,2,1,1,1,2,2,0.6875
1013,0,1,1,1,1,1,2,2,0.5625
1014,0,2,2,2,2,1,2,2,0.8125
1015,0,2,2,2,2,1,0,0,0.5625
1016,0,2,2,2,1,2,1,2,0.75
1017,0,2,2,2,1,1,2,2,0.75
1018,0,1,2,0,0,0,0,0,0.1875
1019,0,1,2,2,1,1,2,2,0.6875
1020,0,2,2,1,1,1,1,2,0.625
1021,0,2,2,1,2,1,0,0,0.5
1022,0,2,2,1,1,1,2,2,0.6875
1023,0,1,2,1,1,2,1,0,0.5
1024,0,2,2,1,1,2,2,2,0.75
1025,0,1,2,2,1,2,2,2,0.75
1026,2,2,2,2,1,1,1,2,0.8125
1027,0,2,1,2,1,1,2,2,0.6875
1028,0,2,2,2,1,1,2,2,0.75
1029,0,1,2,1,2,1,2,2,0.6875
1030,0,2,2,2,1,1,2,0,0.625
1031,0,2,2,1,2,1,2,2,0.75
1032,0,2,2,1,1,1,2,2,0.6875
1033,2,1,2,1,1,1,0,0,0.5
1034,2,2,2,2,1,1,1,2,0.8125
1036,0,2,2,1,1,1,2,2,0.6875
1037,0,2,2,1,2,1,2,2,0.75
1038,2,2,2,2,2,2,1,0,0.8125
1039,0,2,2,0,0,0,0,0,0.25
1040,2,2,2,2,1,1,2,0,0.75
1041,0,2,2,1,1,1,1,0,0.5
1042,2,2,2,2,1,1,2,2,0.875
1043,0,2,2,1,1,2,0,0,0.5
1044,0,1,2,1,2,1,2,0,0.5625
1045,0,2,2,2,1,1,2,2,0.75
1046,2,2,2,2,2,1,2,2,0.9375
1047,0,2,1,2,1,1,1,2,0.625
1048,0,1,2,1,1,2,2,0,0.5625
1049,2,2,2,0,0,0,0,0,0.375
1050,0,2,2,0,0,0,0,0,0.25
1051,0,2,2,2,2,1,2,2,0.8125
1052,0,1,1,2,1,1,0,0,0.375
1053,0,1,2,1,1,2,2,2,0.6875
1054,2,1,2,1,1,1,2,2,0.75
1055,0,2,1,2,2,1,1,2,0.6875
1056,0,1,2,1,1,1,2,2,0.625
1057,0,1,1,2,2,1,2,0,0.5625
1058,0,1,2,1,2,1,2,2,0.6875
1059,2,1,2,1,1,1,1,2,0.6875
1060,0,2,2,2,2,1,2,0,0.6875
1061,2,2,2,1,2,1,0,0,0.625
1062,0,2,2,1,1,1,2,2,0.6875
1063,0,2,2,1,2,2,2,2,0.8125
1064,2,2,2,1,1,1,2,2,0.8125
1065,0,2,2,1,1,2,2,2,0.75
1066,2,2,2,1,1,1,1,2,0.75
1067,0,2,2,2,1,1,2,2,0.75
1068,2,1,2,2,2,2,2,2,0.9375
1069,0,2,2,0,0,0,0,0,0.25
1070,0,2,2,1,1,1,2,2,0.6875
1071,0,2,2,1,1,1,1,2,0.625
1072,2,2,2,1,1,1,2,2,0.8125
1073,0,1,2,1,2,1,1,2,0.625
1074,0,2,2,1,1,1,0,0,0.4375
1075,0,2,1,1,1,1,1,2,0.5625
1076,0,2,2,2,1,1,1,2,0.6875
1077,0,1,2,1,2,2,1,2,0.6875
1078,2,2,2,2,1,2,2,2,0.9375
1079,0,2,2,1,1,1,1,2,0.625
1080,0,2,2,1,2,2,2,2,0.8125
1081,0,2,2,2,1,1,2,2,0.75
1082,0,2,1,2,2,1,1,2,0.6875
1083,2,2,2,2,1,1,0,0,0.625
1084,0,2,2,1,2,2,2,0,0.6875
1085,0,2,2,1,1,1,2,2,0.6875
1086,2,1,2,1,2,1,1,2,0.75
1087,0,2,2,1,1,1,1,2,0.625
1088,2,2,2,1,1,1,2,2,0.8125
1089,0,1,2,2,1,2,2,2,0.75
1090,2,1,2,1,1,1,2,0,0.625
1091,2,2,2,2,1,1,2,2,0.875
1092,0,2,2,2,1,1,2,2,0.75
1093,2,2,2,1,1,1,0,0,0.5625
1094,0,2,2,0,0,0,0,0,0.25
1095,0,2,2,1,1,2,2,2,0.75
1096,0,1,2,2,1,2,2,2,0.75
1097,0,2,2,1,1,1,2,2,0.6875
1098,0,2,2,1,1,2,1,2,0.6875
1099,0,2,2,1,1,1,2,0,0.5625
1100,0,1,2,1,2,1,2,0,0.5625
1357,0,2,2,2,2,1,2,2,0.8125