respondent_id,Q1,Q5,Q11,Q12,Q13,Q16,Q18,Q22,Q23,Q25,Q27,knowledge_score,gender_female,gender_male,gender_non-binary,gender_prefer_not_to_say,age_less_than_18,age_19-30,age_31-40,age_41-55,age_56-65,age_over_65,country_Italy,educational_level_primary_school,educational_level_high_school,educational_level_bachelors_degree,educational_level_masters_degree,educational_level_PhD_or_equivalent,Cluster
1,1,1,1,1,2,2,2,1,1,1,1,1.0,1,0,0,0,0,1,0,0,0,0,1,0,0,0,1,0,1
2,1,1,1,1,2,2,2,1,1,1,0,0.928571429,1,0,0,0,0,0,1,0,0,0,1,0,0,0,1,0,1
3,1,1,1,1,2,2,2,1,1,1,1,1.0,1,0,0,0,0,0,0,1,0,0,1,0,0,1,0,0,1
4,1,1,1,1,2,2,2,1,1,1,1,1.0,0,1,0,0,0,0,1,0,0,0,1,0,0,0,1,0,3
5,1,1,1,1,2,2,1,1,1,1,1,0.928571429,1,0,0,0,0,1,0,0,0,0,1,0,0,0,0,1,2
6,1,1,1,1,2,2,2,1,1,1,1,1.0,1,0,0,0,0,0,1,0,0,0,1,0,0,0,1,0,1
7,1,1,1,1,2,2,2,1,1,1,1,1.0,1,0,0,0,0,0,1,0,0,0,1,0,0,0,1,0,1
9,1,1,1,0,1,1,1,0,0,0,0,0.428571429,0,1,0,0,0,0,1,0,0,0,1,0,0,0,1,0,2
11,1,0,1,1,1,2,2,1,1,1,0,0.785714286,1,0,0,0,0,0,0,1,0,0,1,0,0,1,0,0,1
14,1,1,1,0,1,1,1,1,1,1,1,0.714285714,0,1,0,0,0,1,0,0,0,0,1,0,0,0,1,0,2
16,1,1,1,1,2,2,1,1,1,1,0,0.857142857,0,1,0,0,0,0,0,0,0,1,1,0,0,0,0,1,2
17,1,1,1,1,2,2,0,1,1,1,1,0.857142857,0,0,1,0,0,1,0,0,0,0,1,0,0,0,1,0,2
19,1,0,1,1,2,1,2,1,1,1,1,0.857142857,1,0,0,0,1,0,0,0,0,0,1,0,1,0,0,0,1
21,1,1,1,1,2,2,2,1,1,1,1,1.0,0,1,0,0,0,1,0,0,0,0,1,0,0,0,1,0,3
47,1,1,1,1,2,2,2,1,1,1,1,1.0,0,1,0,0,0,1,0,0,0,0,1,0,0,0,1,0,3
50,1,1,1,0,2,2,2,1,1,1,1,0.928571429,1,0,0,0,0,1,0,0,0,0,1,0,0,1,0,0,1
55,1,0,1,1,2,1,2,1,1,0,1,0.785714286,0,1,0,0,0,0,0,1,0,0,1,0,0,0,1,0,3
77,1,1,1,1,2,2,2,1,1,1,1,1.0,1,0,0,0,0,0,0,1,0,0,1,0,1,0,0,0,1
78,1,1,1,0,2,2,2,1,1,1,1,0.928571429,1,0,0,0,0,0,0,1,0,0,1,0,0,0,0,1,1
79,1,1,1,1,2,2,2,1,1,1,1,1.0,0,1,0,0,0,1,0,0,0,0,1,0,0,0,1,0,3
80,1,0,1,1,2,2,2,1,1,1,1,0.928571429,1,0,0,0,0,0,1,0,0,0,1,0,0,0,1,0,1
81,1,0,1,1,2,2,2,1,1,1,1,0.928571429,1,0,0,0,0,1,0,0,0,0,1,0,0,0,1,0,1
82,1,1,0,0,0,0,0,0,0,0,0,0.142857143,0,1,0,0,0,0,0,0,0,1,1,0,1,0,0,0,0
83,1,1,1,0,2,2,1,1,1,1,1,0.857142857,1,0,0,0,0,0,0,0,0,1,1,0,1,0,0,0,2
84,1,0,1,1,1,2,1,1,1,1,1,0.785714286,1,0,0,0,0,0,0,1,0,0,1,1,0,0,0,0,2
85,1,1,1,0,2,2,2,1,1,1,0,0.857142857,0,1,0,0,0,0,1,0,0,0,1,0,0,0,1,0,1
86,1,1,1,0,2,2,2,1,1,1,1,0.928571429,1,0,0,0,0,1,0,0,0,0,1,0,0,0,1,0,1
87,1,1,1,0,2,2,2,0,0,0,0,0.642857143,1,0,0,0,0,1,0,0,0,0,1,0,0,1,0,0,1
88,1,1,1,1,2,1,1,1,1,1,0,0.785714286,0,1,0,0,0,0,1,0,0,0,1,0,0,0,0,1,2
89,1,1,1,0,2,2,2,1,1,1,1,0.928571429,1,0,0,0,0,1,0,0,0,0,1,0,0,0,1,0,1
90,1,1,1,1,2,2,2,1,1,1,1,1.0,1,0,0,0,0,0,0,1,0,0,1,0,0,0,0,1,1
91,1,1,1,1,2,1,2,1,1,1,0,0.857142857,0,1,0,0,0,0,0,1,0,0,1,0,0,0,0,1,3
92,1,1,1,1,2,2,2,1,1,1,0,0.928571429,1,0,0,0,0,1,0,0,0,0,1,0,1,0,0,0,1
93,1,0,1,1,2,1,0,1,1,1,0,0.642857143,1,0,0,0,0,0,0,1,0,0,1,0,0,0,1,0,2
94,1,0,1,1,2,2,2,1,1,1,0,0.857142857,0,1,0,0,0,0,1,0,0,0,1,0,0,0,0,1,1
95,1,1,1,0,2,2,1,1,1,1,1,0.857142857,1,0,0,0,0,0,0,0,1,0,1,0,0,0,0,1,2
96,1,1,1,0,2,2,2,1,1,1,1,0.928571429,1,0,0,0,0,0,0,1,0,0,1,0,1,0,0,0,1
97,1,1,1,1,2,2,2,1,1,1,1,1.0,1,0,0,0,0,0,1,0,0,0,1,0,0,0,0,1,1
98,1,0,1,1,2,2,1,1,1,1,0,0.785714286,0,1,0,0,0,0,1,0,0,0,1,0,0,1,0,0,2
99,1,1,1,1,2,2,2,1,1,1,0,0.928571429,1,0,0,0,0,1,0,0,0,0,1,0,1,0,0,0,1
100,1,1,1,0,2,2,2,1,1,1,1,0.928571429,0,1,0,0,0,0,1,0,0,0,1,0,0,0,1,0,3
101,1,1,1,1,2,2,2,1,1,1,1,1.0,1,0,0,0,0,0,0,0,0,1,1,0,1,0,0,0,1
102,1,1,1,1,2,2,2,1,1,1,1,1.0,1,0,0,0,0,0,0,1,0,0,1,0,1,0,0,0,1
103,1,1,1,1,2,2,2,1,1,1,1,1.0,0,1,0,0,0,0,0,0,0,1,1,0,1,0,0,0,3
104,1,1,1,0,2,2,2,0,0,0,0,0.642857143,1,0,0,0,0,0,0,1,0,0,1,0,1,0,0,0,1
105,1,0,1,1,1,2,1,1,1,1,0,0.714285714,1,0,0,0,0,0,1,0,0,0,1,0,0,0,0,1,2
106,1,1,1,0,2,2,2,0,0,0,0,0.642857143,1,0,0,0,0,0,0,0,1,0,1,0,1,0,0,0,1
107,1,1,1,0,2,2,1,0,0,0,0,0.571428571,1,0,0,0,0,0,1,0,0,0,1,0,1,0,0,0,2
108,1,1,1,0,2,2,2,1,1,1,1,0.928571429,1,0,0,0,0,0,0,1,0,0,1,0,1,0,0,0,1
109,1,1,1,1,1,2,2,1,1,1,1,0.928571429,1,0,0,0,0,0,0,1,0,0,1,0,0,0,1,0,1
110,1,1,1,0,2,2,2,1,1,1,1,0.928571429,0,1,0,0,0,0,0,1,0,0,1,0,0,1,0,0,3
111,1,0,1,0,2,1,2,1,1,1,0,0.714285714,0,1,0,0,0,0,0,1,0,0,1,0,0,0,1,0,3
112,1,0,1,1,2,2,1,1,1,1,1,0.857142857,1,0,0,0,0,0,0,1,0,0,1,0,0,0,0,1,2
113,1,0,1,1,1,2,2,1,1,1,1,0.857142857,0,1,0,0,0,1,0,0,0,0,1,0,0,0,1,0,3
114,1,0,1,1,2,2,2,1,1,1,1,0.928571429,1,0,0,0,0,1,0,0,0,0,1,0,0,0,1,0,1
115,1,0,1,1,2,2,2,1,1,1,0,0.857142857,1,0,0,0,0,1,0,0,0,0,1,0,0,0,1,0,1
116,1,1,1,0,2,2,2,1,1,1,0,0.857142857,1,0,0,0,0,0,0,1,0,0,1,0,0,0,1,0,1
117,1,1,1,1,2,2,1,1,1,1,1,0.928571429,1,0,0,0,0,0,0,1,0,0,1,0,0,0,0,1,2
118,1,1,1,0,2,2,2,1,1,1,1,0.928571429,0,1,0,0,0,0,0,0,1,0,1,0,0,0,1,0,3
119,1,1,1,0,2,2,2,1,1,1,0,0.857142857,0,1,0,0,0,0,1,0,0,0,1,0,0,0,0,1,1
120,1,1,1,0,2,2,2,1,1,1,1,0.928571429,1,0,0,0,0,0,0,1,0,0,1,0,0,0,1,0,1
121,1,0,1,1,2,2,2,1,1,1,0,0.857142857,0,1,0,0,0,0,0,1,0,0,1,0,0,0,1,0,1
122,0,0,1,1,2,2,2,1,1,1,0,0.785714286,1,0,0,0,0,1,0,0,0,0,1,0,0,1,0,0,1
123,1,0,1,1,2,2,2,1,1,1,0,0.857142857,1,0,0,0,0,1,0,0,0,0,1,0,1,0,0,0,1
124,1,0,1,0,1,1,1,1,1,1,0,0.571428571,1,0,0,0,0,0,0,0,1,0,1,0,1,0,0,0,2
125,1,1,1,1,2,2,2,1,1,1,1,1.0,1,0,0,0,0,0,1,0,0,0,1,0,0,0,0,1,1
126,1,1,1,0,2,2,2,1,1,1,0,0.857142857,0,1,0,0,0,0,0,1,0,0,1,0,0,0,1,0,1
127,1,0,0,0,0,0,0,0,0,0,0,0.071428571,1,0,0,0,0,0,0,1,0,0,1,0,1,0,0,0,0
128,1,1,1,0,2,2,2,0,0,0,0,0.642857143,0,1,0,0,0,1,0,0,0,0,1,0,0,0,1,0,3
129,1,0,0,0,0,0,0,0,0,0,0,0.071428571,1,0,0,0,0,0,0,0,1,0,1,0,1,0,0,0,0
130,0,1,0,0,0,0,0,0,0,0,0,0.071428571,1,0,0,0,0,1,0,0,0,0,1,0,1,0,0,0,0
131,1,0,1,0,2,2,2,0,0,0,0,0.571428571,1,0,0,0,0,0,1,0,0,0,1,0,1,0,0,0,1
132,1,1,1,1,2,2,2,1,1,1,1,1.0,1,0,0,0,0,0,1,0,0,0,1,0,0,0,0,1,1
133,1,0,1,1,2,2,2,1,1,1,0,0.857142857,1,0,0,0,0,0,1,0,0,0,1,0,0,1,0,0,1
134,1,1,1,0,2,2,2,1,1,1,1,0.928571429,1,0,0,0,0,0,0,1,0,0,1,0,0,1,0,0,1
135,1,1,1,0,2,2,2,1,1,1,1,0.928571429,1,0,0,0,0,0,1,0,0,0,1,0,0,0,1,0,1
136,1,0,1,1,2,2,2,1,1,1,0,0.857142857,1,0,0,0,0,1,0,0,0,0,1,0,1,0,0,0,1
137,1,1,1,1,2,2,2,1,1,1,1,1.0,1,0,0,0,0,0,1,0,0,0,1,0,0,0,1,0,1
138,1,1,1,1,2,2,1,1,1,1,0,0.857142857,1,0,0,0,0,0,1,0,0,0,1,1,0,0,0,0,2
139,1,1,1,1,2,2,1,1,1,1,0,0.857142857,0,1,0,0,0,0,0,1,0,0,1,0,0,0,1,0,2
140,1,0,1,1,2,1,1,1,1,1,0,0.714285714,1,0,0,0,0,0,1,0,0,0,1,0,0,1,0,0,2
141,1,0,1,1,2,2,2,1,1,1,0,0.857142857,1,0,0,0,0,0,1,0,0,0,1,0,0,0,0,1,1
142,1,1,1,0,2,2,2,1,1,1,1,0.928571429,0,1,0,0,0,0,0,1,0,0,1,0,1,0,0,0,3
143,1,1,1,1,2,2,1,1,1,1,0,0.857142857,1,0,0,0,0,0,1,0,0,0,1,0,0,1,0,0,2
144,1,0,1,1,2,2,2,0,0,0,0,0.642857143,1,0,0,0,0,1,0,0,0,0,1,0,0,0,1,0,1
145,1,1,0,0,0,0,0,0,0,0,0,0.142857143,1,0,0,0,0,0,1,0,0,0,1,0,0,0,0,1,0
146,1,1,1,1,2,1,2,1,1,1,0,0.857142857,1,0,0,0,0,1,0,0,0,0,1,0,1,0,0,0,1
147,1,1,1,1,2,2,2,1,1,1,1,1.0,1,0,0,0,0,1,0,0,0,0,1,0,0,1,0,0,1
148,1,1,1,0,2,2,2,1,1,1,0,0.857142857,0,1,0,0,0,0,0,0,0,1,1,0,0,0,1,0,1
149,1,0,1,0,2,2,2,0,0,0,0,0.571428571,1,0,0,0,0,0,0,1,0,0,1,0,1,0,0,0,1
150,1,0,1,1,2,2,2,1,1,1,1,0.928571429,1,0,0,0,0,0,1,0,0,0,1,0,0,0,1,0,1
151,1,1,1,1,2,2,2,1,1,1,1,1.0,1,0,0,0,0,0,1,0,0,0,1,0,0,0,0,1,1
152,0,1,1,0,2,2,1,0,0,0,0,0.5,1,0,0,0,0,1,0,0,0,0,1,0,0,0,1,0,2
153,1,1,1,0,2,2,1,0,0,0,0,0.571428571,0,1,0,0,0,0,0,1,0,0,1,0,1,0,0,0,2
154,1,1,1,0,2,2,1,1,1,1,1,0.857142857,0,1,0,0,0,1,0,0,0,0,1,0,0,0,1,0,2
155,1,0,0,0,0,0,0,0,0,0,0,0.071428571,1,0,0,0,0,0,0,0,1,0,1,0,1,0,0,0,0
156,1,0,1,0,1,1,1,1,1,1,1,0.642857143,1,0,0,0,0,0,0,0,1,0,1,0,1,0,0,0,2
157,1,1,1,0,1,1,2,0,0,0,0,0.5,1,0,0,0,0,0,0,1,0,0,1,0,0,0,0,1,1
158,1,0,1,0,2,2,1,1,1,1,1,0.785714286,1,0,0,0,0,0,0,0,1,0,1,0,1,0,0,0,2
159,1,1,1,1,2,2,2,1,1,1,0,0.928571429,0,1,0,0,0,1,0,0,0,0,1,0,1,0,0,0,3
160,1,1,1,1,2,2,2,1,1,1,1,1.0,1,0,0,0,0,1,0,0,0,0,1,0,0,1,0,0,1
161,1,0,1,1,2,2,2,0,0,0,0,0.642857143,1,0,0,0,0,1,0,0,0,0,1,0,1,0,0,0,1
162,1,1,1,1,2,2,2,1,1,1,0,0.928571429,0,1,0,0,0,1,0,0,0,0,1,0,1,0,0,0,3
163,1,1,1,1,2,2,1,1,1,1,1,0.928571429,0,0,1,0,0,1,0,0,0,0,1,0,1,0,0,0,2
164,1,0,1,1,1,1,2,1,1,1,0,0.714285714,0,1,0,0,0,0,0,1,0,0,1,0,1,0,0,0,3
165,1,1,1,0,2,2,2,1,1,1,1,0.928571429,1,0,0,0,0,0,0,0,1,0,1,0,0,0,1,0,1
166,1,1,1,0,2,2,1,1,1,1,0,0.785714286,0,1,0,0,0,0,0,0,1,0,1,0,0,0,1,0,2
167,1,1,1,1,2,2,2,1,1,1,1,1.0,1,0,0,0,0,1,0,0,0,0,1,0,0,0,0,1,1
168,1,1,1,0,2,2,2,1,1,1,1,0.928571429,0,1,0,0,0,1,0,0,0,0,1,0,1,0,0,0,3
169,1,0,1,1,2,2,2,0,0,0,0,0.642857143,0,1,0,0,0,0,0,0,1,0,1,0,1,0,0,0,1
171,1,1,0,0,0,0,0,0,0,0,0,0.142857143,1,0,0,0,0,0,0,1,0,0,1,1,0,0,0,0,0
172,1,0,1,1,2,2,2,1,1,1,0,0.857142857,1,0,0,0,0,0,0,1,0,0,1,0,0,0,1,0,1
173,1,0,1,1,1,2,2,1,1,1,0,0.785714286,1,0,0,0,0,0,1,0,0,0,1,0,0,0,0,1,1
174,1,0,0,0,0,0,0,0,0,0,0,0.071428571,1,0,0,0,0,0,0,1,0,0,1,0,1,0,0,0,0
175,1,0,1,1,2,2,2,0,0,0,0,0.642857143,1,0,0,0,0,0,0,1,0,0,1,0,1,0,0,0,1
176,1,1,1,1,2,2,2,1,1,1,0,0.928571429,0,1,0,0,0,1,0,0,0,0,1,0,1,0,0,0,3
177,1,1,1,1,2,2,2,1,1,1,1,1.0,1,0,0,0,0,1,0,0,0,0,1,0,1,0,0,0,1
178,1,1,1,1,2,2,2,1,1,1,1,1.0,1,0,0,0,0,0,0,0,1,0,1,0,0,0,1,0,1
179,1,0,1,1,2,2,1,1,1,1,0,0.785714286,1,0,0,0,0,0,0,0,1,0,1,0,0,0,1,0,2
180,1,1,1,0,2,2,1,1,1,1,1,0.857142857,1,0,0,0,0,0,0,0,1,0,1,0,0,0,1,0,2
181,1,0,1,0,1,2,2,1,1,1,1,0.785714286,1,0,0,0,0,0,0,0,1,0,1,0,1,0,0,0,1
182,1,1,1,1,2,2,1,1,1,1,1,0.928571429,0,1,0,0,0,0,0,1,0,0,1,0,0,0,0,1,2
183,1,1,1,1,2,2,2,1,1,1,1,1.0,0,1,0,0,0,0,0,0,1,0,1,0,0,0,0,1,3
184,1,1,1,0,2,1,2,1,1,1,1,0.857142857,0,1,0,0,0,0,0,0,0,1,1,0,0,0,1,0,3
185,1,1,1,1,2,2,2,1,1,1,1,1.0,1,0,0,0,0,1,0,0,0,0,1,0,1,0,0,0,1
186,1,1,1,1,2,2,2,1,1,1,0,0.928571429,1,0,0,0,0,1,0,0,0,0,1,0,1,0,0,0,1
187,1,1,1,1,2,2,2,1,1,1,1,1.0,1,0,0,0,0,1,0,0,0,0,1,0,1,0,0,0,1
188,1,0,1,1,2,2,2,1,1,1,0,0.857142857,0,1,0,0,0,1,0,0,0,0,1,0,1,0,0,0,3
189,1,0,1,0,2,1,2,1,1,1,1,0.785714286,1,0,0,0,0,0,1,0,0,0,1,0,0,0,0,1,1
190,1,0,1,1,2,2,2,1,1,1,0,0.857142857,1,0,0,0,0,0,0,0,1,0,1,0,0,0,1,0,1
191,1,1,1,0,2,2,1,0,0,0,0,0.571428571,0,1,0,0,0,0,1,0,0,0,1,0,0,0,0,1,2
192,1,0,1,1,2,2,2,1,1,1,0,0.857142857,1,0,0,0,0,0,0,0,1,0,1,0,0,0,1,0,1
193,1,1,1,1,2,2,2,1,1,1,0,0.928571429,0,1,0,0,0,0,0,0,1,0,1,0,0,0,0,1,1
194,1,1,1,0,2,1,1,0,0,0,0,0.5,0,1,0,0,0,0,0,1,0,0,1,0,0,1,0,0,2
195,1,1,1,1,2,2,1,1,1,1,0,0.857142857,1,0,0,0,0,0,0,0,1,0,1,0,0,0,1,0,2
196,1,1,1,1,2,2,2,1,1,1,1,1.0,0,1,0,0,0,1,0,0,0,0,1,0,1,0,0,0,3
197,1,1,1,1,2,2,2,1,1,1,1,1.0,1,0,0,0,0,0,0,1,0,0,1,0,0,0,0,1,1
198,1,0,1,1,2,2,2,1,1,1,0,0.857142857,0,1,0,0,0,0,0,0,0,1,1,0,0,0,1,0,1
199,1,1,1,0,2,2,2,0,0,0,0,0.642857143,1,0,0,0,0,1,0,0,0,0,1,0,1,0,0,0,1
200,1,0,1,1,2,2,1,1,1,1,1,0.857142857,0,1,0,0,0,0,1,0,0,0,1,0,0,0,1,0,2
201,1,1,1,1,2,2,2,1,1,1,1,1.0,1,0,0,0,0,0,1,0,0,0,1,0,0,0,1,0,1
202,1,0,1,1,2,2,2,1,1,1,0,0.857142857,0,0,0,1,0,0,0,0,1,0,1,0,0,0,1,0,1
203,1,0,1,1,2,2,1,1,1,1,0,0.785714286,1,0,0,0,0,0,0,1,0,0,1,0,0,1,0,0,2
204,1,1,1,1,2,2,2,1,1,1,0,0.928571429,1,0,0,0,0,0,0,0,1,0,1,0,0,0,1,0,1
205,1,0,1,0,1,2,1,1,1,1,0,0.642857143,1,0,0,0,0,0,0,0,1,0,1,0,1,0,0,0,2
206,1,1,1,1,2,2,2,1,1,1,0,0.928571429,1,0,0,0,0,1,0,0,0,0,1,0,0,1,0,0,1
207,0,0,1,0,2,2,2,1,1,1,1,0.785714286,0,1,0,0,0,1,0,0,0,0,1,0,1,0,0,0,3
208,1,1,1,1,2,2,2,1,1,1,1,1.0,0,1,0,0,0,1,0,0,0,0,1,0,1,0,0,0,3
209,1,1,1,1,2,1,2,1,1,1,1,0.928571429,1,0,0,0,0,0,0,0,1,0,1,0,0,0,1,0,1
210,1,1,1,0,2,2,2,1,1,1,1,0.928571429,0,1,0,0,0,0,0,1,0,0,1,0,0,0,0,1,3
211,1,1,1,0,2,2,1,1,1,1,0,0.785714286,1,0,0,0,0,0,0,1,0,0,1,0,0,0,1,0,2
212,1,1,1,1,2,2,2,1,1,1,1,1.0,0,1,0,0,0,0,1,0,0,0,1,0,0,0,0,1,3
213,1,1,1,0,2,2,1,1,1,1,1,0.857142857,1,0,0,0,0,0,0,1,0,0,1,0,0,0,0,1,2
214,1,0,1,0,2,0,0,1,0,0,1,0.428571429,0,1,0,0,0,0,0,0,1,0,1,0,0,0,0,1,2
215,1,1,1,1,2,2,2,1,1,1,0,0.928571429,1,0,0,0,0,1,0,0,0,0,1,0,1,0,0,0,1
216,1,0,1,1,2,2,2,1,1,1,0,0.857142857,1,0,0,0,0,0,1,0,0,0,1,0,0,0,1,0,1
217,1,0,1,1,2,2,2,1,1,1,0,0.857142857,1,0,0,0,1,0,0,0,0,0,1,0,1,0,0,0,1
218,1,1,1,0,2,1,1,1,1,1,1,0.785714286,1,0,0,0,0,1,0,0,0,0,1,0,1,0,0,0,2
219,0,0,1,1,2,2,1,1,1,1,1,0.785714286,1,0,0,0,0,1,0,0,0,0,1,1,0,0,0,0,2
220,0,0,1,1,2,2,1,1,1,1,1,0.785714286,1,0,0,0,0,1,0,0,0,0,1,0,1,0,0,0,2
221,1,1,1,1,2,2,2,1,1,0,1,0.928571429,1,0,0,0,0,1,0,0,0,0,1,0,1,0,0,0,1
222,0,0,1,0,2,2,1,1,1,1,1,0.714285714,1,0,0,0,0,1,0,0,0,0,1,1,0,0,0,0,2
223,1,1,1,1,2,2,2,1,1,1,1,1.0,0,1,0,0,0,1,0,0,0,0,1,0,0,1,0,0,3
224,0,0,1,0,2,2,1,1,1,1,0,0.642857143,1,0,0,0,0,1,0,0,0,0,1,0,1,0,0,0,2
225,1,1,1,1,2,2,2,1,1,1,1,1.0,0,1,0,0,0,0,0,0,1,0,1,0,1,0,0,0,3
226,1,1,1,1,2,1,2,1,1,0,1,0.857142857,1,0,0,0,0,1,0,0,0,0,1,1,0,0,0,0,3
227,1,1,1,0,2,2,1,1,1,1,0,0.785714286,1,0,0,0,0,1,0,0,0,0,1,0,1,0,0,0,2
228,0,0,1,1,2,2,2,1,1,1,1,0.857142857,1,0,0,0,0,1,0,0,0,0,1,0,1,0,0,0,1
229,0,0,1,1,2,2,1,1,1,1,0,0.714285714,1,0,0,0,0,1,0,0,0,0,1,0,1,0,0,0,2
230,1,0,1,0,1,1,1,1,1,1,0,0.571428571,1,0,0,0,0,1,0,0,0,0,1,0,1,0,0,0,2
231,0,0,1,1,2,1,1,1,1,1,1,0.714285714,1,0,0,0,0,1,0,0,0,0,1,0,1,0,0,0,2
232,0,1,1,1,2,1,1,1,1,1,1,0.785714286,1,0,0,0,0,1,0,0,0,0,1,0,1,0,0,0,2
233,1,1,1,1,2,2,2,1,1,1,1,1.0,1,0,0,0,0,1,0,0,0,0,1,0,1,0,0,0,1
234,0,1,1,1,2,2,1,1,1,1,1,0.857142857,1,0,0,0,0,1,0,0,0,0,1,0,1,0,0,0,2
235,1,0,1,1,2,2,2,1,1,1,0,0.857142857,1,0,0,0,0,0,0,1,0,0,1,0,1,0,0,0,1
236,1,0,1,1,2,2,1,1,1,1,0,0.785714286,1,0,0,0,0,0,0,1,0,0,1,0,0,0,0,1,2
237,1,0,1,0,2,2,1,1,1,1,1,0.785714286,1,0,0,0,0,0,0,1,0,0,1,0,0,0,0,1,2
238,1,0,1,0,2,1,2,0,0,0,0,0.5,1,0,0,0,0,0,0,1,0,0,1,0,0,0,1,0,1
239,1,1,1,1,2,2,2,1,1,1,0,0.928571429,0,0,0,1,0,0,0,0,1,0,1,0,1,0,0,0,1
240,1,1,1,0,2,2,2,1,1,1,1,0.928571429,1,0,0,0,0,1,0,0,0,0,1,0,1,0,0,0,1
241,1,1,1,1,2,2,1,1,1,1,1,0.928571429,0,1,0,0,0,0,0,1,0,0,1,0,0,0,1,0,2
242,1,1,1,1,2,2,1,1,1,1,0,0.857142857,1,0,0,0,0,0,0,0,1,0,1,0,0,1,0,0,2
243,1,1,1,1,2,2,2,1,1,1,0,0.928571429,1,0,0,0,0,0,1,0,0,0,1,0,0,0,1,0,1
244,1,0,0,0,0,0,0,0,0,0,0,0.071428571,1,0,0,0,0,0,0,1,0,0,1,0,1,0,0,0,0
245,1,1,1,1,2,2,2,1,1,1,0,0.928571429,1,0,0,0,0,0,1,0,0,0,1,0,0,0,1,0,1
246,1,0,1,1,2,2,2,1,1,1,0,0.857142857,1,0,0,0,0,0,0,1,0,0,1,0,0,0,1,0,1
247,1,0,1,1,2,2,2,1,1,1,0,0.857142857,0,0,1,0,0,0,1,0,0,0,1,0,0,1,0,0,1
248,1,1,1,1,2,2,2,1,1,1,1,1.0,1,0,0,0,0,0,0,1,0,0,1,0,1,0,0,0,1
249,1,1,1,1,2,2,2,1,1,1,1,1.0,1,0,0,0,0,0,0,1,0,0,1,0,0,0,1,0,1
250,1,0,1,0,2,2,2,1,1,1,1,0.857142857,1,0,0,0,0,0,0,0,1,0,1,0,1,0,0,0,1
251,1,0,1,1,2,2,1,1,1,1,0,0.785714286,1,0,0,0,0,0,0,0,1,0,1,0,0,0,0,1,2
252,1,1,1,0,2,2,2,1,1,1,0,0.857142857,1,0,0,0,0,0,0,0,1,0,1,0,1,0,0,0,1
253,1,1,1,0,2,2,2,0,0,0,0,0.642857143,1,0,0,0,0,1,0,0,0,0,1,0,1,0,0,0,1
254,1,1,0,0,0,0,0,0,0,0,0,0.142857143,0,1,0,0,0,1,0,0,0,0,1,0,1,0,0,0,0
255,1,0,1,0,1,2,2,1,1,1,1,0.785714286,1,0,0,0,0,1,0,0,0,0,1,0,1,0,0,0,3
256,1,1,1,1,2,2,2,1,1,1,0,0.928571429,1,0,0,0,0,0,1,0,0,0,1,0,0,1,0,0,1
257,1,1,1,1,2,2,2,1,1,1,0,0.928571429,0,1,0,0,0,0,0,0,1,0,1,0,1,0,0,0,1
258,1,1,1,0,2,2,1,1,1,1,1,0.857142857,0,1,0,0,0,0,0,1,0,0,1,0,0,0,1,0,2
259,1,1,1,0,2,0,1,0,0,0,0,0.428571429,0,1,0,0,0,0,1,0,0,0,1,0,0,1,0,0,2
260,1,1,1,0,2,2,2,1,1,1,1,0.928571429,1,0,0,0,0,0,0,1,0,0,1,0,0,1,0,0,1
261,1,1,1,1,2,2,2,1,1,1,1,1.0,0,1,0,0,0,0,0,1,0,0,1,0,1,0,0,0,3
262,1,1,1,1,2,2,2,1,1,1,0,0.928571429,0,1,0,0,0,0,0,1,0,0,1,0,0,1,0,0,1
263,1,0,1,0,2,2,1,1,1,1,1,0.785714286,0,1,0,0,0,0,0,1,0,0,1,0,0,0,0,1,2
264,1,1,1,1,2,2,2,1,1,1,1,1.0,0,1,0,0,0,1,0,0,0,0,1,0,0,1,0,0,3
265,1,1,1,0,2,2,2,1,1,1,1,0.928571429,1,0,0,0,0,0,0,1,0,0,1,0,0,0,1,0,1
266,0,1,1,1,1,2,1,1,1,1,1,0.785714286,0,1,0,0,0,1,0,0,0,0,1,0,1,0,0,0,3
267,1,0,1,0,2,2,1,1,1,1,1,0.785714286,0,1,0,0,0,0,1,0,0,0,1,0,0,0,1,0,2
268,1,1,1,1,2,1,1,1,1,1,0,0.785714286,0,1,0,0,0,0,0,0,1,0,1,0,0,0,0,1,2
269,1,0,1,1,2,2,2,1,1,1,0,0.857142857,1,0,0,0,0,0,0,1,0,0,1,0,1,0,0,0,1
270,1,1,1,1,2,2,2,1,1,1,1,1.0,1,0,0,0,0,0,0,1,0,0,1,0,0,0,1,0,1
271,1,1,1,1,2,2,2,1,1,1,1,1.0,0,1,0,0,0,1,0,0,0,0,1,0,0,0,1,0,3
272,1,1,1,1,2,2,2,1,1,1,0,0.928571429,0,1,0,0,0,0,1,0,0,0,1,0,0,0,0,1,1
273,1,1,1,0,2,2,2,0,0,0,0,0.642857143,1,0,0,0,0,1,0,0,0,0,1,0,1,0,0,0,1
274,1,1,1,1,2,2,2,1,1,1,1,1.0,0,1,0,0,0,1,0,0,0,0,1,0,1,0,0,0,3
275,1,0,1,1,2,2,2,1,1,1,0,0.857142857,0,1,0,0,0,1,0,0,0,0,1,0,0,1,0,0,3
276,1,0,1,1,2,2,2,1,1,1,0,0.857142857,1,0,0,0,0,0,0,0,0,1,1,0,1,0,0,0,1
277,1,0,1,1,2,2,2,1,1,1,0,0.857142857,1,0,0,0,0,1,0,0,0,0,1,0,0,1,0,0,1
278,1,1,1,1,1,2,1,1,1,1,1,0.857142857,1,0,0,0,0,0,0,0,1,0,1,0,0,1,0,0,2
279,1,1,1,0,2,2,2,1,1,1,0,0.857142857,0,1,0,0,0,0,0,1,0,0,1,1,0,0,0,0,1
280,1,1,1,1,2,2,2,1,1,1,1,1.0,0,1,0,0,0,1,0,0,0,0,1,0,0,1,0,0,3
281,1,1,1,1,1,2,2,1,1,1,1,0.928571429,0,1,0,0,0,1,0,0,0,0,1,0,1,0,0,0,3
282,1,0,1,0,1,1,1,1,1,1,1,0.642857143,1,0,0,0,0,0,0,1,0,0,1,0,1,0,0,0,2
283,1,1,1,1,2,1,1,1,0,1,1,0.785714286,0,0,1,0,0,1,0,0,0,0,1,0,0,0,0,1,2
284,1,1,1,1,2,2,2,1,1,1,0,0.928571429,0,1,0,0,0,0,1,0,0,0,1,0,0,0,1,0,1
285,1,1,1,1,2,2,2,1,1,1,0,0.928571429,0,1,0,0,0,1,0,0,0,0,1,0,0,0,1,0,3
286,1,1,1,1,2,1,1,1,1,1,0,0.785714286,1,0,0,0,0,0,0,0,1,0,1,0,0,0,0,1,2
287,1,1,1,1,2,2,1,0,0,0,0,0.642857143,1,0,0,0,0,0,0,1,0,0,1,0,0,0,1,0,2
288,1,1,1,0,2,1,1,1,1,1,1,0.785714286,0,1,0,0,0,0,1,0,0,0,1,0,0,0,1,0,2
289,1,1,1,1,2,2,2,1,1,1,1,1.0,0,0,0,1,0,1,0,0,0,0,1,0,0,0,1,0,3
290,1,1,1,1,2,2,2,1,1,1,1,1.0,0,1,0,0,0,0,0,0,1,0,1,0,0,0,1,0,3
291,1,1,1,1,1,2,1,1,1,1,0,0.785714286,0,1,0,0,0,0,1,0,0,0,1,0,0,0,1,0,2
292,1,1,1,1,2,2,1,1,0,0,1,0.785714286,0,1,0,0,0,0,1,0,0,0,1,0,0,0,1,0,2
293,1,1,1,0,2,2,2,1,1,1,1,0.928571429,1,0,0,0,0,0,0,1,0,0,1,0,0,0,1,0,1
294,1,1,1,0,2,1,1,1,1,1,1,0.785714286,0,1,0,0,0,0,0,0,1,0,1,0,0,0,1,0,2
295,1,1,1,1,2,2,1,1,1,1,1,0.928571429,0,1,0,0,0,0,0,1,0,0,1,0,0,0,1,0,2
296,1,1,1,0,2,2,1,1,1,1,1,0.857142857,0,1,0,0,0,0,0,0,0,1,1,0,0,0,1,0,2
297,1,1,1,1,2,2,2,1,1,1,1,1.0,1,0,0,0,0,0,0,0,1,0,1,0,0,0,1,0,1
298,1,1,1,0,2,2,1,1,1,1,1,0.857142857,0,1,0,0,0,0,0,1,0,0,1,0,0,0,1,0,2
299,1,1,1,1,2,2,2,1,1,1,1,1.0,1,0,0,0,0,0,0,1,0,0,1,0,0,0,1,0,1
300,1,1,1,1,2,2,1,1,0,1,1,0.857142857,0,1,0,0,0,0,0,0,1,0,1,0,0,0,1,0,2
301,1,1,1,0,2,1,1,1,1,1,1,0.785714286,0,1,0,0,0,0,0,0,1,0,1,0,0,0,1,0,2
302,1,1,1,0,2,2,2,1,1,1,1,0.928571429,0,1,0,0,0,0,0,0,1,0,1,0,0,0,1,0,3
303,1,1,1,1,2,1,1,1,0,1,1,0.785714286,0,1,0,0,0,0,0,1,0,0,1,0,0,0,1,0,2
304,1,0,1,0,1,1,1,0,0,0,0,0.357142857,0,1,0,0,0,0,0,0,0,1,1,0,0,0,1,0,2
305,1,1,1,0,1,1,1,0,0,0,0,0.428571429,1,0,0,0,0,0,0,0,0,1,1,0,0,0,1,0,2
306,1,1,1,0,2,2,1,1,1,1,1,0.857142857,0,1,0,0,0,0,0,1,0,0,1,0,0,0,1,0,2
307,1,1,1,1,2,2,2,1,1,1,1,1.0,0,1,0,0,0,0,1,0,0,0,1,0,0,0,0,1,3
308,1,1,1,1,2,2,2,1,1,1,1,1.0,0,1,0,0,0,0,0,0,1,0,1,0,0,0,1,0,3
309,1,1,1,0,2,2,1,1,1,1,1,0.857142857,0,1,0,0,0,0,0,0,1,0,1,0,0,0,1,0,2
310,1,0,1,0,2,2,1,1,1,1,1,0.785714286,1,0,0,0,0,0,0,0,1,0,1,0,0,0,1,0,2
311,1,0,0,0,0,0,0,0,0,0,0,0.071428571,1,0,0,0,0,1,0,0,0,0,1,0,1,0,0,0,0
312,1,1,1,1,2,2,2,1,1,1,1,1.0,1,0,0,0,0,0,1,0,0,0,1,0,0,0,1,0,1
313,1,1,1,1,2,2,2,1,1,1,1,1.0,0,1,0,0,0,0,0,1,0,0,1,0,0,1,0,0,3
314,1,1,1,1,2,2,2,1,1,1,1,1.0,1,0,0,0,0,0,1,0,0,0,1,0,0,0,1,0,1
315,1,1,1,1,2,2,1,1,1,1,1,0.928571429,0,1,0,0,0,0,0,1,0,0,1,0,0,0,1,0,2
316,1,1,1,1,2,2,2,1,1,1,0,0.928571429,1,0,0,0,0,1,0,0,0,0,1,0,1,0,0,0,1
317,1,1,1,0,2,2,2,1,1,1,1,0.928571429,0,1,0,0,0,0,1,0,0,0,1,0,0,1,0,0,3
318,1,1,1,0,2,2,2,1,1,1,1,0.928571429,0,1,0,0,0,0,0,1,0,0,1,0,0,0,0,1,3
319,1,1,1,0,2,2,2,1,1,1,1,0.928571429,0,1,0,0,0,0,0,0,1,0,1,0,0,0,1,0,3
320,1,0,1,0,2,1,1,1,1,1,1,0.714285714,0,1,0,0,0,0,1,0,0,0,1,0,0,0,1,0,2
321,1,1,1,1,2,2,1,1,1,1,1,0.928571429,1,0,0,0,0,1,0,0,0,0,1,0,0,1,0,0,2
322,1,1,1,1,1,2,2,1,1,1,1,0.928571429,0,1,0,0,0,0,0,0,1,0,1,0,0,0,1,0,3
323,1,1,1,0,2,1,1,0,0,0,0,0.5,0,1,0,0,0,0,0,1,0,0,1,0,0,0,1,0,2
324,1,1,1,1,2,2,2,1,1,1,1,1.0,0,1,0,0,0,0,0,0,1,0,1,0,0,0,1,0,3
325,1,1,1,0,2,2,2,1,1,1,1,0.928571429,1,0,0,0,0,0,0,1,0,0,1,0,0,0,1,0,1
326,1,1,1,1,2,2,2,1,1,1,1,1.0,1,0,0,0,0,0,1,0,0,0,1,0,0,0,1,0,1
327,1,1,1,1,2,2,2,1,1,1,0,0.928571429,1,0,0,0,0,0,1,0,0,0,1,0,0,0,1,0,1
328,1,1,1,1,2,2,2,1,1,1,0,0.928571429,0,1,0,0,0,0,0,1,0,0,1,0,0,0,1,0,1
329,1,0,0,0,0,0,0,0,0,0,0,0.071428571,1,0,0,0,0,1,0,0,0,0,1,0,1,0,0,0,0
330,1,0,1,1,2,2,2,1,1,1,1,0.928571429,0,1,0,0,0,1,0,0,0,0,1,0,0,1,0,0,3
331,1,0,1,1,2,2,2,1,1,1,0,0.857142857,0,1,0,0,0,1,0,0,0,0,1,0,0,1,0,0,3
332,1,1,1,1,2,2,2,1,1,1,1,1.0,0,1,0,0,0,1,0,0,0,0,1,0,0,1,0,0,3
333,0,1,1,0,2,2,2,1,1,1,1,0.857142857,0,1,0,0,0,1,0,0,0,0,1,0,1,0,0,0,3
334,1,1,1,0,1,1,1,1,1,1,1,0.714285714,1,0,0,0,0,1,0,0,0,0,1,0,1,0,0,0,2
335,1,1,1,0,2,2,1,1,1,1,1,0.857142857,0,1,0,0,0,1,0,0,0,0,1,0,1,0,0,0,2
336,1,1,1,0,1,2,1,0,0,0,0,0.5,1,0,0,0,0,1,0,0,0,0,1,0,1,0,0,0,2
337,1,0,1,1,2,2,1,1,1,1,1,0.857142857,1,0,0,0,0,1,0,0,0,0,1,0,1,0,0,0,2
338,1,1,1,1,2,2,1,1,1,1,0,0.857142857,1,0,0,0,0,1,0,0,0,0,1,0,1,0,0,0,2
339,1,1,1,1,2,1,2,1,1,1,1,0.928571429,1,0,0,0,0,1,0,0,0,0,1,0,1,0,0,0,3
340,1,0,1,0,2,2,2,1,1,1,1,0.857142857,0,0,1,0,0,1,0,0,0,0,1,0,1,0,0,0,3
341,1,1,1,1,2,2,2,1,1,1,0,0.928571429,1,0,0,0,0,1,0,0,0,0,1,0,1,0,0,0,1
342,1,1,1,1,2,2,2,1,1,1,0,0.928571429,1,0,0,0,0,1,0,0,0,0,1,0,1,0,0,0,1
343,1,0,1,1,2,2,2,0,0,0,0,0.642857143,1,0,0,0,0,1,0,0,0,0,1,0,1,0,0,0,1
344,1,1,1,1,2,2,2,1,1,1,1,1.0,0,1,0,0,0,1,0,0,0,0,1,0,1,0,0,0,3
345,1,1,1,1,2,2,2,1,1,1,0,0.928571429,0,1,0,0,0,1,0,0,0,0,1,0,1,0,0,0,3
346,1,0,0,0,0,0,0,0,0,0,0,0.071428571,1,0,0,0,0,1,0,0,0,0,1,0,1,0,0,0,0
347,1,0,1,1,2,2,1,0,0,0,0,0.571428571,1,0,0,0,0,0,0,0,1,0,1,0,0,0,0,1,2
348,1,1,1,1,2,2,2,1,1,1,1,1.0,1,0,0,0,0,1,0,0,0,0,1,0,0,1,0,0,1
349,1,1,1,1,2,2,2,0,0,0,0,0.714285714,1,0,0,0,0,0,0,1,0,0,1,0,0,0,1,0,1
350,1,1,0,0,0,0,0,0,0,0,0,0.142857143,1,0,0,0,0,1,0,0,0,0,1,0,1,0,0,0,0
351,1,1,1,1,2,1,2,1,1,1,1,0.928571429,1,0,0,0,0,1,0,0,0,0,1,0,1,0,0,0,3
352,1,1,1,1,2,2,2,1,1,1,1,1.0,1,0,0,0,0,0,1,0,0,0,1,0,0,0,1,0,1
353,1,1,1,1,2,2,1,1,1,1,0,0.857142857,0,1,0,0,0,1,0,0,0,0,1,0,0,0,1,0,3
354,1,1,1,1,2,2,2,1,1,1,0,0.928571429,0,0,0,1,0,0,1,0,0,0,1,0,1,0,0,0,1
355,1,1,1,1,2,2,1,1,1,1,1,0.928571429,1,0,0,0,0,0,0,0,1,0,1,0,0,0,1,0,2
356,1,1,1,1,2,2,1,1,1,1,1,0.928571429,1,0,0,0,0,1,0,0,0,0,1,0,0,0,1,0,2
357,0,1,1,0,2,2,2,1,1,1,0,0.785714286,1,0,0,0,0,1,0,0,0,0,1,0,0,1,0,0,1
358,1,1,1,1,2,2,2,1,1,1,0,0.928571429,1,0,0,0,0,1,0,0,0,0,1,0,1,0,0,0,1
359,1,1,1,1,2,2,2,1,1,1,0,0.928571429,1,0,0,0,0,1,0,0,0,0,1,0,1,0,0,0,1
360,1,1,1,1,2,1,2,1,1,1,0,0.857142857,1,0,0,0,0,1,0,0,0,0,1,0,0,1,0,0,1
361,1,1,1,0,1,1,1,1,1,1,1,0.714285714,1,0,0,0,0,1,0,0,0,0,1,0,1,0,0,0,2
362,1,0,1,0,2,1,1,1,1,1,1,0.714285714,0,0,0,1,0,1,0,0,0,0,1,0,1,0,0,0,2
363,1,0,0,0,0,0,0,0,0,0,0,0.071428571,1,0,0,0,0,0,0,1,0,0,1,0,1,0,0,0,0
364,1,1,1,1,2,2,2,1,1,1,1,1.0,1,0,0,0,0,0,1,0,0,0,1,0,0,0,1,0,1
365,1,1,1,0,2,2,1,1,1,1,0,0.785714286,0,1,0,0,0,1,0,0,0,0,1,0,1,0,0,0,2
366,1,0,1,1,2,1,1,1,1,1,1,0.785714286,0,1,0,0,0,1,0,0,0,0,1,0,1,0,0,0,2
367,1,1,1,0,1,2,1,0,0,0,0,0.5,0,1,0,0,0,1,0,0,0,0,1,0,0,0,1,0,2
369,1,0,1,1,2,1,1,1,1,1,1,0.785714286,1,0,0,0,0,1,0,0,0,0,1,0,0,1,0,0,2
370,1,0,0,0,0,0,0,0,0,0,0,0.071428571,1,0,0,0,0,0,0,1,0,0,1,0,0,0,1,0,0
371,1,0,1,1,2,2,1,1,1,1,0,0.785714286,0,1,0,0,0,0,0,1,0,0,1,0,1,0,0,0,2
372,1,0,1,0,1,2,1,1,1,1,0,0.642857143,1,0,0,0,0,0,0,1,0,0,1,0,0,0,1,0,2
373,1,0,1,0,1,1,1,1,1,1,1,0.642857143,1,0,0,0,0,0,0,0,0,1,1,0,1,0,0,0,2
374,1,1,1,1,2,2,2,1,1,1,1,1.0,1,0,0,0,0,0,1,0,0,0,1,0,0,0,1,0,1
375,1,1,1,1,2,2,2,1,1,1,1,1.0,1,0,0,0,0,0,0,0,1,0,1,0,0,0,1,0,1
376,1,1,1,1,2,2,2,1,1,1,0,0.928571429,1,0,0,0,0,0,0,0,1,0,1,0,1,0,0,0,1
378,1,0,1,0,2,2,1,1,1,1,1,0.785714286,1,0,0,0,0,0,0,0,1,0,1,0,0,0,1,0,2
379,1,1,1,0,2,2,1,1,1,1,1,0.857142857,1,0,0,0,0,0,0,1,0,0,1,0,0,0,1,0,2
380,1,0,1,0,2,0,1,1,1,1,0,0.571428571,0,1,0,0,0,1,0,0,0,0,1,0,0,1,0,0,2
381,1,1,1,0,2,2,2,0,0,0,0,0.642857143,0,1,0,0,0,1,0,0,0,0,1,0,0,0,1,0,3
382,1,1,1,1,2,2,2,1,1,1,1,1.0,1,0,0,0,0,1,0,0,0,0,1,0,0,0,1,0,1
383,1,1,1,1,2,2,2,1,1,1,1,1.0,1,0,0,0,0,1,0,0,0,0,1,0,0,0,1,0,1
384,1,1,1,0,2,2,2,1,1,1,1,0.928571429,0,1,0,0,0,1,0,0,0,0,1,0,0,1,0,0,3
385,1,1,1,0,2,2,2,1,1,1,1,0.928571429,0,1,0,0,0,0,1,0,0,0,1,0,0,1,0,0,3
386,1,1,1,1,2,2,1,1,1,0,1,0.857142857,0,1,0,0,0,1,0,0,0,0,1,0,1,0,0,0,3
387,1,1,1,1,2,2,2,1,1,1,1,1.0,0,1,0,0,0,1,0,0,0,0,1,0,1,0,0,0,3
388,1,1,1,1,2,2,2,1,1,1,0,0.928571429,1,0,0,0,0,0,0,1,0,0,1,0,0,0,0,1,1
389,1,1,1,1,2,2,2,1,1,1,1,1.0,1,0,0,0,0,0,1,0,0,0,1,0,0,0,0,1,1
390,1,1,1,1,2,2,2,1,1,1,0,0.928571429,1,0,0,0,0,1,0,0,0,0,1,0,1,0,0,0,1
391,1,0,1,1,2,2,2,1,1,1,0,0.857142857,0,1,0,0,0,0,0,1,0,0,1,0,0,0,0,1,1
392,1,0,1,1,2,2,2,1,1,1,0,0.857142857,0,1,0,0,0,0,1,0,0,0,1,0,0,0,0,1,1
393,1,1,1,1,2,1,1,1,1,1,1,0.857142857,0,1,0,0,0,1,0,0,0,0,1,0,1,0,0,0,2
394,1,1,1,0,2,2,2,0,0,0,0,0.642857143,0,1,0,0,0,1,0,0,0,0,1,0,1,0,0,0,3
395,1,0,1,1,2,2,2,1,1,1,0,0.857142857,0,1,0,0,0,1,0,0,0,0,1,0,0,1,0,0,3
396,1,1,1,0,2,2,2,0,0,0,0,0.642857143,0,1,0,0,0,1,0,0,0,0,1,0,0,1,0,0,3
397,1,0,1,1,2,2,2,1,1,1,0,0.857142857,1,0,0,0,0,0,1,0,0,0,1,0,0,0,1,0,1
398,1,1,1,0,2,2,2,1,1,1,1,0.928571429,0,1,0,0,0,1,0,0,0,0,1,0,1,0,0,0,3
399,1,1,1,1,2,2,2,1,1,1,1,1.0,1,0,0,0,0,1,0,0,0,0,1,0,1,0,0,0,1
400,0,1,1,1,2,2,2,1,1,1,1,0.928571429,1,0,0,0,0,1,0,0,0,0,1,0,1,0,0,0,1
401,1,1,1,1,2,1,2,1,1,1,0,0.857142857,1,0,0,0,0,1,0,0,0,0,1,0,0,0,1,0,1
402,1,1,1,1,2,2,2,1,1,1,1,1.0,0,1,0,0,0,1,0,0,0,0,1,0,0,1,0,0,3
403,1,1,1,1,2,1,2,1,1,1,1,0.928571429,0,1,0,0,0,0,1,0,0,0,1,0,1,0,0,0,3
404,1,1,1,1,2,1,2,1,1,1,1,0.928571429,0,1,0,0,0,0,0,1,0,0,1,0,0,0,0,1,3
405,0,0,1,1,2,0,2,1,1,1,0,0.642857143,1,0,0,0,0,1,0,0,0,0,1,0,1,0,0,0,1
406,1,1,1,0,1,1,2,1,1,1,0,0.714285714,0,1,0,0,0,0,0,1,0,0,1,0,0,0,1,0,3
407,0,0,1,1,2,2,2,1,1,1,1,0.857142857,0,0,1,0,0,1,0,0,0,0,1,0,1,0,0,0,3
408,1,1,1,1,2,2,2,1,1,1,1,1.0,1,0,0,0,0,1,0,0,0,0,1,0,1,0,0,0,1
409,1,1,1,1,2,2,2,1,1,1,1,1.0,1,0,0,0,0,1,0,0,0,0,1,0,0,1,0,0,1
410,1,0,1,1,2,2,1,1,1,1,0,0.785714286,1,0,0,0,0,0,1,0,0,0,1,0,0,0,1,0,2
411,1,1,1,0,2,2,2,1,1,1,1,0.928571429,1,0,0,0,0,1,0,0,0,0,1,0,0,1,0,0,1
412,1,1,1,1,2,2,2,1,1,1,0,0.928571429,1,0,0,0,0,1,0,0,0,0,1,0,1,0,0,0,1
413,1,1,1,1,2,2,2,1,1,1,1,1.0,0,1,0,0,0,1,0,0,0,0,1,0,1,0,0,0,3
414,1,1,1,1,1,2,2,1,1,1,1,0.928571429,0,1,0,0,0,0,0,1,0,0,1,0,0,0,0,1,3
415,1,0,1,1,2,2,2,1,1,1,0,0.857142857,1,0,0,0,0,1,0,0,0,0,1,0,1,0,0,0,1
416,1,1,1,1,2,2,2,1,1,1,0,0.928571429,1,0,0,0,0,1,0,0,0,0,1,0,0,1,0,0,1
417,1,1,1,1,2,2,1,1,1,1,1,0.928571429,0,1,0,0,0,1,0,0,0,0,1,0,0,0,1,0,3
418,0,1,1,0,2,2,2,0,0,0,0,0.571428571,1,0,0,0,0,1,0,0,0,0,1,0,1,0,0,0,1
419,1,1,1,0,2,2,2,1,1,1,0,0.857142857,0,1,0,0,0,0,0,1,0,0,1,0,0,0,0,1,1
420,1,1,1,1,2,2,2,1,1,1,0,0.928571429,0,1,0,0,0,1,0,0,0,0,1,0,0,1,0,0,3
421,1,1,1,0,2,2,2,1,1,1,1,0.928571429,0,1,0,0,0,0,0,0,1,0,1,0,0,0,0,1,3
422,0,1,1,0,2,2,2,0,0,0,0,0.571428571,0,1,0,0,0,1,0,0,0,0,1,0,1,0,0,0,3
423,1,1,1,1,2,1,2,1,1,1,1,0.928571429,1,0,0,0,0,0,0,0,1,0,1,0,0,0,0,1,1
424,1,1,1,0,2,2,1,1,1,1,0,0.785714286,0,1,0,0,0,1,0,0,0,0,1,0,1,0,0,0,2
425,1,0,1,1,2,2,2,1,1,1,0,0.857142857,0,1,0,0,0,0,0,1,0,0,1,0,0,0,0,1,1
426,1,1,1,1,2,1,1,0,0,0,0,0.571428571,0,1,0,0,0,1,0,0,0,0,1,0,0,1,0,0,2
427,0,1,0,0,0,0,0,0,0,0,0,0.071428571,0,1,0,0,0,1,0,0,0,0,1,0,1,0,0,0,0
428,1,1,1,1,2,2,2,1,1,1,1,1.0,1,0,0,0,0,1,0,0,0,0,1,0,0,1,0,0,1
429,1,0,1,1,2,2,1,1,1,1,1,0.857142857,1,0,0,0,0,0,1,0,0,0,1,0,0,1,0,0,2
430,1,0,1,1,1,2,1,1,1,1,0,0.714285714,1,0,0,0,0,0,0,1,0,0,1,0,0,0,0,1,2
431,1,0,1,0,1,2,1,1,1,1,1,0.714285714,1,0,0,0,0,0,1,0,0,0,1,0,0,1,0,0,2
432,1,1,1,1,2,2,2,1,1,1,1,1.0,0,1,0,0,0,1,0,0,0,0,1,0,0,1,0,0,3
433,1,0,1,1,2,2,2,1,1,1,0,0.857142857,1,0,0,0,0,1,0,0,0,0,1,0,1,0,0,0,1
434,1,1,1,1,2,2,2,1,1,1,0,0.928571429,0,1,0,0,0,0,1,0,0,0,1,0,0,0,0,1,1
435,1,1,1,1,2,1,1,1,1,1,1,0.857142857,0,1,0,0,0,0,0,0,0,1,1,0,0,0,0,1,2
436,1,0,1,1,2,2,2,1,1,1,1,0.928571429,1,0,0,0,0,0,0,1,0,0,1,0,0,0,1,0,1
437,1,1,1,1,2,2,2,1,1,1,0,0.928571429,0,1,0,0,0,1,0,0,0,0,1,0,0,1,0,0,3
438,1,0,1,1,1,2,2,1,1,1,1,0.857142857,1,0,0,0,0,0,0,1,0,0,1,0,0,0,1,0,1
439,1,1,1,1,2,1,2,1,1,1,1,0.928571429,1,0,0,0,0,1,0,0,0,0,1,0,0,1,0,0,3
440,1,0,1,1,2,2,2,1,1,1,0,0.857142857,1,0,0,0,0,0,0,1,0,0,1,0,0,0,0,1,1
441,0,1,1,0,2,2,2,0,0,0,0,0.571428571,0,1,0,0,0,1,0,0,0,0,1,0,1,0,0,0,3
442,1,1,1,0,2,2,2,1,1,1,1,0.928571429,1,0,0,0,0,0,0,1,0,0,1,0,0,0,0,1,1
443,1,1,1,1,2,2,2,1,1,1,1,1.0,1,0,0,0,0,1,0,0,0,0,1,0,1,0,0,0,1
444,0,1,1,0,2,2,2,0,0,0,0,0.571428571,1,0,0,0,0,1,0,0,0,0,1,0,0,0,1,0,1
445,1,1,1,0,2,2,2,1,1,1,1,0.928571429,1,0,0,0,0,1,0,0,0,0,1,0,0,1,0,0,1
446,1,1,1,0,2,2,2,0,0,0,0,0.642857143,0,1,0,0,0,0,1,0,0,0,1,0,0,0,0,1,1
447,1,1,1,1,1,2,1,1,1,1,1,0.857142857,1,0,0,0,0,0,0,1,0,0,1,0,1,0,0,0,2
448,0,1,1,1,2,2,2,1,1,1,0,0.857142857,1,0,0,0,0,1,0,0,0,0,1,0,1,0,0,0,1
449,1,1,1,1,2,2,2,1,1,1,0,0.928571429,1,0,0,0,0,1,0,0,0,0,1,0,1,0,0,0,1
450,1,1,1,0,2,1,1,1,1,1,1,0.785714286,0,1,0,0,0,1,0,0,0,0,1,0,1,0,0,0,2
451,1,1,1,1,2,2,2,1,1,1,0,0.928571429,1,0,0,0,0,1,0,0,0,0,1,0,1,0,0,0,1
452,1,1,1,1,2,2,2,1,1,1,1,1.0,0,1,0,0,0,0,0,1,0,0,1,0,0,0,0,1,3
453,1,1,1,1,2,2,1,1,1,1,0,0.857142857,0,1,0,0,0,0,0,1,0,0,1,0,0,0,1,0,2
454,1,0,1,0,2,2,2,1,1,1,1,0.857142857,1,0,0,0,0,0,0,0,1,0,1,0,0,0,1,0,1
455,1,1,1,1,2,2,1,0,0,0,0,0.642857143,0,1,0,0,0,1,0,0,0,0,1,0,0,1,0,0,3
456,1,1,1,1,2,2,2,1,1,1,1,1.0,1,0,0,0,0,1,0,0,0,0,1,0,0,0,1,0,1
457,1,1,1,1,2,2,2,1,1,1,1,1.0,1,0,0,0,0,0,0,1,0,0,1,0,1,0,0,0,1
458,1,1,1,0,2,2,2,0,0,0,0,0.642857143,1,0,0,0,0,1,0,0,0,0,1,0,0,1,0,0,1
459,1,0,1,0,2,2,2,1,1,1,1,0.857142857,0,1,0,0,0,0,1,0,0,0,1,0,0,0,1,0,3
460,1,0,0,0,0,0,0,0,0,0,0,0.071428571,1,0,0,0,0,0,0,1,0,0,1,0,1,0,0,0,0
461,1,1,1,1,2,2,1,1,1,1,1,0.928571429,1,0,0,0,0,0,0,1,0,0,1,0,0,0,1,0,2
462,1,0,1,1,2,1,2,1,1,1,0,0.785714286,1,0,0,0,0,0,0,1,0,0,1,0,0,0,1,0,1
463,1,1,1,0,2,2,1,0,0,0,0,0.571428571,0,1,0,0,0,0,1,0,0,0,1,0,0,0,0,1,2
464,1,1,1,1,2,2,2,1,1,1,0,0.928571429,1,0,0,0,0,1,0,0,0,0,1,0,0,1,0,0,1
465,1,1,1,1,2,2,2,1,1,1,1,1.0,0,1,0,0,0,1,0,0,0,0,1,0,1,0,0,0,3
466,1,1,1,0,2,2,2,1,1,1,1,0.928571429,1,0,0,0,0,1,0,0,0,0,1,0,1,0,0,0,1
467,1,1,1,1,2,2,2,1,1,1,0,0.928571429,1,0,0,0,0,1,0,0,0,0,1,0,1,0,0,0,1
468,1,1,1,1,2,1,1,1,1,1,0,0.785714286,1,0,0,0,0,0,0,0,1,0,1,0,1,0,0,0,2
469,1,1,1,1,2,2,1,1,1,1,1,0.928571429,0,1,0,0,0,1,0,0,0,0,1,0,1,0,0,0,3
470,1,0,1,1,2,2,2,0,0,0,0,0.642857143,1,0,0,0,0,1,0,0,0,0,1,0,1,0,0,0,1
471,1,1,1,0,1,2,1,1,1,1,1,0.785714286,0,1,0,0,0,0,0,0,1,0,1,0,0,0,0,1,2
472,0,0,1,1,2,1,1,1,1,1,1,0.714285714,0,1,0,0,0,1,0,0,0,0,1,0,0,1,0,0,2
473,1,1,1,1,2,2,1,1,1,1,0,0.857142857,0,1,0,0,0,0,1,0,0,0,1,0,0,0,1,0,2
474,1,1,1,1,2,1,1,1,1,1,0,0.785714286,0,1,0,0,0,0,0,0,1,0,1,0,0,0,0,1,2
475,1,1,1,1,2,2,2,1,1,1,0,0.928571429,1,0,0,0,0,1,0,0,0,0,1,0,1,0,0,0,1
476,1,1,1,0,2,2,2,1,1,1,1,0.928571429,0,1,0,0,0,0,1,0,0,0,1,0,0,0,0,1,3
477,1,1,1,0,2,2,2,1,1,1,0,0.857142857,1,0,0,0,0,0,0,0,1,0,1,0,1,0,0,0,1
478,1,1,1,1,2,2,2,1,1,1,0,0.928571429,0,0,0,1,0,1,0,0,0,0,1,0,1,0,0,0,1
479,1,1,1,1,2,2,1,1,1,1,0,0.857142857,1,0,0,0,0,1,0,0,0,0,1,0,1,0,0,0,2
480,1,0,1,1,2,2,1,1,1,1,1,0.857142857,1,0,0,0,0,0,1,0,0,0,1,0,0,0,1,0,2
481,1,0,1,0,1,2,2,1,1,1,1,0.785714286,0,1,0,0,0,1,0,0,0,0,1,0,1,0,0,0,3
482,1,0,1,1,2,2,2,1,1,1,1,0.928571429,0,1,0,0,0,1,0,0,0,0,1,0,0,0,1,0,3
483,1,1,1,1,2,2,2,1,1,1,0,0.928571429,0,0,0,1,0,0,0,0,1,0,1,0,1,0,0,0,1
484,1,1,1,1,2,2,2,1,1,1,0,0.928571429,1,0,0,0,0,1,0,0,0,0,1,0,1,0,0,0,1
485,1,1,1,0,2,2,1,1,1,1,1,0.857142857,0,1,0,0,0,0,0,0,1,0,1,0,1,0,0,0,2
486,1,1,1,1,2,2,1,1,1,1,1,0.928571429,0,1,0,0,0,1,0,0,0,0,1,0,1,0,0,0,3
487,1,1,1,0,2,1,1,0,0,0,0,0.5,0,1,0,0,0,1,0,0,0,0,1,0,0,1,0,0,2
488,1,0,0,0,0,0,0,0,0,0,0,0.071428571,1,0,0,0,0,0,0,1,0,0,1,0,0,0,1,0,0
489,1,1,1,1,2,2,1,1,1,1,0,0.857142857,0,1,0,0,0,0,1,0,0,0,1,0,0,0,0,1,2
490,1,0,1,1,2,2,1,1,1,1,0,0.785714286,0,1,0,0,0,1,0,0,0,0,1,0,0,0,1,0,3
491,1,0,1,0,2,2,1,1,1,1,1,0.785714286,1,0,0,0,0,0,0,0,1,0,1,0,0,0,0,1,2
492,1,1,1,0,2,2,1,1,1,1,0,0.785714286,0,1,0,0,0,0,0,0,1,0,1,0,0,0,0,1,2
493,1,1,1,1,2,2,2,1,1,1,0,0.928571429,1,0,0,0,0,0,0,1,0,0,1,0,0,0,0,1,1
494,1,1,1,1,2,2,2,1,1,1,1,1.0,0,1,0,0,0,0,1,0,0,0,1,0,0,0,0,1,3
495,1,1,1,0,2,2,2,0,0,0,0,0.642857143,0,1,0,0,0,1,0,0,0,0,1,0,1,0,0,0,3
496,1,1,1,0,2,2,2,1,1,1,1,0.928571429,0,0,1,0,0,1,0,0,0,0,1,0,0,0,1,0,3
497,0,0,1,1,2,2,2,1,1,1,1,0.857142857,1,0,0,0,0,0,1,0,0,0,1,0,1,0,0,0,1
498,1,1,1,1,1,1,2,1,1,1,0,0.785714286,1,0,0,0,0,1,0,0,0,0,1,0,0,1,0,0,1
499,0,1,1,1,2,2,2,1,1,1,0,0.857142857,0,1,0,0,0,1,0,0,0,0,1,0,1,0,0,0,3
500,1,1,1,1,2,2,2,1,1,1,1,1.0,1,0,0,0,0,1,0,0,0,0,1,0,1,0,0,0,1
501,1,0,0,0,0,0,0,0,0,0,0,0.071428571,1,0,0,0,0,0,0,0,1,0,1,0,0,0,1,0,0
502,1,1,1,1,2,2,1,1,1,1,0,0.857142857,0,1,0,0,0,0,0,0,1,0,1,0,0,0,1,0,2
503,1,1,1,1,2,2,2,1,1,1,1,1.0,1,0,0,0,0,0,1,0,0,0,1,0,0,0,1,0,1
504,1,0,1,0,1,2,2,1,1,1,1,0.785714286,1,0,0,0,0,0,1,0,0,0,1,0,0,0,0,1,1
505,1,1,1,1,2,2,2,1,1,1,1,1.0,0,1,0,0,0,1,0,0,0,0,1,0,1,0,0,0,3
506,1,1,1,0,2,2,1,0,0,0,0,0.571428571,0,1,0,0,0,1,0,0,0,0,1,0,0,0,1,0,2
507,1,0,1,1,2,2,2,1,1,1,0,0.857142857,0,0,0,1,0,0,1,0,0,0,1,0,1,0,0,0,1
508,1,1,1,0,2,2,2,1,1,1,1,0.928571429,0,1,0,0,0,1,0,0,0,0,1,0,0,1,0,0,3
509,1,1,1,1,2,2,2,1,1,1,0,0.928571429,1,0,0,0,0,0,0,1,0,0,1,0,0,0,0,1,1
510,1,1,1,1,2,2,2,1,1,1,1,1.0,0,1,0,0,0,1,0,0,0,0,1,0,1,0,0,0,3
511,1,1,1,1,2,2,1,1,1,1,0,0.857142857,1,0,0,0,0,0,1,0,0,0,1,0,0,1,0,0,2
512,0,0,1,1,2,2,2,1,1,1,0,0.785714286,0,0,0,1,0,1,0,0,0,0,1,0,0,1,0,0,1
513,1,1,1,1,2,2,1,1,1,1,1,0.928571429,0,1,0,0,0,1,0,0,0,0,1,0,1,0,0,0,3
514,1,1,1,0,2,2,2,1,1,1,1,0.928571429,1,0,0,0,0,1,0,0,0,0,1,0,0,0,0,1,1
515,1,0,0,0,0,0,0,0,0,0,0,0.071428571,1,0,0,0,0,0,0,1,0,0,1,0,1,0,0,0,0
516,1,0,1,1,2,2,2,1,1,1,0,0.857142857,1,0,0,0,0,0,1,0,0,0,1,0,1,0,0,0,1
517,1,1,1,0,2,2,2,1,1,1,1,0.928571429,1,0,0,0,0,1,0,0,0,0,1,0,0,0,1,0,1
518,1,1,1,1,2,2,2,1,1,1,1,1.0,1,0,0,0,0,1,0,0,0,0,1,0,1,0,0,0,1
519,1,0,1,0,2,2,1,1,1,1,1,0.785714286,0,0,0,1,0,0,0,0,1,0,1,0,0,0,0,1,2
520,1,1,1,1,2,2,1,1,1,1,1,0.928571429,0,1,0,0,0,1,0,0,0,0,1,0,0,0,1,0,3
521,1,0,1,0,2,2,1,1,1,1,1,0.785714286,1,0,0,0,0,0,0,1,0,0,1,0,0,0,0,1,2
522,1,1,1,1,2,2,2,1,1,1,1,1.0,1,0,0,0,0,0,0,0,1,0,1,0,0,0,0,1,1
523,1,0,1,0,2,2,2,1,1,1,0,0.785714286,1,0,0,0,0,0,0,0,1,0,1,0,0,1,0,0,1
524,1,1,1,1,2,2,2,1,1,1,1,1.0,0,1,0,0,0,1,0,0,0,0,1,0,0,1,0,0,3
525,1,0,1,1,2,1,2,1,1,1,1,0.857142857,1,0,0,0,0,0,0,1,0,0,1,0,0,0,1,0,1
526,1,1,1,1,2,2,1,1,1,1,0,0.857142857,1,0,0,0,0,0,1,0,0,0,1,0,0,0,1,0,2
527,0,1,1,1,2,2,2,1,1,1,0,0.857142857,0,1,0,0,0,1,0,0,0,0,1,0,1,0,0,0,3
528,1,1,1,0,2,2,2,1,1,1,0,0.857142857,0,1,0,0,0,1,0,0,0,0,1,0,1,0,0,0,3
529,1,1,1,1,2,1,1,1,1,1,1,0.857142857,0,1,0,0,0,0,0,0,1,0,1,0,0,0,0,1,2
530,1,1,1,1,2,2,1,1,1,1,1,0.928571429,0,1,0,0,0,0,1,0,0,0,1,0,0,0,0,1,2
531,1,0,1,0,2,2,2,1,1,1,0,0.785714286,1,0,0,0,0,1,0,0,0,0,1,0,1,0,0,0,1
532,1,1,1,1,2,2,2,1,1,1,1,1.0,0,1,0,0,0,1,0,0,0,0,1,0,1,0,0,0,3
533,1,1,1,1,2,2,2,1,1,1,0,0.928571429,1,0,0,0,0,1,0,0,0,0,1,0,0,0,1,0,1
534,1,1,1,1,2,2,2,1,1,1,1,1.0,1,0,0,0,0,1,0,0,0,0,1,0,0,0,0,1,1
535,1,1,1,0,2,2,2,1,1,1,0,0.857142857,0,1,0,0,0,0,0,1,0,0,1,0,0,0,0,1,1
536,1,0,1,1,2,2,2,1,1,1,0,0.857142857,1,0,0,0,0,0,0,0,1,0,1,0,0,1,0,0,1
537,1,1,1,1,2,2,2,1,1,1,1,1.0,1,0,0,0,0,1,0,0,0,0,1,0,1,0,0,0,1
538,1,0,1,1,2,2,2,1,1,1,0,0.857142857,1,0,0,0,0,1,0,0,0,0,1,0,0,0,1,0,1
539,1,1,1,0,2,1,2,0,0,0,0,0.571428571,0,1,0,0,0,1,0,0,0,0,1,0,0,1,0,0,3
540,1,1,1,0,2,2,2,1,1,1,1,0.928571429,1,0,0,0,0,0,1,0,0,0,1,0,1,0,0,0,1
541,1,1,1,0,2,2,2,1,1,1,1,0.928571429,1,0,0,0,0,0,1,0,0,0,1,0,0,0,0,1,1
542,1,1,1,0,2,2,1,1,1,1,1,0.857142857,0,1,0,0,0,1,0,0,0,0,1,0,1,0,0,0,2
543,1,1,1,1,2,2,2,1,1,1,1,1.0,0,1,0,0,0,1,0,0,0,0,1,0,1,0,0,0,3
544,1,0,1,1,2,2,2,1,1,1,0,0.857142857,1,0,0,0,0,0,0,0,1,0,1,0,0,1,0,0,1
545,1,1,1,1,2,2,2,1,1,1,1,1.0,0,1,0,0,0,1,0,0,0,0,1,0,0,0,1,0,3
546,1,0,1,0,2,2,2,1,1,1,1,0.857142857,0,1,0,0,0,1,0,0,0,0,1,0,1,0,0,0,3
547,1,1,1,0,2,1,1,1,1,1,1,0.785714286,1,0,0,0,0,0,0,1,0,0,1,0,0,0,1,0,2
548,0,0,1,1,2,1,1,1,1,1,1,0.714285714,0,1,0,0,0,1,0,0,0,0,1,0,0,1,0,0,2
549,1,1,1,1,2,2,2,1,1,1,1,1.0,1,0,0,0,0,0,0,1,0,0,1,0,0,1,0,0,1
550,1,1,1,1,2,2,2,1,1,1,1,1.0,0,1,0,0,0,1,0,0,0,0,1,0,0,1,0,0,3
551,1,1,1,0,2,2,2,1,1,1,1,0.928571429,1,0,0,0,0,0,1,0,0,0,1,0,0,0,0,1,1
552,1,0,1,1,2,2,2,1,1,1,1,0.928571429,1,0,0,0,0,1,0,0,0,0,1,0,0,0,1,0,1
553,1,1,1,1,2,2,2,1,1,1,1,1.0,0,1,0,0,0,0,0,1,0,0,1,0,0,0,0,1,3
554,1,0,1,1,2,2,2,1,1,1,0,0.857142857,1,0,0,0,0,0,1,0,0,0,1,0,0,0,1,0,1
555,1,1,1,1,2,2,2,1,1,1,1,1.0,0,1,0,0,0,1,0,0,0,0,1,0,1,0,0,0,3
556,1,1,1,0,2,2,2,1,1,1,0,0.857142857,1,0,0,0,0,0,0,1,0,0,1,0,0,0,1,0,1
557,1,0,1,0,2,2,2,0,0,0,0,0.571428571,0,1,0,0,0,0,0,0,1,0,1,0,0,0,1,0,1
558,1,1,1,0,2,2,2,1,1,1,1,0.928571429,0,1,0,0,0,1,0,0,0,0,1,0,1,0,0,0,3
559,1,1,1,1,2,2,2,1,1,1,0,0.928571429,1,0,0,0,0,0,0,0,1,0,1,0,1,0,0,0,1
560,1,1,1,0,1,1,1,0,0,0,0,0.428571429,0,1,0,0,0,0,0,1,0,0,1,0,0,0,1,0,2
561,1,1,1,1,2,2,2,1,1,1,0,0.928571429,0,1,0,0,0,1,0,0,0,0,1,0,1,0,0,0,3
562,1,1,1,1,2,2,2,1,1,1,1,1.0,0,1,0,0,0,1,0,0,0,0,1,0,1,0,0,0,3
563,1,1,1,1,2,2,2,1,0,1,1,0.928571429,0,0,0,1,0,0,0,0,1,0,1,0,0,0,1,0,1
564,1,1,1,0,2,2,2,1,1,1,1,0.928571429,0,1,0,0,0,1,0,0,0,0,1,0,0,0,1,0,3
565,1,1,1,0,2,2,1,1,1,1,1,0.857142857,0,1,0,0,0,0,1,0,0,0,1,0,0,0,0,1,2
566,1,0,1,1,1,2,2,1,1,1,0,0.785714286,1,0,0,0,0,1,0,0,0,0,1,0,0,1,0,0,1
567,1,1,1,1,2,1,1,1,1,1,1,0.857142857,0,1,0,0,0,1,0,0,0,0,1,0,1,0,0,0,2
568,1,1,1,1,2,2,2,1,1,1,1,1.0,1,0,0,0,0,0,0,1,0,0,1,0,0,0,1,0,1
569,0,1,1,1,1,1,1,1,1,1,1,0.714285714,0,1,0,0,0,1,0,0,0,0,1,0,0,1,0,0,2
570,1,0,1,0,2,2,1,0,0,0,0,0.5,1,0,0,0,0,1,0,0,0,0,1,0,1,0,0,0,2
571,1,0,1,1,2,2,2,1,1,1,0,0.857142857,1,0,0,0,0,1,0,0,0,0,1,0,1,0,0,0,1
572,1,1,1,1,2,2,2,1,1,1,1,1.0,1,0,0,0,0,1,0,0,0,0,1,0,1,0,0,0,1
573,1,1,1,0,2,2,1,1,1,1,1,0.857142857,1,0,0,0,0,0,0,1,0,0,1,0,0,0,0,1,2
574,1,1,1,1,2,2,1,0,0,0,0,0.642857143,0,1,0,0,0,1,0,0,0,0,1,0,1,0,0,0,3
575,1,0,1,1,2,2,2,1,1,1,1,0.928571429,1,0,0,0,0,0,0,0,1,0,1,0,1,0,0,0,1
576,1,1,1,1,2,2,2,1,1,1,1,1.0,0,1,0,0,0,0,1,0,0,0,1,0,0,0,1,0,3
577,1,1,1,1,2,2,1,1,1,1,1,0.928571429,1,0,0,0,0,0,0,1,0,0,1,0,0,0,0,1,2
578,1,1,1,0,2,2,1,1,1,1,1,0.857142857,0,1,0,0,0,0,0,0,1,0,1,0,1,0,0,0,2
579,1,1,1,0,2,2,2,0,0,0,0,0.642857143,1,0,0,0,0,1,0,0,0,0,1,0,0,1,0,0,1
580,1,1,1,0,1,2,1,1,1,1,1,0.785714286,1,0,0,0,0,0,0,1,0,0,1,0,0,0,1,0,2
581,1,1,1,0,2,2,2,1,1,1,1,0.928571429,1,0,0,0,0,1,0,0,0,0,1,0,1,0,0,0,1
582,1,0,1,1,2,2,1,1,1,1,1,0.857142857,1,0,0,0,0,1,0,0,0,0,1,0,0,1,0,0,2
583,1,1,1,0,2,2,1,1,1,1,1,0.857142857,0,1,0,0,0,1,0,0,0,0,1,0,1,0,0,0,2
584,1,1,1,0,2,2,1,0,0,0,0,0.571428571,1,0,0,0,0,0,0,1,0,0,1,0,1,0,0,0,2
585,1,1,1,1,2,2,2,1,1,1,1,1.0,0,1,0,0,0,0,1,0,0,0,1,0,1,0,0,0,3
586,1,1,1,0,2,1,1,0,0,0,0,0.5,0,1,0,0,0,0,0,1,0,0,1,0,0,0,0,1,2
587,0,1,1,1,2,1,2,1,1,1,1,0.857142857,0,1,0,0,0,0,0,1,0,0,1,0,0,0,0,1,3
588,1,1,1,1,2,2,2,1,1,1,0,0.928571429,1,0,0,0,0,0,0,1,0,0,1,0,0,0,0,1,1
589,1,1,1,1,2,2,2,1,1,1,1,1.0,1,0,0,0,0,0,0,1,0,0,1,0,0,0,1,0,1
590,1,1,1,1,2,2,2,1,1,1,1,1.0,1,0,0,0,0,0,0,1,0,0,1,0,0,0,0,1,1
591,1,0,1,1,2,1,1,1,1,1,0,0.714285714,1,0,0,0,0,0,0,0,1,0,1,0,0,0,1,0,2
592,1,1,1,1,2,2,2,1,1,1,1,1.0,0,1,0,0,0,1,0,0,0,0,1,0,0,1,0,0,3
593,1,1,1,0,2,2,1,1,1,1,1,0.857142857,0,1,0,0,0,1,0,0,0,0,1,0,0,0,1,0,2
594,1,1,1,1,2,2,2,1,1,1,0,0.928571429,1,0,0,0,0,0,0,0,1,0,1,0,0,0,1,0,1
595,1,1,1,0,2,2,2,0,0,0,0,0.642857143,0,1,0,0,0,0,0,1,0,0,1,0,0,0,0,1,1
596,1,1,1,0,2,2,2,1,1,1,0,0.857142857,1,0,0,0,0,0,0,1,0,0,1,0,0,1,0,0,1
597,1,1,1,0,2,1,2,0,0,0,0,0.571428571,0,1,0,0,0,0,1,0,0,0,1,0,1,0,0,0,3
598,0,1,1,1,2,2,2,1,1,1,1,0.928571429,1,0,0,0,0,0,1,0,0,0,1,0,0,1,0,0,1
599,1,0,1,0,2,2,1,1,1,1,1,0.785714286,1,0,0,0,0,0,0,1,0,0,1,0,0,0,0,1,2
600,1,1,1,1,2,2,2,1,1,1,0,0.928571429,1,0,0,0,0,1,0,0,0,0,1,0,1,0,0,0,1
601,1,1,1,0,2,2,2,1,1,1,1,0.928571429,0,1,0,0,0,1,0,0,0,0,1,0,0,1,0,0,3
602,1,1,1,1,2,2,2,1,1,1,0,0.928571429,0,1,0,0,0,1,0,0,0,0,1,0,0,1,0,0,3
603,1,1,1,0,2,2,2,1,1,1,1,0.928571429,0,1,0,0,0,1,0,0,0,0,1,0,1,0,0,0,3
604,0,1,1,1,2,2,2,1,1,1,0,0.857142857,1,0,0,0,0,1,0,0,0,0,1,0,0,1,0,0,1
605,1,1,1,1,2,2,2,1,1,1,1,1.0,0,1,0,0,0,1,0,0,0,0,1,0,0,1,0,0,3
606,0,0,1,1,2,2,2,1,1,1,1,0.857142857,1,0,0,0,0,0,1,0,0,0,1,0,0,0,1,0,1
607,1,1,1,1,1,2,2,1,1,1,1,0.928571429,0,1,0,0,0,1,0,0,0,0,1,0,0,0,1,0,3
608,1,1,1,1,2,2,2,1,1,1,1,1.0,1,0,0,0,0,1,0,0,0,0,1,0,0,1,0,0,1
609,1,1,1,1,2,2,1,1,1,1,1,0.928571429,0,1,0,0,0,0,1,0,0,0,1,0,0,1,0,0,2
610,1,1,1,1,2,2,2,1,1,1,0,0.928571429,1,0,0,0,0,1,0,0,0,0,1,0,1,0,0,0,1
611,1,1,1,1,2,2,2,1,1,1,0,0.928571429,1,0,0,0,0,1,0,0,0,0,1,0,1,0,0,0,1
612,1,1,1,1,2,1,2,1,1,1,1,0.928571429,0,1,0,0,0,1,0,0,0,0,1,0,0,1,0,0,3
613,1,0,1,0,2,2,2,1,1,1,1,0.857142857,0,1,0,0,0,0,1,0,0,0,1,0,0,1,0,0,3
614,1,1,1,0,2,2,1,1,1,1,1,0.857142857,1,0,0,0,0,0,0,0,1,0,1,0,0,0,0,1,2
615,1,1,1,0,2,1,1,0,0,0,0,0.5,1,0,0,0,0,1,0,0,0,0,1,0,0,1,0,0,2
616,1,1,1,1,1,2,1,0,0,0,0,0.571428571,0,1,0,0,0,1,0,0,0,0,1,0,1,0,0,0,3
617,1,1,1,1,2,2,2,1,1,1,1,1.0,0,1,0,0,0,1,0,0,0,0,1,0,1,0,0,0,3
618,1,1,1,0,2,2,2,1,1,1,1,0.928571429,1,0,0,0,0,1,0,0,0,0,1,0,1,0,0,0,1
619,1,0,1,0,2,2,2,0,0,0,0,0.571428571,1,0,0,0,0,1,0,0,0,0,1,0,0,1,0,0,1
620,0,0,1,1,2,2,1,1,1,1,0,0.714285714,1,0,0,0,0,1,0,0,0,0,1,0,0,0,1,0,2
621,1,1,1,1,2,2,1,1,1,1,1,0.928571429,0,1,0,0,0,1,0,0,0,0,1,0,0,1,0,0,3
622,1,1,1,0,2,2,2,1,1,1,1,0.928571429,1,0,0,0,0,0,0,0,1,0,1,0,0,0,1,0,1
623,1,1,1,1,2,2,2,1,1,1,1,1.0,0,1,0,0,0,1,0,0,0,0,1,0,1,0,0,0,3
624,1,0,1,1,2,2,2,1,1,1,0,0.857142857,1,0,0,0,0,0,0,0,0,1,1,0,0,0,1,0,1
625,1,0,1,1,2,2,2,1,1,1,0,0.857142857,1,0,0,0,0,1,0,0,0,0,1,0,0,0,1,0,1
626,1,0,1,1,2,2,2,1,1,1,1,0.928571429,1,0,0,0,0,1,0,0,0,0,1,0,1,0,0,0,1
627,1,1,1,1,2,2,2,1,1,1,0,0.928571429,0,1,0,0,0,0,1,0,0,0,1,0,0,0,0,1,1
628,1,1,1,0,2,2,1,1,1,1,1,0.857142857,0,1,0,0,0,1,0,0,0,0,1,0,0,1,0,0,2
629,1,0,1,0,2,2,1,1,1,1,1,0.785714286,1,0,0,0,0,0,1,0,0,0,1,0,0,0,0,1,2
630,1,1,1,1,2,1,2,1,1,1,0,0.857142857,1,0,0,0,0,1,0,0,0,0,1,0,0,1,0,0,1
631,1,0,1,1,1,1,2,1,1,1,1,0.785714286,1,0,0,0,0,0,1,0,0,0,1,0,0,0,0,1,1
632,1,0,1,0,2,2,2,0,0,0,0,0.571428571,1,0,0,0,0,0,1,0,0,0,1,0,0,0,0,1,1
633,1,0,1,1,2,2,2,1,1,1,0,0.857142857,0,1,0,0,0,1,0,0,0,0,1,0,1,0,0,0,3
634,1,1,1,0,2,2,2,1,1,1,0,0.857142857,0,1,0,0,0,1,0,0,0,0,1,0,1,0,0,0,3
635,1,0,1,1,2,2,1,1,1,1,0,0.785714286,1,0,0,0,0,0,0,0,1,0,1,0,0,0,0,1,2
636,1,0,1,0,2,2,2,1,1,1,1,0.857142857,0,1,0,0,0,0,0,1,0,0,1,0,1,0,0,0,3
637,0,1,1,1,2,2,1,0,0,0,0,0.571428571,1,0,0,0,0,0,1,0,0,0,1,0,0,0,1,0,2
638,1,0,1,1,2,1,1,1,1,1,1,0.785714286,1,0,0,0,0,1,0,0,0,0,1,0,0,1,0,0,2
639,1,1,1,1,2,2,2,1,1,1,0,0.928571429,0,1,0,0,0,1,0,0,0,0,1,0,0,0,1,0,3
640,1,1,1,0,2,2,2,1,1,1,0,0.857142857,1,0,0,0,0,1,0,0,0,0,1,0,0,1,0,0,1
641,1,1,1,1,2,2,2,1,1,1,1,1.0,1,0,0,0,0,0,1,0,0,0,1,0,0,0,0,1,1
642,1,1,1,1,2,1,2,1,1,1,1,0.928571429,1,0,0,0,0,1,0,0,0,0,1,0,1,0,0,0,3
643,1,1,1,1,2,2,2,1,1,1,1,1.0,0,1,0,0,0,1,0,0,0,0,1,0,0,1,0,0,3
644,1,0,1,1,2,2,2,1,1,1,0,0.857142857,1,0,0,0,0,0,0,1,0,0,1,0,0,0,0,1,1
645,1,1,1,0,2,2,2,0,0,0,0,0.642857143,0,0,0,1,0,0,1,0,0,0,1,0,0,0,1,0,1
646,1,1,1,0,2,2,2,1,1,1,1,0.928571429,1,0,0,0,0,0,0,1,0,0,1,0,0,0,1,0,1
647,0,0,1,1,2,1,1,1,1,1,1,0.714285714,1,0,0,0,0,1,0,0,0,0,1,0,0,1,0,0,2
648,1,1,1,0,2,2,2,1,1,1,1,0.928571429,1,0,0,0,0,1,0,0,0,0,1,0,1,0,0,0,1
649,1,1,1,0,2,1,1,0,0,0,0,0.5,1,0,0,0,0,0,0,1,0,0,1,0,0,0,1,0,2
650,1,0,1,1,2,2,2,1,1,1,0,0.857142857,1,0,0,0,0,0,0,0,1,0,1,0,1,0,0,0,1
651,1,0,1,0,1,1,1,1,1,1,1,0.642857143,1,0,0,0,0,0,0,1,0,0,1,0,1,0,0,0,2
652,1,1,1,1,2,2,2,1,1,1,1,1.0,0,1,0,0,0,1,0,0,0,0,1,0,0,0,1,0,3
653,1,1,1,0,2,2,2,1,1,1,0,0.857142857,1,0,0,0,0,0,0,0,0,1,1,0,0,0,0,1,1
654,1,0,1,0,2,2,1,1,1,1,1,0.785714286,1,0,0,0,0,1,0,0,0,0,1,0,1,0,0,0,2
655,0,1,1,0,2,2,1,0,0,0,0,0.5,0,1,0,0,0,1,0,0,0,0,1,0,1,0,0,0,2
656,0,1,1,1,2,2,2,1,1,1,0,0.857142857,1,0,0,0,0,1,0,0,0,0,1,0,0,1,0,0,1
657,1,0,1,0,2,2,2,1,1,1,1,0.857142857,1,0,0,0,0,0,0,0,1,0,1,0,0,0,0,1,1
658,1,1,1,1,2,2,2,1,1,1,1,1.0,1,0,0,0,0,0,1,0,0,0,1,0,0,1,0,0,1
659,1,1,0,0,0,0,0,0,0,0,0,0.142857143,1,0,0,0,0,1,0,0,0,0,1,0,0,1,0,0,0
660,0,0,1,1,2,2,2,1,1,1,1,0.857142857,0,1,0,0,0,1,0,0,0,0,1,0,0,0,1,0,3
661,1,1,1,1,2,1,2,1,1,1,0,0.857142857,0,1,0,0,0,1,0,0,0,0,1,0,0,0,1,0,3
662,1,1,1,1,2,2,2,1,1,1,1,1.0,0,0,0,1,0,1,0,0,0,0,1,0,1,0,0,0,3
663,1,1,1,1,2,2,2,1,1,1,1,1.0,0,1,0,0,0,0,0,0,1,0,1,0,0,0,1,0,3
664,1,1,1,1,2,2,2,1,1,1,1,1.0,1,0,0,0,0,1,0,0,0,0,1,0,1,0,0,0,1
665,1,0,1,1,2,1,1,1,1,1,1,0.785714286,1,0,0,0,0,0,0,0,1,0,1,0,0,0,1,0,2
666,1,1,1,1,2,2,1,1,1,1,0,0.857142857,0,1,0,0,0,1,0,0,0,0,1,0,1,0,0,0,3
668,1,0,1,1,2,1,2,1,1,1,1,0.857142857,0,1,0,0,0,0,0,0,0,1,1,0,1,0,0,0,3
669,1,1,1,0,2,2,1,1,1,1,1,0.857142857,0,0,1,0,0,1,0,0,0,0,1,0,0,0,1,0,2
670,1,0,1,1,2,2,1,1,1,1,1,0.857142857,0,1,0,0,0,1,0,0,0,0,1,0,0,0,0,1,3
671,1,0,1,1,2,2,1,1,0,0,0,0.642857143,1,0,0,0,0,1,0,0,0,0,1,0,0,0,1,0,2
672,0,0,1,1,2,2,2,0,0,0,0,0.571428571,1,0,0,0,0,1,0,0,0,0,1,0,1,0,0,0,1
673,1,1,1,1,2,2,1,1,1,1,1,0.928571429,1,0,0,0,0,0,1,0,0,0,1,0,0,0,0,1,2
674,1,0,1,0,2,2,2,1,1,1,1,0.857142857,1,0,0,0,0,1,0,0,0,0,1,0,0,0,1,0,1
675,1,0,1,1,2,2,2,1,1,1,1,0.928571429,1,0,0,0,0,1,0,0,0,0,1,0,0,1,0,0,1
676,1,1,1,1,2,2,2,1,1,1,1,1.0,1,0,0,0,0,0,1,0,0,0,1,0,0,0,0,1,1
677,1,0,1,0,2,2,1,1,1,1,0,0.714285714,1,0,0,0,0,0,0,1,0,0,1,0,0,0,0,1,2
678,1,1,1,0,2,2,1,1,1,1,1,0.857142857,0,1,0,0,0,0,1,0,0,0,1,0,1,0,0,0,2
679,0,1,1,1,2,2,2,1,1,1,1,0.928571429,0,1,0,0,0,0,1,0,0,0,1,0,0,0,0,1,3
680,1,1,1,1,2,2,2,1,1,1,0,0.928571429,1,0,0,0,0,1,0,0,0,0,1,0,0,1,0,0,1
681,1,0,1,0,2,2,1,1,1,1,1,0.785714286,1,0,0,0,0,1,0,0,0,0,1,0,0,1,0,0,2
682,1,1,1,0,2,2,2,1,1,1,1,0.928571429,0,1,0,0,0,1,0,0,0,0,1,0,1,0,0,0,3
683,1,1,1,1,2,1,2,1,1,1,1,0.928571429,1,0,0,0,0,1,0,0,0,0,1,0,1,0,0,0,3
684,0,0,1,1,2,2,2,1,1,1,0,0.785714286,1,0,0,0,0,1,0,0,0,0,1,0,0,1,0,0,1
685,1,1,1,1,2,1,0,1,1,1,0,0.714285714,1,0,0,0,0,1,0,0,0,0,1,0,0,0,1,0,2
686,0,0,1,1,2,2,2,1,1,1,0,0.785714286,1,0,0,0,0,1,0,0,0,0,1,0,0,0,1,0,1
687,1,0,1,0,0,0,0,0,0,0,0,0.142857143,0,1,0,0,0,0,1,0,0,0,1,0,0,1,0,0,0
688,1,0,0,0,0,0,0,0,0,0,0,0.071428571,0,1,0,0,0,0,0,0,1,0,1,0,0,0,1,0,0
689,1,1,1,1,2,2,2,1,1,1,1,1.0,0,1,0,0,0,1,0,0,0,0,1,0,0,0,0,1,3
690,1,1,1,1,2,1,2,1,1,1,1,0.928571429,0,1,0,0,0,1,0,0,0,0,1,0,1,0,0,0,3
691,1,0,1,1,2,1,2,1,1,1,0,0.785714286,0,1,0,0,0,1,0,0,0,0,1,0,0,0,1,0,3
692,1,1,1,1,2,1,1,1,1,0,1,0.785714286,1,0,0,0,0,1,0,0,0,0,1,0,0,1,0,0,2
693,1,1,1,1,2,2,1,1,1,1,1,0.928571429,0,1,0,0,0,1,0,0,0,0,1,0,1,0,0,0,3
694,1,0,1,1,2,2,2,1,1,1,1,0.928571429,0,1,0,0,0,1,0,0,0,0,1,0,1,0,0,0,3
695,1,1,1,1,2,2,2,1,1,1,1,1.0,0,1,0,0,0,0,1,0,0,0,1,0,0,0,0,1,3
696,1,0,1,1,1,1,1,1,1,1,1,0.714285714,0,1,0,0,0,0,0,1,0,0,1,0,0,0,1,0,2
697,1,1,1,1,2,2,2,1,1,1,1,1.0,0,0,0,1,0,1,0,0,0,0,1,0,0,1,0,0,3
698,1,0,0,0,0,0,0,0,0,0,0,0.071428571,1,0,0,0,0,0,0,1,0,0,1,0,1,0,0,0,0
699,1,0,1,0,2,2,1,1,1,1,1,0.785714286,1,0,0,0,0,0,1,0,0,0,1,0,0,0,1,0,2
700,1,1,1,0,2,2,2,1,1,1,1,0.928571429,0,1,0,0,0,0,0,0,1,0,1,0,0,0,0,1,3
701,1,1,1,0,2,2,2,0,0,0,0,0.642857143,0,1,0,0,0,1,0,0,0,0,1,0,0,1,0,0,3
702,1,0,1,1,2,2,2,1,1,1,0,0.857142857,1,0,0,0,0,0,0,0,1,0,1,0,0,0,0,1,1
703,1,1,1,1,2,1,2,1,1,1,0,0.857142857,1,0,0,0,0,1,0,0,0,0,1,0,0,0,0,1,1
704,1,1,1,1,2,2,2,1,1,1,0,0.928571429,1,0,0,0,0,1,0,0,0,0,1,0,0,1,0,0,1
705,1,1,1,1,2,2,2,1,1,1,0,0.928571429,0,1,0,0,0,0,0,0,1,0,1,0,0,0,0,1,1
706,1,1,0,0,0,0,0,0,0,0,0,0.142857143,1,0,0,0,0,0,0,0,1,0,1,0,1,0,0,0,0
707,1,1,1,0,1,2,2,1,1,1,1,0.857142857,0,1,0,0,0,1,0,0,0,0,1,0,1,0,0,0,3
708,1,0,1,1,2,2,2,1,1,1,0,0.857142857,1,0,0,0,0,1,0,0,0,0,1,0,1,0,0,0,1
709,1,0,1,0,2,1,2,0,0,0,0,0.5,0,1,0,0,0,0,0,1,0,0,1,0,0,0,0,1,3
710,1,0,1,1,2,2,2,1,1,1,1,0.928571429,1,0,0,0,0,1,0,0,0,0,1,0,1,0,0,0,1
711,1,0,1,0,2,2,2,0,0,0,0,0.571428571,1,0,0,0,0,0,0,1,0,0,1,0,0,0,1,0,1
712,1,1,1,1,2,1,2,1,1,1,0,0.857142857,0,1,0,0,0,0,0,0,1,0,1,0,0,0,0,1,3
713,1,0,1,0,2,0,2,0,0,0,0,0.428571429,0,0,0,1,0,0,0,1,0,0,1,0,0,0,0,1,2
714,1,1,1,1,2,2,2,1,1,1,0,0.928571429,0,1,0,0,0,0,0,0,1,0,1,0,0,0,1,0,1
715,1,1,1,0,2,2,2,1,1,1,0,0.857142857,0,1,0,0,0,1,0,0,0,0,1,0,1,0,0,0,3
716,1,0,1,0,2,2,2,1,1,1,1,0.857142857,1,0,0,0,0,0,0,0,1,0,1,0,0,0,0,1,1
717,1,1,1,1,2,2,2,1,1,1,1,1.0,0,1,0,0,0,1,0,0,0,0,1,0,0,0,1,0,3
718,1,0,1,0,2,2,1,1,1,1,1,0.785714286,0,1,0,0,0,0,0,0,1,0,1,1,0,0,0,0,2
719,1,1,1,1,2,2,2,1,1,1,0,0.928571429,0,1,0,0,0,0,0,1,0,0,1,0,0,0,0,1,1
720,1,0,1,0,2,2,1,0,0,0,0,0.5,1,0,0,0,0,1,0,0,0,0,1,0,0,1,0,0,2
721,1,1,1,0,1,2,1,1,1,1,1,0.785714286,0,1,0,0,0,0,0,1,0,0,1,0,0,0,1,0,2
722,1,1,1,1,2,2,1,1,1,1,1,0.928571429,0,1,0,0,0,1,0,0,0,0,1,0,0,0,0,1,3
723,1,1,1,1,2,2,2,1,1,1,1,1.0,1,0,0,0,0,1,0,0,0,0,1,0,1,0,0,0,1
724,1,1,1,0,1,1,1,1,1,1,1,0.714285714,1,0,0,0,0,0,0,1,0,0,1,0,0,1,0,0,2
725,1,1,1,1,2,2,2,1,1,1,0,0.928571429,1,0,0,0,0,1,0,0,0,0,1,0,0,1,0,0,1
726,1,1,1,1,2,2,2,1,1,1,1,1.0,0,1,0,0,0,0,0,0,1,0,1,0,0,0,0,1,3
727,1,0,1,1,2,2,2,1,1,1,0,0.857142857,1,0,0,0,0,0,0,1,0,0,1,0,0,0,0,1,1
728,1,0,1,1,2,2,2,1,1,1,1,0.928571429,0,1,0,0,0,1,0,0,0,0,1,0,1,0,0,0,3
729,1,1,1,1,2,2,2,1,1,1,1,1.0,1,0,0,0,0,0,1,0,0,0,1,0,0,0,0,1,1
730,1,1,1,1,1,2,2,1,1,1,1,0.928571429,0,1,0,0,0,1,0,0,0,0,1,0,0,1,0,0,3
731,1,1,1,0,2,2,2,1,1,1,0,0.857142857,0,1,0,0,0,1,0,0,0,0,1,0,1,0,0,0,3
732,1,0,1,1,2,2,2,0,0,0,0,0.642857143,1,0,0,0,0,0,0,1,0,0,1,0,0,0,0,1,1
733,1,1,1,0,2,2,2,0,0,0,0,0.642857143,0,1,0,0,0,0,1,0,0,0,1,0,1,0,0,0,1
734,1,1,1,0,2,2,1,0,0,0,0,0.571428571,0,1,0,0,0,1,0,0,0,0,1,0,1,0,0,0,2
735,1,1,1,1,2,2,2,1,1,1,0,0.928571429,1,0,0,0,0,1,0,0,0,0,1,0,0,1,0,0,1
736,1,0,1,1,2,2,2,1,1,1,0,0.857142857,1,0,0,0,0,1,0,0,0,0,1,0,1,0,0,0,1
737,1,0,1,1,2,2,1,1,1,1,0,0.785714286,0,1,0,0,0,0,0,0,1,0,1,0,1,0,0,0,2
738,1,1,1,0,2,2,2,1,1,1,1,0.928571429,1,0,0,0,0,1,0,0,0,0,1,0,1,0,0,0,1
739,1,1,0,0,0,0,0,0,0,0,0,0.142857143,1,0,0,0,0,1,0,0,0,0,1,0,1,0,0,0,0
740,1,0,1,1,2,2,2,1,1,1,0,0.857142857,1,0,0,0,0,0,0,1,0,0,1,0,0,0,0,1,1
741,1,1,1,1,2,1,1,1,1,1,1,0.857142857,1,0,0,0,0,1,0,0,0,0,1,0,1,0,0,0,2
742,1,1,1,1,2,2,2,1,1,1,0,0.928571429,0,1,0,0,0,1,0,0,0,0,1,0,0,0,1,0,3
743,1,1,1,0,2,2,2,0,0,0,0,0.642857143,0,1,0,0,0,1,0,0,0,0,1,0,0,1,0,0,3
744,1,0,1,1,2,2,2,1,1,1,0,0.857142857,0,1,0,0,0,1,0,0,0,0,1,0,0,1,0,0,3
745,1,1,1,1,1,1,2,0,0,0,0,0.571428571,1,0,0,0,0,1,0,0,0,0,1,0,1,0,0,0,1
746,1,1,1,1,2,2,1,1,0,0,1,0.785714286,1,0,0,0,0,1,0,0,0,0,1,0,0,1,0,0,2
747,1,0,1,0,1,2,1,0,0,0,0,0.428571429,0,1,0,0,0,0,0,0,1,0,1,0,0,0,1,0,2
748,1,1,1,1,2,2,2,1,1,1,0,0.928571429,0,1,0,0,0,1,0,0,0,0,1,0,1,0,0,0,3
749,1,1,1,1,2,2,2,1,1,1,0,0.928571429,1,0,0,0,0,0,0,0,0,1,1,0,0,0,0,1,1
750,1,0,1,1,2,2,1,1,1,1,0,0.785714286,1,0,0,0,0,1,0,0,0,0,1,0,1,0,0,0,2
751,1,0,1,1,2,2,2,1,1,1,0,0.857142857,1,0,0,0,0,1,0,0,0,0,1,0,0,0,1,0,1
752,1,1,0,0,0,0,0,0,0,0,0,0.142857143,0,1,0,0,0,0,0,0,1,0,1,0,0,1,0,0,0
753,0,1,1,1,2,2,2,1,1,1,0,0.857142857,0,1,0,0,0,0,1,0,0,0,1,0,0,0,1,0,1
754,1,0,1,0,2,2,2,1,1,1,1,0.857142857,1,0,0,0,0,0,1,0,0,0,1,0,0,1,0,0,1
755,1,1,1,1,1,2,2,1,1,1,0,0.857142857,0,1,0,0,0,1,0,0,0,0,1,0,0,1,0,0,3
756,1,0,0,0,0,0,0,0,0,0,0,0.071428571,0,1,0,0,0,1,0,0,0,0,1,0,1,0,0,0,0
757,1,1,1,0,2,2,2,0,0,0,0,0.642857143,1,0,0,0,0,0,0,0,1,0,1,0,0,0,0,1,1
758,1,1,1,0,2,2,1,1,0,1,1,0.785714286,1,0,0,0,0,0,0,0,1,0,1,0,0,0,0,1,2
759,1,1,1,1,2,2,2,1,1,1,1,1.0,0,0,0,1,0,0,0,0,1,0,1,0,0,0,0,1,1
760,1,0,1,1,2,2,2,1,1,1,1,0.928571429,1,0,0,0,0,1,0,0,0,0,1,0,1,0,0,0,1
761,1,0,1,1,2,2,2,1,1,1,1,0.928571429,1,0,0,0,0,0,1,0,0,0,1,0,0,0,1,0,1
762,1,1,1,0,2,1,1,1,1,1,1,0.785714286,0,1,0,0,0,0,0,1,0,0,1,0,0,1,0,0,2
763,1,0,1,1,2,2,1,1,1,1,0,0.785714286,0,1,0,0,0,1,0,0,0,0,1,0,0,1,0,0,3
764,1,0,1,0,2,2,1,1,1,1,1,0.785714286,1,0,0,0,0,1,0,0,0,0,1,0,0,0,1,0,2
765,1,1,1,1,2,2,2,1,1,1,1,1.0,0,1,0,0,0,1,0,0,0,0,1,0,0,1,0,0,3
766,1,1,1,1,2,2,1,1,1,1,0,0.857142857,1,0,0,0,0,0,0,0,1,0,1,0,0,0,0,1,2
767,1,0,1,1,2,2,1,1,1,1,0,0.785714286,0,1,0,0,0,1,0,0,0,0,1,0,1,0,0,0,3
768,1,1,1,1,2,2,2,1,1,1,1,1.0,1,0,0,0,0,1,0,0,0,0,1,0,0,0,1,0,1
769,1,0,1,1,2,1,1,1,1,1,0,0.714285714,1,0,0,0,0,0,1,0,0,0,1,0,1,0,0,0,2
770,1,0,1,0,2,1,1,1,1,1,0,0.642857143,0,1,0,0,0,0,0,0,1,0,1,0,0,0,0,1,2
771,0,1,1,0,1,1,1,0,0,0,0,0.357142857,1,0,0,0,0,1,0,0,0,0,1,0,0,1,0,0,2
772,1,1,1,1,2,2,2,1,1,1,0,0.928571429,1,0,0,0,0,1,0,0,0,0,1,0,0,0,0,1,1
773,1,0,1,0,2,1,2,1,1,1,1,0.785714286,1,0,0,0,0,1,0,0,0,0,1,0,0,1,0,0,3
774,1,0,1,1,2,2,2,1,1,1,0,0.857142857,0,1,0,0,0,1,0,0,0,0,1,0,0,1,0,0,3
775,1,1,1,1,2,2,2,1,1,1,0,0.928571429,0,1,0,0,0,1,0,0,0,0,1,0,1,0,0,0,3
776,1,0,1,1,1,2,1,1,1,1,1,0.785714286,0,0,1,0,0,0,0,1,0,0,1,0,0,1,0,0,2
777,1,1,1,0,1,2,2,0,0,0,0,0.571428571,0,1,0,0,0,0,0,1,0,0,1,0,0,0,1,0,3
778,1,1,1,0,2,2,2,0,0,0,0,0.642857143,1,0,0,0,0,1,0,0,0,0,1,0,1,0,0,0,1
779,1,0,1,0,1,0,1,1,1,1,1,0.571428571,1,0,0,0,0,0,1,0,0,0,1,0,0,0,0,1,0
780,1,0,1,0,2,2,1,1,1,1,0,0.714285714,1,0,0,0,0,0,0,1,0,0,1,1,0,0,0,0,2
781,1,1,1,0,2,2,2,1,1,1,1,0.928571429,0,1,0,0,0,1,0,0,0,0,1,0,0,1,0,0,3
782,1,0,1,1,2,1,2,1,1,1,0,0.785714286,1,0,0,0,0,1,0,0,0,0,1,0,1,0,0,0,1
783,1,0,1,1,2,2,2,1,1,1,1,0.928571429,0,1,0,0,0,0,1,0,0,0,1,0,0,0,0,1,3
784,1,0,1,1,2,1,1,1,1,1,0,0.714285714,1,0,0,0,0,1,0,0,0,0,1,0,1,0,0,0,2
785,1,0,1,0,2,2,1,1,1,1,0,0.714285714,1,0,0,0,0,0,0,1,0,0,1,0,0,0,0,1,2
786,1,0,1,0,1,2,1,1,1,1,1,0.714285714,0,0,0,1,0,0,0,0,1,0,1,0,0,0,0,1,2
787,1,1,1,0,2,2,1,1,1,1,1,0.857142857,0,0,1,0,0,1,0,0,0,0,1,0,0,0,1,0,2
788,1,1,1,1,2,2,1,1,1,1,0,0.857142857,0,1,0,0,0,1,0,0,0,0,1,0,1,0,0,0,3
789,1,1,1,1,2,2,1,1,1,1,0,0.857142857,0,1,0,0,0,0,0,0,0,1,1,0,0,0,0,1,2
790,1,1,0,0,0,0,0,0,0,0,0,0.142857143,0,1,0,0,0,0,0,1,0,0,1,0,0,0,0,1,0
791,1,0,1,1,2,2,2,1,1,1,1,0.928571429,0,1,0,0,0,1,0,0,0,0,1,0,1,0,0,0,3
792,1,1,1,1,2,2,2,1,1,1,0,0.928571429,0,1,0,0,0,0,0,0,1,0,1,0,1,0,0,0,1
793,1,0,1,1,2,2,2,1,1,1,0,0.857142857,1,0,0,0,0,1,0,0,0,0,1,0,0,1,0,0,1
794,1,1,1,0,2,2,2,1,1,1,1,0.928571429,1,0,0,0,0,1,0,0,0,0,1,0,0,1,0,0,1
795,1,0,1,1,2,2,2,1,1,1,0,0.857142857,1,0,0,0,0,1,0,0,0,0,1,0,0,1,0,0,1
796,0,1,1,0,2,2,2,1,1,1,1,0.857142857,0,0,1,0,0,1,0,0,0,0,1,0,0,1,0,0,3
797,1,0,1,1,2,2,2,1,1,1,0,0.857142857,0,1,0,0,0,1,0,0,0,0,1,0,1,0,0,0,3
798,1,1,1,1,2,2,2,1,1,1,1,1.0,1,0,0,0,0,1,0,0,0,0,1,0,1,0,0,0,1
799,1,0,1,1,1,1,1,1,1,1,0,0.642857143,0,1,0,0,0,0,1,0,0,0,1,0,0,0,0,1,2
800,1,0,1,0,2,1,1,0,0,0,0,0.428571429,1,0,0,0,0,1,0,0,0,0,1,0,1,0,0,0,2
801,1,0,1,1,2,1,1,1,1,1,1,0.785714286,0,1,0,0,0,1,0,0,0,0,1,0,0,1,0,0,2
802,1,1,1,0,2,2,1,1,1,1,1,0.857142857,0,1,0,0,0,1,0,0,0,0,1,0,0,1,0,0,2
803,0,0,1,1,2,1,1,1,1,1,0,0.642857143,1,0,0,0,0,1,0,0,0,0,1,0,1,0,0,0,2
804,1,1,1,1,2,2,1,1,1,1,1,0.928571429,1,0,0,0,0,0,1,0,0,0,1,0,0,0,0,1,2
805,1,0,1,1,1,2,2,1,1,1,0,0.785714286,1,0,0,0,0,0,0,0,1,0,1,0,0,0,0,1,1
806,1,1,1,1,2,2,2,1,1,1,1,1.0,1,0,0,0,0,1,0,0,0,0,1,0,0,1,0,0,1
807,1,1,1,1,2,2,2,1,1,1,1,1.0,0,1,0,0,0,1,0,0,0,0,1,0,1,0,0,0,3
808,1,1,1,0,2,2,2,1,1,1,1,0.928571429,1,0,0,0,0,1,0,0,0,0,1,0,1,0,0,0,1
809,1,0,1,1,2,2,2,1,1,1,1,0.928571429,1,0,0,0,0,1,0,0,0,0,1,0,1,0,0,0,1
810,1,1,1,0,2,2,2,1,1,1,1,0.928571429,0,1,0,0,0,0,0,1,0,0,1,0,0,0,1,0,3
811,1,1,1,1,2,2,1,1,1,1,1,0.928571429,1,0,0,0,0,0,0,1,0,0,1,0,0,0,0,1,2
812,1,0,1,1,2,2,2,1,1,1,0,0.857142857,1,0,0,0,0,1,0,0,0,0,1,0,1,0,0,0,1
813,1,0,1,0,2,2,2,1,1,1,1,0.857142857,0,1,0,0,0,1,0,0,0,0,1,0,1,0,0,0,3
814,1,0,1,1,2,1,2,1,1,1,1,0.857142857,0,1,0,0,0,0,0,0,1,0,1,0,0,0,1,0,3
815,1,1,1,0,2,2,2,1,1,1,0,0.857142857,0,1,0,0,0,0,0,1,0,0,1,0,0,0,1,0,1
816,1,1,1,0,2,2,1,1,1,1,1,0.857142857,1,0,0,0,0,0,0,0,1,0,1,0,0,0,0,1,2
817,1,0,1,1,1,2,2,0,0,0,0,0.571428571,1,0,0,0,0,1,0,0,0,0,1,0,1,0,0,0,1
818,1,0,1,1,2,2,1,1,1,1,1,0.857142857,1,0,0,0,0,0,0,1,0,0,1,0,0,0,1,0,2
819,1,1,1,1,2,2,2,1,1,1,1,1.0,0,1,0,0,0,0,1,0,0,0,1,0,0,0,1,0,3
820,1,0,0,0,0,0,0,0,0,0,0,0.071428571,1,0,0,0,0,0,0,0,1,0,1,0,0,0,1,0,0
821,1,1,1,1,2,2,2,1,1,1,0,0.928571429,1,0,0,0,0,1,0,0,0,0,1,0,0,0,1,0,1
822,1,1,1,1,2,2,2,1,1,1,0,0.928571429,1,0,0,0,0,0,0,1,0,0,1,0,0,0,0,1,1
823,1,1,1,1,2,2,1,1,1,1,1,0.928571429,0,1,0,0,0,0,0,1,0,0,1,0,1,0,0,0,2
824,1,1,1,1,2,2,2,1,1,1,1,1.0,0,1,0,0,0,0,0,1,0,0,1,0,0,0,1,0,3
825,1,0,1,1,2,2,2,1,1,1,0,0.857142857,1,0,0,0,0,0,0,1,0,0,1,0,0,0,1,0,1
826,1,0,1,1,1,1,2,1,1,1,0,0.714285714,0,1,0,0,0,1,0,0,0,0,1,0,0,0,1,0,3
827,1,1,1,1,2,2,2,1,1,1,1,1.0,1,0,0,0,0,0,0,0,1,0,1,0,0,0,0,1,1
828,1,1,1,0,2,2,1,1,1,1,0,0.785714286,0,1,0,0,0,0,0,0,1,0,1,0,0,0,1,0,2
829,1,0,1,1,2,2,2,1,1,1,0,0.857142857,1,0,0,0,0,0,0,0,1,0,1,0,0,0,0,1,1
830,1,1,1,0,2,2,1,1,1,1,0,0.785714286,1,0,0,0,0,0,1,0,0,0,1,0,1,0,0,0,2
831,1,1,1,0,2,2,1,1,1,1,1,0.857142857,1,0,0,0,0,0,0,1,0,0,1,0,0,0,1,0,2
832,1,1,1,0,2,2,1,1,1,1,1,0.857142857,0,1,0,0,0,0,0,0,1,0,1,0,0,0,0,1,2
833,1,1,1,1,2,1,2,1,1,1,1,0.928571429,0,1,0,0,0,0,0,1,0,0,1,0,0,0,0,1,3
834,1,1,1,0,2,2,2,1,1,1,0,0.857142857,0,1,0,0,0,0,0,1,0,0,1,0,0,0,0,1,1
835,1,0,1,1,2,2,2,1,1,1,0,0.857142857,0,1,0,0,0,0,0,0,1,0,1,0,0,0,0,1,1
836,1,1,1,1,2,2,2,1,1,1,1,1.0,0,1,0,0,0,0,0,1,0,0,1,0,0,0,1,0,3
837,1,1,1,0,2,1,1,0,0,0,0,0.5,1,0,0,0,0,0,0,1,0,0,1,0,0,1,0,0,2
838,1,1,1,1,2,2,2,1,1,1,1,1.0,0,1,0,0,0,0,0,1,0,0,1,0,0,1,0,0,3
839,1,1,1,0,2,2,1,0,0,0,0,0.571428571,1,0,0,0,0,0,0,0,1,0,1,0,0,0,0,1,2
840,1,1,1,0,2,2,1,1,1,1,1,0.857142857,0,0,1,0,0,1,0,0,0,0,1,0,0,0,1,0,2
841,1,1,1,0,2,2,1,1,1,1,1,0.857142857,1,0,0,0,0,1,0,0,0,0,1,0,1,0,0,0,2
842,0,1,1,1,2,2,2,1,1,1,0,0.857142857,1,0,0,0,0,1,0,0,0,0,1,0,0,1,0,0,1
843,1,1,1,1,2,2,2,1,1,1,0,0.928571429,1,0,0,0,0,0,0,1,0,0,1,0,1,0,0,0,1
844,1,1,1,1,2,2,2,1,1,1,1,1.0,0,1,0,0,0,1,0,0,0,0,1,0,0,0,1,0,3
845,1,1,1,1,2,2,2,1,1,1,1,1.0,1,0,0,0,0,0,0,0,1,0,1,0,1,0,0,0,1
846,1,1,1,0,2,2,2,1,1,1,0,0.857142857,1,0,0,0,0,1,0,0,0,0,1,0,1,0,0,0,1
847,1,1,1,1,2,2,2,1,1,1,0,0.928571429,0,1,0,0,0,0,0,1,0,0,1,0,0,0,1,0,1
848,1,0,1,1,2,2,2,1,1,1,1,0.928571429,0,1,0,0,0,0,0,0,1,0,1,0,1,0,0,0,3
849,1,0,1,1,2,2,2,1,1,1,1,0.928571429,0,1,0,0,0,1,0,0,0,0,1,0,0,1,0,0,3
850,1,1,1,0,2,2,1,0,0,0,0,0.571428571,1,0,0,0,0,0,0,0,1,0,1,0,1,0,0,0,2
851,1,0,1,0,2,2,2,1,1,1,1,0.857142857,0,0,0,1,0,0,0,0,1,0,1,0,0,0,1,0,1
852,1,0,0,0,0,0,0,0,0,0,0,0.071428571,0,1,0,0,0,0,0,1,0,0,1,0,1,0,0,0,0
853,1,0,1,0,2,2,1,1,1,1,0,0.714285714,1,0,0,0,0,0,0,0,1,0,1,0,1,0,0,0,2
854,1,1,1,1,2,2,2,1,1,1,1,1.0,0,1,0,0,0,1,0,0,0,0,1,0,0,0,1,0,3
855,1,1,1,1,2,2,1,1,1,1,0,0.857142857,0,1,0,0,0,1,0,0,0,0,1,0,0,1,0,0,3
856,1,0,1,1,2,2,2,1,1,1,1,0.928571429,0,1,0,0,0,1,0,0,0,0,1,0,0,1,0,0,3
857,1,1,1,1,2,1,2,1,1,1,0,0.857142857,0,1,0,0,0,0,0,1,0,0,1,0,0,0,0,1,3
858,1,0,1,1,2,2,1,1,1,1,0,0.785714286,1,0,0,0,0,0,0,1,0,0,1,0,0,1,0,0,2
859,1,0,1,1,2,2,2,1,1,1,1,0.928571429,1,0,0,0,0,0,0,1,0,0,1,0,0,0,1,0,1
860,1,0,1,1,1,2,2,1,1,1,0,0.785714286,0,1,0,0,0,1,0,0,0,0,1,0,0,1,0,0,3
861,1,0,1,0,2,2,2,1,1,1,0,0.785714286,1,0,0,0,0,0,0,1,0,0,1,0,0,1,0,0,1
862,1,1,1,1,2,2,2,1,1,1,1,1.0,0,1,0,0,0,1,0,0,0,0,1,0,1,0,0,0,3
863,1,1,1,0,2,2,1,1,1,1,1,0.857142857,0,1,0,0,0,1,0,0,0,0,1,0,0,1,0,0,2
864,1,1,1,1,2,2,2,1,1,1,0,0.928571429,0,1,0,0,0,1,0,0,0,0,1,0,0,0,1,0,3
865,1,1,1,1,2,2,2,1,1,1,1,1.0,1,0,0,0,0,0,0,1,0,0,1,0,0,0,0,1,1
866,1,1,1,1,1,1,2,1,1,1,1,0.857142857,0,1,0,0,0,0,0,0,1,0,1,0,0,0,1,0,3
867,1,1,1,1,2,2,1,1,1,1,0,0.857142857,1,0,0,0,0,0,0,1,0,0,1,0,0,0,1,0,2
868,1,1,0,0,0,0,0,0,0,0,0,0.142857143,1,0,0,0,0,0,0,0,1,0,1,0,1,0,0,0,0
869,1,1,1,0,2,2,2,1,1,1,1,0.928571429,1,0,0,0,0,0,0,1,0,0,1,0,0,0,1,0,1
870,1,1,1,0,1,2,2,1,1,1,1,0.857142857,1,0,0,0,0,0,0,0,1,0,1,0,0,0,0,1,1
872,1,1,1,1,2,2,1,1,1,1,0,0.857142857,1,0,0,0,0,1,0,0,0,0,1,0,1,0,0,0,2
873,1,1,1,1,2,1,0,1,1,1,1,0.785714286,0,1,0,0,0,1,0,0,0,0,1,0,0,1,0,0,2
874,1,1,1,1,2,2,2,1,1,1,0,0.928571429,1,0,0,0,0,1,0,0,0,0,1,0,1,0,0,0,1
875,1,0,1,1,2,1,1,1,1,1,1,0.785714286,0,1,0,0,0,0,0,1,0,0,1,0,0,0,0,1,2
876,1,1,1,0,2,2,2,1,1,1,1,0.928571429,0,1,0,0,0,0,0,0,1,0,1,0,0,0,1,0,3
877,1,1,1,0,2,1,2,1,1,1,0,0.785714286,0,1,0,0,0,0,0,0,1,0,1,0,1,0,0,0,3
878,1,1,0,0,0,0,0,0,0,0,0,0.142857143,1,0,0,0,0,1,0,0,0,0,1,0,1,0,0,0,0
879,1,1,1,0,2,2,2,1,1,1,1,0.928571429,1,0,0,0,0,1,0,0,0,0,1,0,0,1,0,0,1
880,1,0,1,0,2,2,2,0,0,0,0,0.571428571,1,0,0,0,0,0,1,0,0,0,1,0,0,0,0,1,1
881,1,1,1,1,2,2,2,1,1,1,1,1.0,0,1,0,0,0,1,0,0,0,0,1,0,0,0,1,0,3
882,1,1,1,1,2,2,2,1,1,1,1,1.0,0,0,1,0,0,0,0,0,0,1,1,0,1,0,0,0,1
883,1,1,1,1,2,2,2,1,1,1,0,0.928571429,1,0,0,0,0,0,0,1,0,0,1,0,0,0,0,1,1
884,1,0,0,0,0,0,0,0,0,0,0,0.071428571,0,1,0,0,0,0,0,1,0,0,1,0,0,0,1,0,0
885,1,0,1,0,2,2,2,1,1,1,1,0.857142857,0,1,0,0,0,0,0,1,0,0,1,0,1,0,0,0,3
886,1,0,1,1,2,1,1,1,1,1,1,0.785714286,1,0,0,0,0,0,0,1,0,0,1,0,0,0,1,0,2
887,1,0,1,1,2,2,2,1,1,1,0,0.857142857,1,0,0,0,0,0,0,1,0,0,1,0,0,0,1,0,1
888,1,1,1,0,2,2,2,0,0,0,0,0.642857143,0,1,0,0,0,0,0,0,1,0,1,0,0,0,0,1,1
889,0,1,1,0,2,2,1,1,1,1,0,0.714285714,1,0,0,0,0,1,0,0,0,0,1,0,1,0,0,0,2
890,1,1,1,1,2,2,2,1,1,1,0,0.928571429,1,0,0,0,0,0,0,1,0,0,1,0,0,0,0,1,1
891,1,1,1,1,2,2,2,1,1,1,1,1.0,1,0,0,0,0,0,0,1,0,0,1,0,0,0,1,0,1
892,1,1,1,0,2,2,2,1,1,1,1,0.928571429,0,1,0,0,0,1,0,0,0,0,1,0,1,0,0,0,3
893,1,1,1,0,2,2,2,1,1,1,0,0.857142857,1,0,0,0,0,0,1,0,0,0,1,0,0,1,0,0,1
894,1,1,1,0,2,2,1,0,0,0,0,0.571428571,1,0,0,0,0,0,0,0,1,0,1,0,0,0,1,0,2
895,1,1,1,1,2,2,2,1,1,1,1,1.0,1,0,0,0,0,0,1,0,0,0,1,0,0,0,1,0,1
896,1,0,1,1,2,1,2,1,1,1,1,0.857142857,0,1,0,0,0,0,0,1,0,0,1,0,0,0,0,1,3
897,1,0,1,0,1,2,2,1,1,1,1,0.785714286,1,0,0,0,0,1,0,0,0,0,1,0,1,0,0,0,3
898,1,1,1,1,2,2,1,1,1,1,1,0.928571429,1,0,0,0,0,1,0,0,0,0,1,0,1,0,0,0,2
899,1,0,1,1,2,2,1,1,1,1,1,0.857142857,0,1,0,0,0,0,0,1,0,0,1,0,0,0,1,0,2
900,1,1,1,1,2,2,2,1,1,1,1,1.0,1,0,0,0,0,0,1,0,0,0,1,0,0,1,0,0,1
901,1,1,1,0,2,2,2,1,1,1,0,0.857142857,1,0,0,0,0,0,0,1,0,0,1,0,0,0,1,0,1
902,1,1,1,1,2,2,2,1,1,1,0,0.928571429,1,0,0,0,0,1,0,0,0,0,1,0,1,0,0,0,1
903,1,1,1,0,2,2,2,1,1,1,0,0.857142857,1,0,0,0,0,0,1,0,0,0,1,0,0,1,0,0,1
904,1,1,1,0,2,2,2,1,1,1,1,0.928571429,1,0,0,0,0,1,0,0,0,0,1,0,1,0,0,0,1
905,1,0,1,1,1,2,2,1,1,1,1,0.857142857,0,1,0,0,0,0,0,0,1,0,1,0,0,0,1,0,3
906,1,1,1,1,2,2,2,1,1,1,0,0.928571429,1,0,0,0,0,0,0,1,0,0,1,0,0,0,1,0,1
907,1,1,1,1,2,2,2,1,1,1,1,1.0,0,1,0,0,0,1,0,0,0,0,1,0,1,0,0,0,3
908,1,1,1,1,2,2,2,1,1,1,1,1.0,0,1,0,0,0,1,0,0,0,0,1,0,1,0,0,0,3
909,1,0,1,1,2,2,2,1,1,1,1,0.928571429,0,1,0,0,0,1,0,0,0,0,1,0,1,0,0,0,3
910,1,1,1,1,2,2,2,1,1,1,1,1.0,1,0,0,0,0,1,0,0,0,0,1,0,0,1,0,0,1
911,1,0,1,1,2,2,2,1,1,1,1,0.928571429,1,0,0,0,0,0,0,1,0,0,1,0,0,0,0,1,1
912,1,1,1,0,2,2,1,0,0,0,0,0.571428571,0,1,0,0,0,0,0,1,0,0,1,0,0,0,0,1,2
913,1,1,1,0,2,2,2,1,1,1,1,0.928571429,0,1,0,0,0,1,0,0,0,0,1,0,1,0,0,0,3
914,1,0,1,0,2,2,2,1,1,1,1,0.857142857,1,0,0,0,0,1,0,0,0,0,1,0,0,1,0,0,1
915,1,0,1,1,2,1,1,1,1,1,1,0.785714286,0,0,0,1,0,0,0,0,1,0,1,0,0,0,0,1,2
916,1,1,1,1,2,2,2,1,1,1,1,1.0,1,0,0,0,0,0,1,0,0,0,1,0,0,0,1,0,1
917,1,0,1,1,2,2,2,1,1,1,0,0.857142857,1,0,0,0,0,0,0,0,1,0,1,0,1,0,0,0,1
918,1,1,1,0,2,2,2,0,0,0,0,0.642857143,1,0,0,0,0,0,0,1,0,0,1,0,0,0,1,0,1
919,1,1,1,1,2,2,2,1,1,1,0,0.928571429,1,0,0,0,0,0,0,0,1,0,1,0,0,0,1,0,1
920,1,0,1,1,2,2,1,1,1,1,0,0.785714286,1,0,0,0,0,1,0,0,0,0,1,0,0,1,0,0,2
921,1,0,1,0,2,2,2,1,1,1,1,0.857142857,1,0,0,0,0,0,0,1,0,0,1,0,0,0,0,1,1
922,1,0,1,1,2,2,1,0,0,0,0,0.571428571,1,0,0,0,0,0,0,0,1,0,1,0,0,0,1,0,2
923,1,1,1,1,2,1,2,1,1,1,1,0.928571429,0,1,0,0,0,1,0,0,0,0,1,0,0,1,0,0,3
924,1,1,1,0,2,1,2,0,0,0,0,0.571428571,0,1,0,0,0,0,0,0,1,0,1,0,0,0,1,0,3
925,1,0,1,0,2,2,2,0,0,0,0,0.571428571,0,1,0,0,0,0,0,0,1,0,1,0,1,0,0,0,1
926,1,1,1,1,2,2,2,1,1,1,0,0.928571429,0,1,0,0,0,0,0,1,0,0,1,0,0,0,0,1,1
927,1,1,1,0,2,2,2,0,0,0,0,0.642857143,0,1,0,0,0,1,0,0,0,0,1,0,0,1,0,0,3
928,1,1,1,1,2,2,2,1,1,1,1,1.0,1,0,0,0,0,0,0,0,1,0,1,0,0,0,0,1,1
929,1,1,1,1,2,2,2,1,1,1,1,1.0,0,1,0,0,0,1,0,0,0,0,1,0,1,0,0,0,3
930,1,1,1,0,2,2,2,1,1,1,1,0.928571429,1,0,0,0,0,0,0,1,0,0,1,0,0,0,1,0,1
931,1,1,1,0,2,2,2,0,0,0,0,0.642857143,0,1,0,0,0,0,0,0,1,0,1,0,0,0,1,0,1
932,1,0,1,1,2,2,2,1,1,1,0,0.857142857,1,0,0,0,0,1,0,0,0,0,1,0,0,1,0,0,1
933,1,1,1,1,2,2,2,1,1,1,1,1.0,1,0,0,0,0,1,0,0,0,0,1,0,0,1,0,0,1
934,1,1,1,0,2,2,1,1,1,1,1,0.857142857,0,1,0,0,0,0,0,0,1,0,1,0,0,0,1,0,2
935,1,0,1,1,2,2,1,1,1,1,0,0.785714286,1,0,0,0,0,1,0,0,0,0,1,0,1,0,0,0,2
936,1,0,1,1,2,2,2,1,1,1,1,0.928571429,1,0,0,0,0,1,0,0,0,0,1,0,1,0,0,0,1
937,1,0,1,1,2,2,2,1,1,1,1,0.928571429,1,0,0,0,0,0,0,1,0,0,1,0,0,1,0,0,1
938,1,1,1,1,2,2,2,1,1,1,0,0.928571429,0,1,0,0,0,1,0,0,0,0,1,0,1,0,0,0,3
939,1,1,1,0,2,2,2,1,1,1,1,0.928571429,1,0,0,0,0,0,1,0,0,0,1,0,0,0,0,1,1
940,1,1,1,1,2,2,1,1,1,1,1,0.928571429,0,1,0,0,0,0,1,0,0,0,1,0,0,0,0,1,2
941,1,1,1,1,2,2,1,1,1,1,0,0.857142857,1,0,0,0,0,1,0,0,0,0,1,0,1,0,0,0,2
942,1,0,1,1,2,2,2,1,1,1,1,0.928571429,1,0,0,0,0,1,0,0,0,0,1,0,1,0,0,0,1
943,1,1,1,0,2,2,2,1,1,1,1,0.928571429,1,0,0,0,0,0,0,1,0,0,1,0,0,1,0,0,1
944,1,1,1,1,2,2,2,1,1,1,1,1.0,0,1,0,0,0,1,0,0,0,0,1,0,0,1,0,0,3
945,1,0,1,1,2,2,2,1,1,1,1,0.928571429,0,1,0,0,0,1,0,0,0,0,1,0,1,0,0,0,3
946,1,0,0,0,0,0,0,0,0,0,0,0.071428571,1,0,0,0,0,0,0,1,0,0,1,0,0,0,0,1,0
947,1,1,1,0,2,2,2,1,1,1,1,0.928571429,1,0,0,0,0,0,0,0,1,0,1,0,0,0,0,1,1
948,1,1,1,0,2,1,2,1,1,1,1,0.857142857,0,1,0,0,0,1,0,0,0,0,1,0,1,0,0,0,3
949,1,1,1,1,2,2,2,1,1,1,0,0.928571429,0,1,0,0,0,0,0,1,0,0,1,0,1,0,0,0,1
950,1,1,1,1,2,1,1,1,1,1,1,0.857142857,0,1,0,0,0,0,1,0,0,0,1,0,0,0,1,0,2
951,1,0,1,1,2,2,2,1,1,1,0,0.857142857,1,0,0,0,0,0,0,1,0,0,1,0,1,0,0,0,1
952,1,0,1,1,1,2,2,1,1,1,1,0.857142857,0,1,0,0,0,1,0,0,0,0,1,0,0,1,0,0,3
953,1,1,1,0,2,2,2,0,0,0,0,0.642857143,0,1,0,0,0,1,0,0,0,0,1,0,0,1,0,0,3
954,1,1,1,1,2,2,2,1,1,1,1,1.0,0,1,0,0,0,0,1,0,0,0,1,0,0,0,0,1,3
955,1,1,1,1,2,2,2,1,1,1,1,1.0,0,1,0,0,0,1,0,0,0,0,1,0,0,1,0,0,3
956,1,0,1,1,2,2,2,1,1,1,1,0.928571429,1,0,0,0,0,0,0,1,0,0,1,0,0,0,0,1,1
957,1,1,1,1,2,2,1,1,1,1,1,0.928571429,1,0,0,0,0,1,0,0,0,0,1,0,1,0,0,0,2
958,1,1,1,1,2,2,1,1,1,1,1,0.928571429,1,0,0,0,0,0,1,0,0,0,1,0,1,0,0,0,2
959,1,1,1,1,2,2,2,1,1,1,0,0.928571429,1,0,0,0,0,1,0,0,0,0,1,0,1,0,0,0,1
960,1,1,0,0,0,0,0,0,0,0,0,0.142857143,0,1,0,0,0,1,0,0,0,0,1,0,0,0,1,0,0
961,1,0,1,1,2,1,1,1,1,1,1,0.785714286,0,1,0,0,0,1,0,0,0,0,1,0,0,0,0,1,2
962,1,1,1,0,2,2,2,1,1,1,0,0.857142857,1,0,0,0,0,1,0,0,0,0,1,0,0,1,0,0,1
963,1,1,1,1,2,2,2,1,1,1,0,0.928571429,1,0,0,0,0,0,0,1,0,0,1,0,0,0,0,1,1
964,1,1,1,0,2,2,2,0,0,0,0,0.642857143,1,0,0,0,0,1,0,0,0,0,1,0,0,0,1,0,1
965,1,1,1,1,2,2,2,1,1,1,1,1.0,1,0,0,0,0,1,0,0,0,0,1,0,1,0,0,0,1
966,1,1,1,1,2,2,1,1,1,1,1,0.928571429,0,1,0,0,0,1,0,0,0,0,1,0,0,0,1,0,3
967,1,1,1,1,2,2,2,1,1,1,1,1.0,1,0,0,0,0,0,0,0,1,0,1,0,0,0,0,1,1
968,1,0,1,0,2,1,2,0,0,0,0,0.5,1,0,0,0,0,0,0,1,0,0,1,0,0,0,1,0,1
969,1,1,0,0,0,0,0,0,0,0,0,0.142857143,0,0,0,1,0,0,0,0,0,1,1,1,0,0,0,0,0
970,1,0,1,0,2,2,2,1,1,1,0,0.785714286,1,0,0,0,0,0,0,1,0,0,1,0,0,0,1,0,1
971,1,0,1,1,2,2,2,1,1,1,1,0.928571429,1,0,0,0,0,1,0,0,0,0,1,0,1,0,0,0,1
972,1,0,1,0,2,2,1,1,1,1,1,0.785714286,1,0,0,0,0,1,0,0,0,0,1,0,1,0,0,0,2
973,1,1,1,1,2,0,0,1,1,1,1,0.714285714,0,1,0,0,0,0,1,0,0,0,1,0,0,0,1,0,2
974,1,0,0,0,0,0,0,0,0,0,0,0.071428571,1,0,0,0,0,0,0,0,1,0,1,0,1,0,0,0,0
975,1,0,1,0,2,2,2,1,1,1,0,0.785714286,1,0,0,0,0,0,1,0,0,0,1,0,0,0,1,0,1
976,0,0,1,0,2,2,1,1,0,0,1,0.571428571,0,1,0,0,0,0,0,1,0,0,1,0,0,0,1,0,2
977,1,1,1,1,2,2,2,1,1,1,1,1.0,1,0,0,0,0,0,0,0,1,0,1,0,0,0,0,1,1
978,1,1,1,0,2,2,2,1,1,1,1,0.928571429,0,1,0,0,0,1,0,0,0,0,1,0,0,1,0,0,3
979,1,1,1,1,2,2,1,1,1,1,0,0.857142857,1,0,0,0,0,0,0,1,0,0,1,0,1,0,0,0,2
980,1,1,1,1,2,2,2,1,1,1,1,1.0,0,0,0,1,0,0,1,0,0,0,1,0,0,0,1,0,1
981,1,1,1,1,2,2,1,1,1,1,0,0.857142857,1,0,0,0,0,1,0,0,0,0,1,0,0,1,0,0,2
982,1,0,1,0,2,1,1,1,1,1,1,0.714285714,1,0,0,0,0,1,0,0,0,0,1,0,0,1,0,0,2
983,1,1,1,1,2,2,2,1,1,1,0,0.928571429,1,0,0,0,0,1,0,0,0,0,1,0,0,0,1,0,1
984,1,1,1,0,2,1,1,0,0,0,0,0.5,0,1,0,0,0,1,0,0,0,0,1,0,0,1,0,0,2
985,1,1,1,1,2,2,2,1,1,1,1,1.0,0,1,0,0,0,1,0,0,0,0,1,0,0,1,0,0,3
986,1,1,1,1,2,1,2,1,1,1,1,0.928571429,1,0,0,0,0,0,0,0,1,0,1,0,0,0,0,1,1
987,1,1,1,1,2,2,2,1,1,1,1,1.0,1,0,0,0,0,1,0,0,0,0,1,0,1,0,0,0,1
988,1,1,1,1,2,2,2,1,1,1,1,1.0,1,0,0,0,0,1,0,0,0,0,1,0,0,1,0,0,1
989,1,1,1,1,2,2,1,1,1,1,0,0.857142857,0,1,0,0,0,0,0,0,1,0,1,0,0,0,0,1,2
990,1,0,1,1,2,2,1,1,1,1,1,0.857142857,0,1,0,0,0,1,0,0,0,0,1,0,0,1,0,0,3
991,1,1,1,1,2,2,1,1,1,1,1,0.928571429,0,1,0,0,0,0,1,0,0,0,1,0,0,0,1,0,2
992,1,1,1,0,2,1,1,1,1,1,1,0.785714286,1,0,0,0,0,0,1,0,0,0,1,0,0,0,0,1,2
993,1,0,1,1,2,2,1,1,1,1,0,0.785714286,0,1,0,0,0,0,0,0,1,0,1,0,0,0,0,1,2
994,1,1,1,0,2,1,2,1,1,1,1,0.857142857,0,1,0,0,0,1,0,0,0,0,1,0,1,0,0,0,3
995,1,1,1,1,2,2,2,1,1,1,1,1.0,1,0,0,0,0,0,1,0,0,0,1,0,0,1,0,0,1
996,1,0,1,1,2,2,2,1,1,1,1,0.928571429,0,1,0,0,0,1,0,0,0,0,1,0,0,1,0,0,3
997,1,1,1,1,2,2,2,1,1,1,0,0.928571429,0,0,0,1,0,1,0,0,0,0,1,0,0,0,1,0,1
998,1,1,1,1,2,2,2,1,1,1,1,1.0,1,0,0,0,0,0,1,0,0,0,1,0,0,0,0,1,1
999,1,0,1,1,2,2,2,1,1,1,1,0.928571429,1,0,0,0,0,1,0,0,0,0,1,0,1,0,0,0,1
1000,1,1,1,0,2,2,2,1,1,1,1,0.928571429,0,1,0,0,0,1,0,0,0,0,1,0,1,0,0,0,3
1001,1,0,1,1,2,2,1,1,1,1,0,0.785714286,0,1,0,0,0,1,0,0,0,0,1,0,1,0,0,0,3
1002,1,1,1,1,2,2,2,1,1,1,0,0.928571429,0,1,0,0,0,0,1,0,0,0,1,0,0,0,1,0,1
1003,0,1,1,1,2,2,2,1,1,1,0,0.857142857,1,0,0,0,0,1,0,0,0,0,1,0,1,0,0,0,1
1004,1,0,1,1,2,2,2,1,1,1,0,0.857142857,0,1,0,0,0,0,0,1,0,0,1,0,0,0,1,0,1
1005,1,1,1,0,2,2,1,1,1,1,0,0.785714286,1,0,0,0,0,1,0,0,0,0,1,0,1,0,0,0,2
1006,1,0,1,1,2,2,2,1,1,1,1,0.928571429,1,0,0,0,0,1,0,0,0,0,1,0,0,1,0,0,1
1007,1,1,1,1,2,2,2,1,1,1,0,0.928571429,0,1,0,0,0,0,0,1,0,0,1,0,0,0,1,0,1
1008,1,1,1,1,2,1,1,1,1,1,0,0.785714286,1,0,0,0,0,0,1,0,0,0,1,0,0,0,0,1,2
1009,1,0,0,0,0,0,0,0,0,0,0,0.071428571,1,0,0,0,0,0,0,0,1,0,1,0,0,0,0,1,0
1010,1,0,1,1,2,2,2,1,1,1,1,0.928571429,1,0,0,0,0,0,0,1,0,0,1,0,0,0,0,1,1
1011,1,0,1,1,2,2,2,1,1,1,1,0.928571429,1,0,0,0,0,1,0,0,0,0,1,0,0,0,1,0,1
1012,1,1,1,1,2,2,1,1,1,1,0,0.857142857,0,1,0,0,0,1,0,0,0,0,1,0,1,0,0,0,3
1013,1,0,1,0,1,1,2,1,1,1,0,0.642857143,1,0,0,0,0,0,0,1,0,0,1,0,0,0,0,1,1
1014,1,1,1,1,2,2,2,1,1,1,1,1.0,1,0,0,0,0,1,0,0,0,0,1,0,1,0,0,0,1
1015,0,0,1,0,2,2,1,0,0,0,0,0.428571429,1,0,0,0,0,1,0,0,0,0,1,0,1,0,0,0,2
1016,1,1,1,1,2,2,2,1,1,1,0,0.928571429,1,0,0,0,0,1,0,0,0,0,1,0,1,0,0,0,1
1017,1,0,1,1,2,2,2,1,1,1,0,0.857142857,1,0,0,0,0,0,0,1,0,0,1,0,1,0,0,0,1
1018,1,0,0,0,0,0,0,0,0,0,0,0.071428571,1,0,0,0,0,0,0,0,1,0,1,0,1,0,0,0,0
1019,1,0,1,1,2,2,2,1,1,1,0,0.857142857,0,0,0,1,0,0,0,0,1,0,1,0,0,1,0,0,1
1020,1,1,1,0,2,1,1,1,1,1,1,0.785714286,1,0,0,0,0,1,0,0,0,0,1,0,1,0,0,0,2
1021,1,1,1,0,2,2,1,0,0,0,0,0.571428571,0,1,0,0,0,0,1,0,0,0,1,0,0,0,1,0,2
1022,1,1,1,1,2,2,2,1,1,1,1,1.0,0,1,0,0,0,1,0,0,0,0,1,0,1,0,0,0,3
1023,1,1,1,1,2,1,2,1,1,1,1,0.928571429,0,1,0,0,0,0,0,0,1,0,1,0,0,0,1,0,3
1024,1,1,1,0,2,2,2,1,1,1,1,0.928571429,1,0,0,0,0,1,0,0,0,0,1,0,0,1,0,0,1
1025,1,1,1,0,2,1,2,1,1,1,0,0.785714286,0,1,0,0,0,1,0,0,0,0,1,0,1,0,0,0,3
1026,1,0,1,1,2,1,1,1,1,1,1,0.785714286,0,1,0,0,0,0,1,0,0,0,1,0,0,0,1,0,2
1027,1,1,1,0,2,2,2,1,1,1,1,0.928571429,0,0,1,0,0,1,0,0,0,0,1,0,0,1,0,0,3
1028,1,1,1,1,2,1,2,1,1,1,1,0.928571429,1,0,0,0,0,1,0,0,0,0,1,0,1,0,0,0,3
1029,1,0,1,1,2,2,2,1,1,1,0,0.857142857,1,0,0,0,0,1,0,0,0,0,1,0,0,1,0,0,1
1030,1,0,1,0,0,1,1,1,1,1,0,0.5,1,0,0,0,0,0,1,0,0,0,1,0,0,1,0,0,0
1031,1,1,1,1,2,1,2,1,1,1,1,0.928571429,0,1,0,0,0,1,0,0,0,0,1,0,0,0,1,0,3
1032,1,0,1,0,1,2,2,1,1,1,1,0.785714286,1,0,0,0,0,0,0,1,0,0,1,0,0,0,1,0,1
1033,1,1,1,0,2,2,1,0,0,0,0,0.571428571,0,1,0,0,0,1,0,0,0,0,1,0,0,1,0,0,2
1034,1,0,1,1,2,2,1,1,1,1,0,0.785714286,0,1,0,0,0,1,0,0,0,0,1,0,1,0,0,0,3
1036,1,1,1,1,2,2,2,1,1,1,0,0.928571429,1,0,0,0,0,1,0,0,0,0,1,0,1,0,0,0,1
1037,1,1,1,0,2,2,1,1,1,1,1,0.857142857,0,1,0,0,0,0,0,0,1,0,1,0,0,0,0,1,2
1038,1,1,1,1,2,2,1,1,1,1,1,0.928571429,0,1,0,0,0,1,0,0,0,0,1,0,0,1,0,0,3
1039,1,1,0,0,0,0,0,0,0,0,0,0.142857143,1,0,0,0,0,0,0,0,1,0,1,0,0,0,0,1,0
1040,0,1,1,1,2,2,2,1,1,1,1,0.928571429,0,1,0,0,0,1,0,0,0,0,1,0,1,0,0,0,3
1041,1,0,1,1,2,2,2,1,1,1,1,0.928571429,0,0,0,1,0,1,0,0,0,0,1,0,0,0,0,1,3
1042,1,1,1,0,2,2,2,1,1,1,1,0.928571429,0,1,0,0,0,1,0,0,0,0,1,0,0,0,1,0,3
1043,0,1,1,0,2,2,1,0,0,0,0,0.5,0,1,0,0,0,1,0,0,0,0,1,0,1,0,0,0,2
1044,1,0,1,1,2,1,2,1,1,1,1,0.857142857,1,0,0,0,0,1,0,0,0,0,1,0,1,0,0,0,3
1045,1,1,1,1,2,2,2,1,1,1,0,0.928571429,0,1,0,0,0,1,0,0,0,0,1,0,0,1,0,0,3
1046,1,0,1,0,2,2,2,1,1,1,0,0.785714286,1,0,0,0,0,0,0,1,0,0,1,0,0,0,1,0,1
1047,1,0,1,1,2,2,1,1,1,1,1,0.857142857,1,0,0,0,0,1,0,0,0,0,1,0,1,0,0,0,2
1048,1,1,1,1,1,1,2,1,1,1,1,0.857142857,0,1,0,0,0,0,0,0,0,1,1,0,0,0,0,1,3
1049,1,0,0,0,0,0,0,0,0,0,0,0.071428571,1,0,0,0,0,1,0,0,0,0,1,0,1,0,0,0,0
1050,1,1,0,0,0,0,0,0,0,0,0,0.142857143,0,1,0,0,0,1,0,0,0,0,1,0,1,0,0,0,0
1051,1,0,1,0,2,2,2,1,1,1,0,0.785714286,1,0,0,0,0,1,0,0,0,0,1,0,0,1,0,0,1
1052,1,0,1,0,1,1,1,0,0,0,0,0.357142857,1,0,0,0,0,0,0,0,1,0,1,0,1,0,0,0,2
1053,1,0,1,1,2,2,2,1,1,1,0,0.857142857,0,1,0,0,0,0,0,1,0,0,1,0,0,0,1,0,1
1054,1,0,1,1,2,2,1,1,1,1,1,0.857142857,1,0,0,0,0,0,0,0,1,0,1,0,0,0,1,0,2
1055,1,1,1,1,2,0,1,1,1,1,1,0.785714286,0,0,0,1,0,1,0,0,0,0,1,0,1,0,0,0,2
1056,1,1,1,1,2,1,2,1,1,1,0,0.857142857,1,0,0,0,0,1,0,0,0,0,1,0,0,1,0,0,1
1057,1,0,1,1,2,2,2,1,1,1,0,0.857142857,1,0,0,0,0,0,0,1,0,0,1,0,0,0,0,1,1
1058,1,0,1,0,2,2,1,1,1,1,0,0.714285714,1,0,0,0,0,0,0,0,1,0,1,0,0,1,0,0,2
1059,1,0,1,0,1,1,1,1,1,1,1,0.642857143,1,0,0,0,0,0,0,1,0,0,1,0,1,0,0,0,2
1060,1,0,1,1,2,2,2,1,1,1,1,0.928571429,1,0,0,0,0,1,0,0,0,0,1,0,0,0,1,0,1
1061,1,1,1,0,2,2,1,0,0,0,0,0.571428571,1,0,0,0,0,1,0,0,0,0,1,0,0,1,0,0,2
1062,1,1,1,1,2,2,2,1,1,1,1,1.0,0,1,0,0,0,1,0,0,0,0,1,0,0,1,0,0,3
1063,1,1,1,0,2,2,2,1,1,1,1,0.928571429,0,1,0,0,0,0,0,1,0,0,1,0,0,0,0,1,3
1064,1,1,1,0,2,2,2,1,1,1,1,0.928571429,0,1,0,0,0,0,0,1,0,0,1,0,0,0,0,1,3
1065,1,1,1,1,2,1,1,1,1,1,1,0.857142857,0,1,0,0,0,1,0,0,0,0,1,0,1,0,0,0,2
1066,1,1,1,0,2,0,1,1,1,1,1,0.714285714,0,1,0,0,0,1,0,0,0,0,1,0,0,0,1,0,2
1067,1,0,1,0,2,1,1,1,1,1,0,0.642857143,1,0,0,0,0,0,0,1,0,0,1,0,0,0,1,0,2
1068,1,1,1,1,2,2,2,1,1,1,0,0.928571429,1,0,0,0,0,1,0,0,0,0,1,0,0,0,1,0,1
1069,1,1,0,0,0,0,0,0,0,0,0,0.142857143,0,1,0,0,0,0,0,1,0,0,1,0,0,0,0,1,0
1070,1,1,1,1,2,2,2,1,1,1,1,1.0,0,0,0,1,0,1,0,0,0,0,1,0,0,0,1,0,3
1071,1,1,1,0,1,2,2,1,1,1,1,0.857142857,1,0,0,0,0,0,0,1,0,0,1,0,0,0,1,0,1
1072,1,1,1,0,2,2,2,1,1,1,0,0.857142857,1,0,0,0,0,1,0,0,0,0,1,0,1,0,0,0,1
1073,1,1,1,0,2,2,1,1,1,1,1,0.857142857,0,1,0,0,0,0,0,0,1,0,1,0,0,0,0,1,2
1074,1,1,1,0,2,1,1,0,0,0,0,0.5,0,1,0,0,0,0,0,1,0,0,1,0,0,0,1,0,2
1075,1,1,1,0,1,1,1,1,1,1,1,0.714285714,0,1,0,0,0,1,0,0,0,0,1,0,0,1,0,0,2
1076,1,1,1,1,2,2,2,1,1,1,1,1.0,0,1,0,0,0,0,1,0,0,0,1,0,0,0,0,1,3
1077,1,1,1,1,2,2,1,1,1,1,0,0.857142857,1,0,0,0,0,1,0,0,0,0,1,0,1,0,0,0,2
1078,1,1,1,1,2,2,1,1,1,1,1,0.928571429,0,1,0,0,0,1,0,0,0,0,1,0,1,0,0,0,3
1079,1,0,1,1,2,1,1,1,1,1,0,0.714285714,0,1,0,0,0,1,0,0,0,0,1,0,0,1,0,0,2
1080,1,1,1,1,2,2,2,1,1,1,0,0.928571429,1,0,0,0,0,0,1,0,0,0,1,0,0,0,1,0,1
1081,1,0,1,1,2,2,2,1,1,1,1,0.928571429,0,1,0,0,0,0,0,1,0,0,1,0,0,0,0,1,3
1082,1,0,1,1,2,2,1,1,1,1,0,0.785714286,0,1,0,0,0,1,0,0,0,0,1,0,1,0,0,0,3
1083,1,1,1,1,2,2,2,0,0,0,0,0.714285714,0,0,1,0,0,0,1,0,0,0,1,0,1,0,0,0,1
1084,1,1,1,1,2,2,2,1,1,1,0,0.928571429,1,0,0,0,0,1,0,0,0,0,1,0,1,0,0,0,1
1085,1,1,1,0,2,2,1,1,1,1,1,0.857142857,1,0,0,0,0,1,0,0,0,0,1,0,0,1,0,0,2
1086,1,1,1,0,2,1,1,1,1,1,1,0.785714286,0,1,0,0,0,1,0,0,0,0,1,0,0,0,1,0,2
1087,1,0,1,0,2,1,1,1,1,1,1,0.714285714,1,0,0,0,0,0,0,1,0,0,1,0,0,0,0,1,2
1088,1,1,1,0,2,2,2,1,1,1,1,0.928571429,1,0,0,0,0,0,1,0,0,0,1,0,0,0,1,0,1
1089,1,1,1,0,2,2,2,1,1,1,1,0.928571429,1,0,0,0,0,0,0,1,0,0,1,0,0,0,1,0,1
1090,1,1,1,0,2,2,2,1,1,1,1,0.928571429,1,0,0,0,0,0,0,1,0,0,1,0,0,0,1,0,1
1091,1,0,1,1,2,2,2,1,1,1,0,0.857142857,1,0,0,0,0,0,0,0,1,0,1,0,0,1,0,0,1
1092,1,1,1,1,2,2,2,1,1,1,1,1.0,0,1,0,0,0,0,0,1,0,0,1,0,0,0,1,0,3
1093,1,0,1,0,2,2,2,0,0,0,0,0.571428571,0,1,0,0,0,0,0,1,0,0,1,0,1,0,0,0,1
1094,1,1,0,0,0,0,0,0,0,0,0,0.142857143,0,1,0,0,0,0,0,1,0,0,1,0,0,0,1,0,0
1095,1,1,1,1,2,2,2,1,1,1,1,1.0,0,1,0,0,0,1,0,0,0,0,1,0,1,0,0,0,3
1096,1,1,1,1,2,2,2,1,1,1,0,0.928571429,1,0,0,0,0,0,0,1,0,0,1,0,0,0,1,0,1
1097,1,1,1,0,2,2,1,1,1,1,1,0.857142857,0,0,0,1,0,1,0,0,0,0,1,0,1,0,0,0,2
1098,1,1,1,0,2,2,2,1,1,1,1,0.928571429,0,1,0,0,0,0,1,0,0,0,1,0,0,0,1,0,3
1099,1,1,1,0,2,2,2,1,1,1,1,0.928571429,1,0,0,0,0,0,0,1,0,0,1,0,0,0,1,0,1
1100,1,1,1,1,2,2,2,1,1,1,0,0.928571429,1,0,0,0,0,1,0,0,0,0,1,0,0,0,1,0,1
1357,1,1,1,1,2,2,1,1,1,1,1,0.928571429,1,0,0,0,0,0,0,0,1,0,1,0,0,1,0,0,2
