respondent_id,Q1,Q5,Q11,Q12,Q13,Q16,Q18,Q22,Q23,Q25,Q27,score,Q31,Q31,Q31,Q31,Q32,Q32,Q32,Q32,Q32,Q32,Q33,Q35,Q35,Q35,Q35,Q35
respondent_id,Q1,Q5,Q11,Q12,Q13,Q16,Q18,Q22,Q23,Q25,Q27,knowledge_score,gender_female,gender_male,gender_non-binary,gender_prefer_not_to_say,age_less_than_18,age_19-30,age_31-40,age_41-55,age_56-65,age_over_65,country_Italy,educational_level_primary_school,educational_level_high_school,educational_level_bachelors_degree,educational_level_masters_degree,educational_level_PhD_or_equivalent
1,1,1,1,1,2,2,2,1,1,1,1,1,1,0,0,0,0,1,0,0,0,0,1,0,0,0,1,0
2,1,1,1,1,2,2,2,1,1,1,0,0.928571429,1,0,0,0,0,0,1,0,0,0,1,0,0,0,1,0
3,1,1,1,1,2,2,2,1,1,1,1,1,1,0,0,0,0,0,0,1,0,0,1,0,0,1,0,0
4,1,1,1,1,2,2,2,1,1,1,1,1,0,1,0,0,0,0,1,0,0,0,1,0,0,0,1,0
5,1,1,1,1,2,2,1,1,1,1,1,0.928571429,1,0,0,0,0,1,0,0,0,0,1,0,0,0,0,1
6,1,1,1,1,2,2,2,1,1,1,1,1,1,0,0,0,0,0,1,0,0,0,1,0,0,0,1,0
7,1,1,1,1,2,2,2,1,1,1,1,1,1,0,0,0,0,0,1,0,0,0,1,0,0,0,1,0
9,1,1,1,0,1,1,1,0,0,0,0,0.428571429,0,1,0,0,0,0,1,0,0,0,1,0,0,0,1,0
11,1,0,1,1,1,2,2,1,1,1,0,0.785714286,1,0,0,0,0,0,0,1,0,0,1,0,0,1,0,0
14,1,1,1,0,1,1,1,1,1,1,1,0.714285714,0,1,0,0,0,1,0,0,0,0,1,0,0,0,1,0
16,1,1,1,1,2,2,1,1,1,1,0,0.857142857,0,1,0,0,0,0,0,0,0,1,1,0,0,0,0,1
17,1,1,1,1,2,2,0,1,1,1,1,0.857142857,0,0,1,0,0,1,0,0,0,0,1,0,0,0,1,0
19,1,0,1,1,2,1,2,1,1,1,1,0.857142857,1,0,0,0,1,0,0,0,0,0,1,0,1,0,0,0
21,1,1,1,1,2,2,2,1,1,1,1,1,0,1,0,0,0,1,0,0,0,0,1,0,0,0,1,0
47,1,1,1,1,2,2,2,1,1,1,1,1,0,1,0,0,0,1,0,0,0,0,1,0,0,0,1,0
50,1,1,1,0,2,2,2,1,1,1,1,0.928571429,1,0,0,0,0,1,0,0,0,0,1,0,0,1,0,0
55,1,0,1,1,2,1,2,1,1,0,1,0.785714286,0,1,0,0,0,0,0,1,0,0,1,0,0,0,1,0
77,1,1,1,1,2,2,2,1,1,1,1,1,1,0,0,0,0,0,0,1,0,0,1,0,1,0,0,0
78,1,1,1,0,2,2,2,1,1,1,1,0.928571429,1,0,0,0,0,0,0,1,0,0,1,0,0,0,0,1
79,1,1,1,1,2,2,2,1,1,1,1,1,0,1,0,0,0,1,0,0,0,0,1,0,0,0,1,0
80,1,0,1,1,2,2,2,1,1,1,1,0.928571429,1,0,0,0,0,0,1,0,0,0,1,0,0,0,1,0
81,1,0,1,1,2,2,2,1,1,1,1,0.928571429,1,0,0,0,0,1,0,0,0,0,1,0,0,0,1,0
82,1,1,0,0,0,0,0,0,0,0,0,0.142857143,0,1,0,0,0,0,0,0,0,1,1,0,1,0,0,0
83,1,1,1,0,2,2,1,1,1,1,1,0.857142857,1,0,0,0,0,0,0,0,0,1,1,0,1,0,0,0
84,1,0,1,1,1,2,1,1,1,1,1,0.785714286,1,0,0,0,0,0,0,1,0,0,1,1,0,0,0,0
85,1,1,1,0,2,2,2,1,1,1,0,0.857142857,0,1,0,0,0,0,1,0,0,0,1,0,0,0,1,0
86,1,1,1,0,2,2,2,1,1,1,1,0.928571429,1,0,0,0,0,1,0,0,0,0,1,0,0,0,1,0
87,1,1,1,0,2,2,2,0,0,0,0,0.642857143,1,0,0,0,0,1,0,0,0,0,1,0,0,1,0,0
88,1,1,1,1,2,1,1,1,1,1,0,0.785714286,0,1,0,0,0,0,1,0,0,0,1,0,0,0,0,1
89,1,1,1,0,2,2,2,1,1,1,1,0.928571429,1,0,0,0,0,1,0,0,0,0,1,0,0,0,1,0
90,1,1,1,1,2,2,2,1,1,1,1,1,1,0,0,0,0,0,0,1,0,0,1,0,0,0,0,1
91,1,1,1,1,2,1,2,1,1,1,0,0.857142857,0,1,0,0,0,0,0,1,0,0,1,0,0,0,0,1
92,1,1,1,1,2,2,2,1,1,1,0,0.928571429,1,0,0,0,0,1,0,0,0,0,1,0,1,0,0,0
93,1,0,1,1,2,1,0,1,1,1,0,0.642857143,1,0,0,0,0,0,0,1,0,0,1,0,0,0,1,0
94,1,0,1,1,2,2,2,1,1,1,0,0.857142857,0,1,0,0,0,0,1,0,0,0,1,0,0,0,0,1
95,1,1,1,0,2,2,1,1,1,1,1,0.857142857,1,0,0,0,0,0,0,0,1,0,1,0,0,0,0,1
96,1,1,1,0,2,2,2,1,1,1,1,0.928571429,1,0,0,0,0,0,0,1,0,0,1,0,1,0,0,0
97,1,1,1,1,2,2,2,1,1,1,1,1,1,0,0,0,0,0,1,0,0,0,1,0,0,0,0,1
98,1,0,1,1,2,2,1,1,1,1,0,0.785714286,0,1,0,0,0,0,1,0,0,0,1,0,0,1,0,0
99,1,1,1,1,2,2,2,1,1,1,0,0.928571429,1,0,0,0,0,1,0,0,0,0,1,0,1,0,0,0
100,1,1,1,0,2,2,2,1,1,1,1,0.928571429,0,1,0,0,0,0,1,0,0,0,1,0,0,0,1,0
101,1,1,1,1,2,2,2,1,1,1,1,1,1,0,0,0,0,0,0,0,0,1,1,0,1,0,0,0
102,1,1,1,1,2,2,2,1,1,1,1,1,1,0,0,0,0,0,0,1,0,0,1,0,1,0,0,0
103,1,1,1,1,2,2,2,1,1,1,1,1,0,1,0,0,0,0,0,0,0,1,1,0,1,0,0,0
104,1,1,1,0,2,2,2,0,0,0,0,0.642857143,1,0,0,0,0,0,0,1,0,0,1,0,1,0,0,0
105,1,0,1,1,1,2,1,1,1,1,0,0.714285714,1,0,0,0,0,0,1,0,0,0,1,0,0,0,0,1
106,1,1,1,0,2,2,2,0,0,0,0,0.642857143,1,0,0,0,0,0,0,0,1,0,1,0,1,0,0,0
107,1,1,1,0,2,2,1,0,0,0,0,0.571428571,1,0,0,0,0,0,1,0,0,0,1,0,1,0,0,0
108,1,1,1,0,2,2,2,1,1,1,1,0.928571429,1,0,0,0,0,0,0,1,0,0,1,0,1,0,0,0
109,1,1,1,1,1,2,2,1,1,1,1,0.928571429,1,0,0,0,0,0,0,1,0,0,1,0,0,0,1,0
110,1,1,1,0,2,2,2,1,1,1,1,0.928571429,0,1,0,0,0,0,0,1,0,0,1,0,0,1,0,0
111,1,0,1,0,2,1,2,1,1,1,0,0.714285714,0,1,0,0,0,0,0,1,0,0,1,0,0,0,1,0
112,1,0,1,1,2,2,1,1,1,1,1,0.857142857,1,0,0,0,0,0,0,1,0,0,1,0,0,0,0,1
113,1,0,1,1,1,2,2,1,1,1,1,0.857142857,0,1,0,0,0,1,0,0,0,0,1,0,0,0,1,0
114,1,0,1,1,2,2,2,1,1,1,1,0.928571429,1,0,0,0,0,1,0,0,0,0,1,0,0,0,1,0
115,1,0,1,1,2,2,2,1,1,1,0,0.857142857,1,0,0,0,0,1,0,0,0,0,1,0,0,0,1,0
116,1,1,1,0,2,2,2,1,1,1,0,0.857142857,1,0,0,0,0,0,0,1,0,0,1,0,0,0,1,0
117,1,1,1,1,2,2,1,1,1,1,1,0.928571429,1,0,0,0,0,0,0,1,0,0,1,0,0,0,0,1
118,1,1,1,0,2,2,2,1,1,1,1,0.928571429,0,1,0,0,0,0,0,0,1,0,1,0,0,0,1,0
119,1,1,1,0,2,2,2,1,1,1,0,0.857142857,0,1,0,0,0,0,1,0,0,0,1,0,0,0,0,1
120,1,1,1,0,2,2,2,1,1,1,1,0.928571429,1,0,0,0,0,0,0,1,0,0,1,0,0,0,1,0
121,1,0,1,1,2,2,2,1,1,1,0,0.857142857,0,1,0,0,0,0,0,1,0,0,1,0,0,0,1,0
122,0,0,1,1,2,2,2,1,1,1,0,0.785714286,1,0,0,0,0,1,0,0,0,0,1,0,0,1,0,0
123,1,0,1,1,2,2,2,1,1,1,0,0.857142857,1,0,0,0,0,1,0,0,0,0,1,0,1,0,0,0
124,1,0,1,0,1,1,1,1,1,1,0,0.571428571,1,0,0,0,0,0,0,0,1,0,1,0,1,0,0,0
125,1,1,1,1,2,2,2,1,1,1,1,1,1,0,0,0,0,0,1,0,0,0,1,0,0,0,0,1
126,1,1,1,0,2,2,2,1,1,1,0,0.857142857,0,1,0,0,0,0,0,1,0,0,1,0,0,0,1,0
127,1,0,0,0,0,0,0,0,0,0,0,0.071428571,1,0,0,0,0,0,0,1,0,0,1,0,1,0,0,0
128,1,1,1,0,2,2,2,0,0,0,0,0.642857143,0,1,0,0,0,1,0,0,0,0,1,0,0,0,1,0
129,1,0,0,0,0,0,0,0,0,0,0,0.071428571,1,0,0,0,0,0,0,0,1,0,1,0,1,0,0,0
130,0,1,0,0,0,0,0,0,0,0,0,0.071428571,1,0,0,0,0,1,0,0,0,0,1,0,1,0,0,0
131,1,0,1,0,2,2,2,0,0,0,0,0.571428571,1,0,0,0,0,0,1,0,0,0,1,0,1,0,0,0
132,1,1,1,1,2,2,2,1,1,1,1,1,1,0,0,0,0,0,1,0,0,0,1,0,0,0,0,1
133,1,0,1,1,2,2,2,1,1,1,0,0.857142857,1,0,0,0,0,0,1,0,0,0,1,0,0,1,0,0
134,1,1,1,0,2,2,2,1,1,1,1,0.928571429,1,0,0,0,0,0,0,1,0,0,1,0,0,1,0,0
135,1,1,1,0,2,2,2,1,1,1,1,0.928571429,1,0,0,0,0,0,1,0,0,0,1,0,0,0,1,0
136,1,0,1,1,2,2,2,1,1,1,0,0.857142857,1,0,0,0,0,1,0,0,0,0,1,0,1,0,0,0
137,1,1,1,1,2,2,2,1,1,1,1,1,1,0,0,0,0,0,1,0,0,0,1,0,0,0,1,0
138,1,1,1,1,2,2,1,1,1,1,0,0.857142857,1,0,0,0,0,0,1,0,0,0,1,1,0,0,0,0
139,1,1,1,1,2,2,1,1,1,1,0,0.857142857,0,1,0,0,0,0,0,1,0,0,1,0,0,0,1,0
140,1,0,1,1,2,1,1,1,1,1,0,0.714285714,1,0,0,0,0,0,1,0,0,0,1,0,0,1,0,0
141,1,0,1,1,2,2,2,1,1,1,0,0.857142857,1,0,0,0,0,0,1,0,0,0,1,0,0,0,0,1
142,1,1,1,0,2,2,2,1,1,1,1,0.928571429,0,1,0,0,0,0,0,1,0,0,1,0,1,0,0,0
143,1,1,1,1,2,2,1,1,1,1,0,0.857142857,1,0,0,0,0,0,1,0,0,0,1,0,0,1,0,0
144,1,0,1,1,2,2,2,0,0,0,0,0.642857143,1,0,0,0,0,1,0,0,0,0,1,0,0,0,1,0
145,1,1,0,0,0,0,0,0,0,0,0,0.142857143,1,0,0,0,0,0,1,0,0,0,1,0,0,0,0,1
146,1,1,1,1,2,1,2,1,1,1,0,0.857142857,1,0,0,0,0,1,0,0,0,0,1,0,1,0,0,0
147,1,1,1,1,2,2,2,1,1,1,1,1,1,0,0,0,0,1,0,0,0,0,1,0,0,1,0,0
148,1,1,1,0,2,2,2,1,1,1,0,0.857142857,0,1,0,0,0,0,0,0,0,1,1,0,0,0,1,0
149,1,0,1,0,2,2,2,0,0,0,0,0.571428571,1,0,0,0,0,0,0,1,0,0,1,0,1,0,0,0
150,1,0,1,1,2,2,2,1,1,1,1,0.928571429,1,0,0,0,0,0,1,0,0,0,1,0,0,0,1,0
151,1,1,1,1,2,2,2,1,1,1,1,1,1,0,0,0,0,0,1,0,0,0,1,0,0,0,0,1
152,0,1,1,0,2,2,1,0,0,0,0,0.5,1,0,0,0,0,1,0,0,0,0,1,0,0,0,1,0
153,1,1,1,0,2,2,1,0,0,0,0,0.571428571,0,1,0,0,0,0,0,1,0,0,1,0,1,0,0,0
154,1,1,1,0,2,2,1,1,1,1,1,0.857142857,0,1,0,0,0,1,0,0,0,0,1,0,0,0,1,0
155,1,0,0,0,0,0,0,0,0,0,0,0.071428571,1,0,0,0,0,0,0,0,1,0,1,0,1,0,0,0
156,1,0,1,0,1,1,1,1,1,1,1,0.642857143,1,0,0,0,0,0,0,0,1,0,1,0,1,0,0,0
157,1,1,1,0,1,1,2,0,0,0,0,0.5,1,0,0,0,0,0,0,1,0,0,1,0,0,0,0,1
158,1,0,1,0,2,2,1,1,1,1,1,0.785714286,1,0,0,0,0,0,0,0,1,0,1,0,1,0,0,0
159,1,1,1,1,2,2,2,1,1,1,0,0.928571429,0,1,0,0,0,1,0,0,0,0,1,0,1,0,0,0
160,1,1,1,1,2,2,2,1,1,1,1,1,1,0,0,0,0,1,0,0,0,0,1,0,0,1,0,0
161,1,0,1,1,2,2,2,0,0,0,0,0.642857143,1,0,0,0,0,1,0,0,0,0,1,0,1,0,0,0
162,1,1,1,1,2,2,2,1,1,1,0,0.928571429,0,1,0,0,0,1,0,0,0,0,1,0,1,0,0,0
163,1,1,1,1,2,2,1,1,1,1,1,0.928571429,0,0,1,0,0,1,0,0,0,0,1,0,1,0,0,0
164,1,0,1,1,1,1,2,1,1,1,0,0.714285714,0,1,0,0,0,0,0,1,0,0,1,0,1,0,0,0
165,1,1,1,0,2,2,2,1,1,1,1,0.928571429,1,0,0,0,0,0,0,0,1,0,1,0,0,0,1,0
166,1,1,1,0,2,2,1,1,1,1,0,0.785714286,0,1,0,0,0,0,0,0,1,0,1,0,0,0,1,0
167,1,1,1,1,2,2,2,1,1,1,1,1,1,0,0,0,0,1,0,0,0,0,1,0,0,0,0,1
168,1,1,1,0,2,2,2,1,1,1,1,0.928571429,0,1,0,0,0,1,0,0,0,0,1,0,1,0,0,0
169,1,0,1,1,2,2,2,0,0,0,0,0.642857143,0,1,0,0,0,0,0,0,1,0,1,0,1,0,0,0
171,1,1,0,0,0,0,0,0,0,0,0,0.142857143,1,0,0,0,0,0,0,1,0,0,1,1,0,0,0,0
172,1,0,1,1,2,2,2,1,1,1,0,0.857142857,1,0,0,0,0,0,0,1,0,0,1,0,0,0,1,0
173,1,0,1,1,1,2,2,1,1,1,0,0.785714286,1,0,0,0,0,0,1,0,0,0,1,0,0,0,0,1
174,1,0,0,0,0,0,0,0,0,0,0,0.071428571,1,0,0,0,0,0,0,1,0,0,1,0,1,0,0,0
175,1,0,1,1,2,2,2,0,0,0,0,0.642857143,1,0,0,0,0,0,0,1,0,0,1,0,1,0,0,0
176,1,1,1,1,2,2,2,1,1,1,0,0.928571429,0,1,0,0,0,1,0,0,0,0,1,0,1,0,0,0
177,1,1,1,1,2,2,2,1,1,1,1,1,1,0,0,0,0,1,0,0,0,0,1,0,1,0,0,0
178,1,1,1,1,2,2,2,1,1,1,1,1,1,0,0,0,0,0,0,0,1,0,1,0,0,0,1,0
179,1,0,1,1,2,2,1,1,1,1,0,0.785714286,1,0,0,0,0,0,0,0,1,0,1,0,0,0,1,0
180,1,1,1,0,2,2,1,1,1,1,1,0.857142857,1,0,0,0,0,0,0,0,1,0,1,0,0,0,1,0
181,1,0,1,0,1,2,2,1,1,1,1,0.785714286,1,0,0,0,0,0,0,0,1,0,1,0,1,0,0,0
182,1,1,1,1,2,2,1,1,1,1,1,0.928571429,0,1,0,0,0,0,0,1,0,0,1,0,0,0,0,1
183,1,1,1,1,2,2,2,1,1,1,1,1,0,1,0,0,0,0,0,0,1,0,1,0,0,0,0,1
184,1,1,1,0,2,1,2,1,1,1,1,0.857142857,0,1,0,0,0,0,0,0,0,1,1,0,0,0,1,0
185,1,1,1,1,2,2,2,1,1,1,1,1,1,0,0,0,0,1,0,0,0,0,1,0,1,0,0,0
186,1,1,1,1,2,2,2,1,1,1,0,0.928571429,1,0,0,0,0,1,0,0,0,0,1,0,1,0,0,0
187,1,1,1,1,2,2,2,1,1,1,1,1,1,0,0,0,0,1,0,0,0,0,1,0,1,0,0,0
188,1,0,1,1,2,2,2,1,1,1,0,0.857142857,0,1,0,0,0,1,0,0,0,0,1,0,1,0,0,0
189,1,0,1,0,2,1,2,1,1,1,1,0.785714286,1,0,0,0,0,0,1,0,0,0,1,0,0,0,0,1
190,1,0,1,1,2,2,2,1,1,1,0,0.857142857,1,0,0,0,0,0,0,0,1,0,1,0,0,0,1,0
191,1,1,1,0,2,2,1,0,0,0,0,0.571428571,0,1,0,0,0,0,1,0,0,0,1,0,0,0,0,1
192,1,0,1,1,2,2,2,1,1,1,0,0.857142857,1,0,0,0,0,0,0,0,1,0,1,0,0,0,1,0
193,1,1,1,1,2,2,2,1,1,1,0,0.928571429,0,1,0,0,0,0,0,0,1,0,1,0,0,0,0,1
194,1,1,1,0,2,1,1,0,0,0,0,0.5,0,1,0,0,0,0,0,1,0,0,1,0,0,1,0,0
195,1,1,1,1,2,2,1,1,1,1,0,0.857142857,1,0,0,0,0,0,0,0,1,0,1,0,0,0,1,0
196,1,1,1,1,2,2,2,1,1,1,1,1,0,1,0,0,0,1,0,0,0,0,1,0,1,0,0,0
197,1,1,1,1,2,2,2,1,1,1,1,1,1,0,0,0,0,0,0,1,0,0,1,0,0,0,0,1
198,1,0,1,1,2,2,2,1,1,1,0,0.857142857,0,1,0,0,0,0,0,0,0,1,1,0,0,0,1,0
199,1,1,1,0,2,2,2,0,0,0,0,0.642857143,1,0,0,0,0,1,0,0,0,0,1,0,1,0,0,0
200,1,0,1,1,2,2,1,1,1,1,1,0.857142857,0,1,0,0,0,0,1,0,0,0,1,0,0,0,1,0
201,1,1,1,1,2,2,2,1,1,1,1,1,1,0,0,0,0,0,1,0,0,0,1,0,0,0,1,0
202,1,0,1,1,2,2,2,1,1,1,0,0.857142857,0,0,0,1,0,0,0,0,1,0,1,0,0,0,1,0
203,1,0,1,1,2,2,1,1,1,1,0,0.785714286,1,0,0,0,0,0,0,1,0,0,1,0,0,1,0,0
204,1,1,1,1,2,2,2,1,1,1,0,0.928571429,1,0,0,0,0,0,0,0,1,0,1,0,0,0,1,0
205,1,0,1,0,1,2,1,1,1,1,0,0.642857143,1,0,0,0,0,0,0,0,1,0,1,0,1,0,0,0
206,1,1,1,1,2,2,2,1,1,1,0,0.928571429,1,0,0,0,0,1,0,0,0,0,1,0,0,1,0,0
207,0,0,1,0,2,2,2,1,1,1,1,0.785714286,0,1,0,0,0,1,0,0,0,0,1,0,1,0,0,0
208,1,1,1,1,2,2,2,1,1,1,1,1,0,1,0,0,0,1,0,0,0,0,1,0,1,0,0,0
209,1,1,1,1,2,1,2,1,1,1,1,0.928571429,1,0,0,0,0,0,0,0,1,0,1,0,0,0,1,0
210,1,1,1,0,2,2,2,1,1,1,1,0.928571429,0,1,0,0,0,0,0,1,0,0,1,0,0,0,0,1
211,1,1,1,0,2,2,1,1,1,1,0,0.785714286,1,0,0,0,0,0,0,1,0,0,1,0,0,0,1,0
212,1,1,1,1,2,2,2,1,1,1,1,1,0,1,0,0,0,0,1,0,0,0,1,0,0,0,0,1
213,1,1,1,0,2,2,1,1,1,1,1,0.857142857,1,0,0,0,0,0,0,1,0,0,1,0,0,0,0,1
214,1,0,1,0,2,0,0,1,0,0,1,0.428571429,0,1,0,0,0,0,0,0,1,0,1,0,0,0,0,1
215,1,1,1,1,2,2,2,1,1,1,0,0.928571429,1,0,0,0,0,1,0,0,0,0,1,0,1,0,0,0
216,1,0,1,1,2,2,2,1,1,1,0,0.857142857,1,0,0,0,0,0,1,0,0,0,1,0,0,0,1,0
217,1,0,1,1,2,2,2,1,1,1,0,0.857142857,1,0,0,0,1,0,0,0,0,0,1,0,1,0,0,0
218,1,1,1,0,2,1,1,1,1,1,1,0.785714286,1,0,0,0,0,1,0,0,0,0,1,0,1,0,0,0
219,0,0,1,1,2,2,1,1,1,1,1,0.785714286,1,0,0,0,0,1,0,0,0,0,1,1,0,0,0,0
220,0,0,1,1,2,2,1,1,1,1,1,0.785714286,1,0,0,0,0,1,0,0,0,0,1,0,1,0,0,0
221,1,1,1,1,2,2,2,1,1,0,1,0.928571429,1,0,0,0,0,1,0,0,0,0,1,0,1,0,0,0
222,0,0,1,0,2,2,1,1,1,1,1,0.714285714,1,0,0,0,0,1,0,0,0,0,1,1,0,0,0,0
223,1,1,1,1,2,2,2,1,1,1,1,1,0,1,0,0,0,1,0,0,0,0,1,0,0,1,0,0
224,0,0,1,0,2,2,1,1,1,1,0,0.642857143,1,0,0,0,0,1,0,0,0,0,1,0,1,0,0,0
225,1,1,1,1,2,2,2,1,1,1,1,1,0,1,0,0,0,0,0,0,1,0,1,0,1,0,0,0
226,1,1,1,1,2,1,2,1,1,0,1,0.857142857,1,0,0,0,0,1,0,0,0,0,1,1,0,0,0,0
227,1,1,1,0,2,2,1,1,1,1,0,0.785714286,1,0,0,0,0,1,0,0,0,0,1,0,1,0,0,0
228,0,0,1,1,2,2,2,1,1,1,1,0.857142857,1,0,0,0,0,1,0,0,0,0,1,0,1,0,0,0
229,0,0,1,1,2,2,1,1,1,1,0,0.714285714,1,0,0,0,0,1,0,0,0,0,1,0,1,0,0,0
230,1,0,1,0,1,1,1,1,1,1,0,0.571428571,1,0,0,0,0,1,0,0,0,0,1,0,1,0,0,0
231,0,0,1,1,2,1,1,1,1,1,1,0.714285714,1,0,0,0,0,1,0,0,0,0,1,0,1,0,0,0
232,0,1,1,1,2,1,1,1,1,1,1,0.785714286,1,0,0,0,0,1,0,0,0,0,1,0,1,0,0,0
233,1,1,1,1,2,2,2,1,1,1,1,1,1,0,0,0,0,1,0,0,0,0,1,0,1,0,0,0
234,0,1,1,1,2,2,1,1,1,1,1,0.857142857,1,0,0,0,0,1,0,0,0,0,1,0,1,0,0,0
235,1,0,1,1,2,2,2,1,1,1,0,0.857142857,1,0,0,0,0,0,0,1,0,0,1,0,1,0,0,0
236,1,0,1,1,2,2,1,1,1,1,0,0.785714286,1,0,0,0,0,0,0,1,0,0,1,0,0,0,0,1
237,1,0,1,0,2,2,1,1,1,1,1,0.785714286,1,0,0,0,0,0,0,1,0,0,1,0,0,0,0,1
238,1,0,1,0,2,1,2,0,0,0,0,0.5,1,0,0,0,0,0,0,1,0,0,1,0,0,0,1,0
239,1,1,1,1,2,2,2,1,1,1,0,0.928571429,0,0,0,1,0,0,0,0,1,0,1,0,1,0,0,0
240,1,1,1,0,2,2,2,1,1,1,1,0.928571429,1,0,0,0,0,1,0,0,0,0,1,0,1,0,0,0
241,1,1,1,1,2,2,1,1,1,1,1,0.928571429,0,1,0,0,0,0,0,1,0,0,1,0,0,0,1,0
242,1,1,1,1,2,2,1,1,1,1,0,0.857142857,1,0,0,0,0,0,0,0,1,0,1,0,0,1,0,0
243,1,1,1,1,2,2,2,1,1,1,0,0.928571429,1,0,0,0,0,0,1,0,0,0,1,0,0,0,1,0
244,1,0,0,0,0,0,0,0,0,0,0,0.071428571,1,0,0,0,0,0,0,1,0,0,1,0,1,0,0,0
245,1,1,1,1,2,2,2,1,1,1,0,0.928571429,1,0,0,0,0,0,1,0,0,0,1,0,0,0,1,0
246,1,0,1,1,2,2,2,1,1,1,0,0.857142857,1,0,0,0,0,0,0,1,0,0,1,0,0,0,1,0
247,1,0,1,1,2,2,2,1,1,1,0,0.857142857,0,0,1,0,0,0,1,0,0,0,1,0,0,1,0,0
248,1,1,1,1,2,2,2,1,1,1,1,1,1,0,0,0,0,0,0,1,0,0,1,0,1,0,0,0
249,1,1,1,1,2,2,2,1,1,1,1,1,1,0,0,0,0,0,0,1,0,0,1,0,0,0,1,0
250,1,0,1,0,2,2,2,1,1,1,1,0.857142857,1,0,0,0,0,0,0,0,1,0,1,0,1,0,0,0
251,1,0,1,1,2,2,1,1,1,1,0,0.785714286,1,0,0,0,0,0,0,0,1,0,1,0,0,0,0,1
252,1,1,1,0,2,2,2,1,1,1,0,0.857142857,1,0,0,0,0,0,0,0,1,0,1,0,1,0,0,0
253,1,1,1,0,2,2,2,0,0,0,0,0.642857143,1,0,0,0,0,1,0,0,0,0,1,0,1,0,0,0
254,1,1,0,0,0,0,0,0,0,0,0,0.142857143,0,1,0,0,0,1,0,0,0,0,1,0,1,0,0,0
255,1,0,1,0,1,2,2,1,1,1,1,0.785714286,1,0,0,0,0,1,0,0,0,0,1,0,1,0,0,0
256,1,1,1,1,2,2,2,1,1,1,0,0.928571429,1,0,0,0,0,0,1,0,0,0,1,0,0,1,0,0
257,1,1,1,1,2,2,2,1,1,1,0,0.928571429,0,1,0,0,0,0,0,0,1,0,1,0,1,0,0,0
258,1,1,1,0,2,2,1,1,1,1,1,0.857142857,0,1,0,0,0,0,0,1,0,0,1,0,0,0,1,0
259,1,1,1,0,2,0,1,0,0,0,0,0.428571429,0,1,0,0,0,0,1,0,0,0,1,0,0,1,0,0
260,1,1,1,0,2,2,2,1,1,1,1,0.928571429,1,0,0,0,0,0,0,1,0,0,1,0,0,1,0,0
261,1,1,1,1,2,2,2,1,1,1,1,1,0,1,0,0,0,0,0,1,0,0,1,0,1,0,0,0
262,1,1,1,1,2,2,2,1,1,1,0,0.928571429,0,1,0,0,0,0,0,1,0,0,1,0,0,1,0,0
263,1,0,1,0,2,2,1,1,1,1,1,0.785714286,0,1,0,0,0,0,0,1,0,0,1,0,0,0,0,1
264,1,1,1,1,2,2,2,1,1,1,1,1,0,1,0,0,0,1,0,0,0,0,1,0,0,1,0,0
265,1,1,1,0,2,2,2,1,1,1,1,0.928571429,1,0,0,0,0,0,0,1,0,0,1,0,0,0,1,0
266,0,1,1,1,1,2,1,1,1,1,1,0.785714286,0,1,0,0,0,1,0,0,0,0,1,0,1,0,0,0
267,1,0,1,0,2,2,1,1,1,1,1,0.785714286,0,1,0,0,0,0,1,0,0,0,1,0,0,0,1,0
268,1,1,1,1,2,1,1,1,1,1,0,0.785714286,0,1,0,0,0,0,0,0,1,0,1,0,0,0,0,1
269,1,0,1,1,2,2,2,1,1,1,0,0.857142857,1,0,0,0,0,0,0,1,0,0,1,0,1,0,0,0
270,1,1,1,1,2,2,2,1,1,1,1,1,1,0,0,0,0,0,0,1,0,0,1,0,0,0,1,0
271,1,1,1,1,2,2,2,1,1,1,1,1,0,1,0,0,0,1,0,0,0,0,1,0,0,0,1,0
272,1,1,1,1,2,2,2,1,1,1,0,0.928571429,0,1,0,0,0,0,1,0,0,0,1,0,0,0,0,1
273,1,1,1,0,2,2,2,0,0,0,0,0.642857143,1,0,0,0,0,1,0,0,0,0,1,0,1,0,0,0
274,1,1,1,1,2,2,2,1,1,1,1,1,0,1,0,0,0,1,0,0,0,0,1,0,1,0,0,0
275,1,0,1,1,2,2,2,1,1,1,0,0.857142857,0,1,0,0,0,1,0,0,0,0,1,0,0,1,0,0
276,1,0,1,1,2,2,2,1,1,1,0,0.857142857,1,0,0,0,0,0,0,0,0,1,1,0,1,0,0,0
277,1,0,1,1,2,2,2,1,1,1,0,0.857142857,1,0,0,0,0,1,0,0,0,0,1,0,0,1,0,0
278,1,1,1,1,1,2,1,1,1,1,1,0.857142857,1,0,0,0,0,0,0,0,1,0,1,0,0,1,0,0
279,1,1,1,0,2,2,2,1,1,1,0,0.857142857,0,1,0,0,0,0,0,1,0,0,1,1,0,0,0,0
280,1,1,1,1,2,2,2,1,1,1,1,1,0,1,0,0,0,1,0,0,0,0,1,0,0,1,0,0
281,1,1,1,1,1,2,2,1,1,1,1,0.928571429,0,1,0,0,0,1,0,0,0,0,1,0,1,0,0,0
282,1,0,1,0,1,1,1,1,1,1,1,0.642857143,1,0,0,0,0,0,0,1,0,0,1,0,1,0,0,0
283,1,1,1,1,2,1,1,1,0,1,1,0.785714286,0,0,1,0,0,1,0,0,0,0,1,0,0,0,0,1
284,1,1,1,1,2,2,2,1,1,1,0,0.928571429,0,1,0,0,0,0,1,0,0,0,1,0,0,0,1,0
285,1,1,1,1,2,2,2,1,1,1,0,0.928571429,0,1,0,0,0,1,0,0,0,0,1,0,0,0,1,0
286,1,1,1,1,2,1,1,1,1,1,0,0.785714286,1,0,0,0,0,0,0,0,1,0,1,0,0,0,0,1
287,1,1,1,1,2,2,1,0,0,0,0,0.642857143,1,0,0,0,0,0,0,1,0,0,1,0,0,0,1,0
288,1,1,1,0,2,1,1,1,1,1,1,0.785714286,0,1,0,0,0,0,1,0,0,0,1,0,0,0,1,0
289,1,1,1,1,2,2,2,1,1,1,1,1,0,0,0,1,0,1,0,0,0,0,1,0,0,0,1,0
290,1,1,1,1,2,2,2,1,1,1,1,1,0,1,0,0,0,0,0,0,1,0,1,0,0,0,1,0
291,1,1,1,1,1,2,1,1,1,1,0,0.785714286,0,1,0,0,0,0,1,0,0,0,1,0,0,0,1,0
292,1,1,1,1,2,2,1,1,0,0,1,0.785714286,0,1,0,0,0,0,1,0,0,0,1,0,0,0,1,0
293,1,1,1,0,2,2,2,1,1,1,1,0.928571429,1,0,0,0,0,0,0,1,0,0,1,0,0,0,1,0
294,1,1,1,0,2,1,1,1,1,1,1,0.785714286,0,1,0,0,0,0,0,0,1,0,1,0,0,0,1,0
295,1,1,1,1,2,2,1,1,1,1,1,0.928571429,0,1,0,0,0,0,0,1,0,0,1,0,0,0,1,0
296,1,1,1,0,2,2,1,1,1,1,1,0.857142857,0,1,0,0,0,0,0,0,0,1,1,0,0,0,1,0
297,1,1,1,1,2,2,2,1,1,1,1,1,1,0,0,0,0,0,0,0,1,0,1,0,0,0,1,0
298,1,1,1,0,2,2,1,1,1,1,1,0.857142857,0,1,0,0,0,0,0,1,0,0,1,0,0,0,1,0
299,1,1,1,1,2,2,2,1,1,1,1,1,1,0,0,0,0,0,0,1,0,0,1,0,0,0,1,0
300,1,1,1,1,2,2,1,1,0,1,1,0.857142857,0,1,0,0,0,0,0,0,1,0,1,0,0,0,1,0
301,1,1,1,0,2,1,1,1,1,1,1,0.785714286,0,1,0,0,0,0,0,0,1,0,1,0,0,0,1,0
302,1,1,1,0,2,2,2,1,1,1,1,0.928571429,0,1,0,0,0,0,0,0,1,0,1,0,0,0,1,0
303,1,1,1,1,2,1,1,1,0,1,1,0.785714286,0,1,0,0,0,0,0,1,0,0,1,0,0,0,1,0
304,1,0,1,0,1,1,1,0,0,0,0,0.357142857,0,1,0,0,0,0,0,0,0,1,1,0,0,0,1,0
305,1,1,1,0,1,1,1,0,0,0,0,0.428571429,1,0,0,0,0,0,0,0,0,1,1,0,0,0,1,0
306,1,1,1,0,2,2,1,1,1,1,1,0.857142857,0,1,0,0,0,0,0,1,0,0,1,0,0,0,1,0
307,1,1,1,1,2,2,2,1,1,1,1,1,0,1,0,0,0,0,1,0,0,0,1,0,0,0,0,1
308,1,1,1,1,2,2,2,1,1,1,1,1,0,1,0,0,0,0,0,0,1,0,1,0,0,0,1,0
309,1,1,1,0,2,2,1,1,1,1,1,0.857142857,0,1,0,0,0,0,0,0,1,0,1,0,0,0,1,0
310,1,0,1,0,2,2,1,1,1,1,1,0.785714286,1,0,0,0,0,0,0,0,1,0,1,0,0,0,1,0
311,1,0,0,0,0,0,0,0,0,0,0,0.071428571,1,0,0,0,0,1,0,0,0,0,1,0,1,0,0,0
312,1,1,1,1,2,2,2,1,1,1,1,1,1,0,0,0,0,0,1,0,0,0,1,0,0,0,1,0
313,1,1,1,1,2,2,2,1,1,1,1,1,0,1,0,0,0,0,0,1,0,0,1,0,0,1,0,0
314,1,1,1,1,2,2,2,1,1,1,1,1,1,0,0,0,0,0,1,0,0,0,1,0,0,0,1,0
315,1,1,1,1,2,2,1,1,1,1,1,0.928571429,0,1,0,0,0,0,0,1,0,0,1,0,0,0,1,0
316,1,1,1,1,2,2,2,1,1,1,0,0.928571429,1,0,0,0,0,1,0,0,0,0,1,0,1,0,0,0
317,1,1,1,0,2,2,2,1,1,1,1,0.928571429,0,1,0,0,0,0,1,0,0,0,1,0,0,1,0,0
318,1,1,1,0,2,2,2,1,1,1,1,0.928571429,0,1,0,0,0,0,0,1,0,0,1,0,0,0,0,1
319,1,1,1,0,2,2,2,1,1,1,1,0.928571429,0,1,0,0,0,0,0,0,1,0,1,0,0,0,1,0
320,1,0,1,0,2,1,1,1,1,1,1,0.714285714,0,1,0,0,0,0,1,0,0,0,1,0,0,0,1,0
321,1,1,1,1,2,2,1,1,1,1,1,0.928571429,1,0,0,0,0,1,0,0,0,0,1,0,0,1,0,0
322,1,1,1,1,1,2,2,1,1,1,1,0.928571429,0,1,0,0,0,0,0,0,1,0,1,0,0,0,1,0
323,1,1,1,0,2,1,1,0,0,0,0,0.5,0,1,0,0,0,0,0,1,0,0,1,0,0,0,1,0
324,1,1,1,1,2,2,2,1,1,1,1,1,0,1,0,0,0,0,0,0,1,0,1,0,0,0,1,0
325,1,1,1,0,2,2,2,1,1,1,1,0.928571429,1,0,0,0,0,0,0,1,0,0,1,0,0,0,1,0
326,1,1,1,1,2,2,2,1,1,1,1,1,1,0,0,0,0,0,1,0,0,0,1,0,0,0,1,0
327,1,1,1,1,2,2,2,1,1,1,0,0.928571429,1,0,0,0,0,0,1,0,0,0,1,0,0,0,1,0
328,1,1,1,1,2,2,2,1,1,1,0,0.928571429,0,1,0,0,0,0,0,1,0,0,1,0,0,0,1,0
329,1,0,0,0,0,0,0,0,0,0,0,0.071428571,1,0,0,0,0,1,0,0,0,0,1,0,1,0,0,0
330,1,0,1,1,2,2,2,1,1,1,1,0.928571429,0,1,0,0,0,1,0,0,0,0,1,0,0,1,0,0
331,1,0,1,1,2,2,2,1,1,1,0,0.857142857,0,1,0,0,0,1,0,0,0,0,1,0,0,1,0,0
332,1,1,1,1,2,2,2,1,1,1,1,1,0,1,0,0,0,1,0,0,0,0,1,0,0,1,0,0
333,0,1,1,0,2,2,2,1,1,1,1,0.857142857,0,1,0,0,0,1,0,0,0,0,1,0,1,0,0,0
334,1,1,1,0,1,1,1,1,1,1,1,0.714285714,1,0,0,0,0,1,0,0,0,0,1,0,1,0,0,0
335,1,1,1,0,2,2,1,1,1,1,1,0.857142857,0,1,0,0,0,1,0,0,0,0,1,0,1,0,0,0
336,1,1,1,0,1,2,1,0,0,0,0,0.5,1,0,0,0,0,1,0,0,0,0,1,0,1,0,0,0
337,1,0,1,1,2,2,1,1,1,1,1,0.857142857,1,0,0,0,0,1,0,0,0,0,1,0,1,0,0,0
338,1,1,1,1,2,2,1,1,1,1,0,0.857142857,1,0,0,0,0,1,0,0,0,0,1,0,1,0,0,0
339,1,1,1,1,2,1,2,1,1,1,1,0.928571429,1,0,0,0,0,1,0,0,0,0,1,0,1,0,0,0
340,1,0,1,0,2,2,2,1,1,1,1,0.857142857,0,0,1,0,0,1,0,0,0,0,1,0,1,0,0,0
341,1,1,1,1,2,2,2,1,1,1,0,0.928571429,1,0,0,0,0,1,0,0,0,0,1,0,1,0,0,0
342,1,1,1,1,2,2,2,1,1,1,0,0.928571429,1,0,0,0,0,1,0,0,0,0,1,0,1,0,0,0
343,1,0,1,1,2,2,2,0,0,0,0,0.642857143,1,0,0,0,0,1,0,0,0,0,1,0,1,0,0,0
344,1,1,1,1,2,2,2,1,1,1,1,1,0,1,0,0,0,1,0,0,0,0,1,0,1,0,0,0
345,1,1,1,1,2,2,2,1,1,1,0,0.928571429,0,1,0,0,0,1,0,0,0,0,1,0,1,0,0,0
346,1,0,0,0,0,0,0,0,0,0,0,0.071428571,1,0,0,0,0,1,0,0,0,0,1,0,1,0,0,0
347,1,0,1,1,2,2,1,0,0,0,0,0.571428571,1,0,0,0,0,0,0,0,1,0,1,0,0,0,0,1
348,1,1,1,1,2,2,2,1,1,1,1,1,1,0,0,0,0,1,0,0,0,0,1,0,0,1,0,0
349,1,1,1,1,2,2,2,0,0,0,0,0.714285714,1,0,0,0,0,0,0,1,0,0,1,0,0,0,1,0
350,1,1,0,0,0,0,0,0,0,0,0,0.142857143,1,0,0,0,0,1,0,0,0,0,1,0,1,0,0,0
351,1,1,1,1,2,1,2,1,1,1,1,0.928571429,1,0,0,0,0,1,0,0,0,0,1,0,1,0,0,0
352,1,1,1,1,2,2,2,1,1,1,1,1,1,0,0,0,0,0,1,0,0,0,1,0,0,0,1,0
353,1,1,1,1,2,2,1,1,1,1,0,0.857142857,0,1,0,0,0,1,0,0,0,0,1,0,0,0,1,0
354,1,1,1,1,2,2,2,1,1,1,0,0.928571429,0,0,0,1,0,0,1,0,0,0,1,0,1,0,0,0
355,1,1,1,1,2,2,1,1,1,1,1,0.928571429,1,0,0,0,0,0,0,0,1,0,1,0,0,0,1,0
356,1,1,1,1,2,2,1,1,1,1,1,0.928571429,1,0,0,0,0,1,0,0,0,0,1,0,0,0,1,0
357,0,1,1,0,2,2,2,1,1,1,0,0.785714286,1,0,0,0,0,1,0,0,0,0,1,0,0,1,0,0
358,1,1,1,1,2,2,2,1,1,1,0,0.928571429,1,0,0,0,0,1,0,0,0,0,1,0,1,0,0,0
359,1,1,1,1,2,2,2,1,1,1,0,0.928571429,1,0,0,0,0,1,0,0,0,0,1,0,1,0,0,0
360,1,1,1,1,2,1,2,1,1,1,0,0.857142857,1,0,0,0,0,1,0,0,0,0,1,0,0,1,0,0
361,1,1,1,0,1,1,1,1,1,1,1,0.714285714,1,0,0,0,0,1,0,0,0,0,1,0,1,0,0,0
362,1,0,1,0,2,1,1,1,1,1,1,0.714285714,0,0,0,1,0,1,0,0,0,0,1,0,1,0,0,0
363,1,0,0,0,0,0,0,0,0,0,0,0.071428571,1,0,0,0,0,0,0,1,0,0,1,0,1,0,0,0
364,1,1,1,1,2,2,2,1,1,1,1,1,1,0,0,0,0,0,1,0,0,0,1,0,0,0,1,0
365,1,1,1,0,2,2,1,1,1,1,0,0.785714286,0,1,0,0,0,1,0,0,0,0,1,0,1,0,0,0
366,1,0,1,1,2,1,1,1,1,1,1,0.785714286,0,1,0,0,0,1,0,0,0,0,1,0,1,0,0,0
367,1,1,1,0,1,2,1,0,0,0,0,0.5,0,1,0,0,0,1,0,0,0,0,1,0,0,0,1,0
369,1,0,1,1,2,1,1,1,1,1,1,0.785714286,1,0,0,0,0,1,0,0,0,0,1,0,0,1,0,0
370,1,0,0,0,0,0,0,0,0,0,0,0.071428571,1,0,0,0,0,0,0,1,0,0,1,0,0,0,1,0
371,1,0,1,1,2,2,1,1,1,1,0,0.785714286,0,1,0,0,0,0,0,1,0,0,1,0,1,0,0,0
372,1,0,1,0,1,2,1,1,1,1,0,0.642857143,1,0,0,0,0,0,0,1,0,0,1,0,0,0,1,0
373,1,0,1,0,1,1,1,1,1,1,1,0.642857143,1,0,0,0,0,0,0,0,0,1,1,0,1,0,0,0
374,1,1,1,1,2,2,2,1,1,1,1,1,1,0,0,0,0,0,1,0,0,0,1,0,0,0,1,0
375,1,1,1,1,2,2,2,1,1,1,1,1,1,0,0,0,0,0,0,0,1,0,1,0,0,0,1,0
376,1,1,1,1,2,2,2,1,1,1,0,0.928571429,1,0,0,0,0,0,0,0,1,0,1,0,1,0,0,0
378,1,0,1,0,2,2,1,1,1,1,1,0.785714286,1,0,0,0,0,0,0,0,1,0,1,0,0,0,1,0
379,1,1,1,0,2,2,1,1,1,1,1,0.857142857,1,0,0,0,0,0,0,1,0,0,1,0,0,0,1,0
380,1,0,1,0,2,0,1,1,1,1,0,0.571428571,0,1,0,0,0,1,0,0,0,0,1,0,0,1,0,0
381,1,1,1,0,2,2,2,0,0,0,0,0.642857143,0,1,0,0,0,1,0,0,0,0,1,0,0,0,1,0
382,1,1,1,1,2,2,2,1,1,1,1,1,1,0,0,0,0,1,0,0,0,0,1,0,0,0,1,0
383,1,1,1,1,2,2,2,1,1,1,1,1,1,0,0,0,0,1,0,0,0,0,1,0,0,0,1,0
384,1,1,1,0,2,2,2,1,1,1,1,0.928571429,0,1,0,0,0,1,0,0,0,0,1,0,0,1,0,0
385,1,1,1,0,2,2,2,1,1,1,1,0.928571429,0,1,0,0,0,0,1,0,0,0,1,0,0,1,0,0
386,1,1,1,1,2,2,1,1,1,0,1,0.857142857,0,1,0,0,0,1,0,0,0,0,1,0,1,0,0,0
387,1,1,1,1,2,2,2,1,1,1,1,1,0,1,0,0,0,1,0,0,0,0,1,0,1,0,0,0
388,1,1,1,1,2,2,2,1,1,1,0,0.928571429,1,0,0,0,0,0,0,1,0,0,1,0,0,0,0,1
389,1,1,1,1,2,2,2,1,1,1,1,1,1,0,0,0,0,0,1,0,0,0,1,0,0,0,0,1
390,1,1,1,1,2,2,2,1,1,1,0,0.928571429,1,0,0,0,0,1,0,0,0,0,1,0,1,0,0,0
391,1,0,1,1,2,2,2,1,1,1,0,0.857142857,0,1,0,0,0,0,0,1,0,0,1,0,0,0,0,1
392,1,0,1,1,2,2,2,1,1,1,0,0.857142857,0,1,0,0,0,0,1,0,0,0,1,0,0,0,0,1
393,1,1,1,1,2,1,1,1,1,1,1,0.857142857,0,1,0,0,0,1,0,0,0,0,1,0,1,0,0,0
394,1,1,1,0,2,2,2,0,0,0,0,0.642857143,0,1,0,0,0,1,0,0,0,0,1,0,1,0,0,0
395,1,0,1,1,2,2,2,1,1,1,0,0.857142857,0,1,0,0,0,1,0,0,0,0,1,0,0,1,0,0
396,1,1,1,0,2,2,2,0,0,0,0,0.642857143,0,1,0,0,0,1,0,0,0,0,1,0,0,1,0,0
397,1,0,1,1,2,2,2,1,1,1,0,0.857142857,1,0,0,0,0,0,1,0,0,0,1,0,0,0,1,0
398,1,1,1,0,2,2,2,1,1,1,1,0.928571429,0,1,0,0,0,1,0,0,0,0,1,0,1,0,0,0
399,1,1,1,1,2,2,2,1,1,1,1,1,1,0,0,0,0,1,0,0,0,0,1,0,1,0,0,0
400,0,1,1,1,2,2,2,1,1,1,1,0.928571429,1,0,0,0,0,1,0,0,0,0,1,0,1,0,0,0
401,1,1,1,1,2,1,2,1,1,1,0,0.857142857,1,0,0,0,0,1,0,0,0,0,1,0,0,0,1,0
402,1,1,1,1,2,2,2,1,1,1,1,1,0,1,0,0,0,1,0,0,0,0,1,0,0,1,0,0
403,1,1,1,1,2,1,2,1,1,1,1,0.928571429,0,1,0,0,0,0,1,0,0,0,1,0,1,0,0,0
404,1,1,1,1,2,1,2,1,1,1,1,0.928571429,0,1,0,0,0,0,0,1,0,0,1,0,0,0,0,1
405,0,0,1,1,2,0,2,1,1,1,0,0.642857143,1,0,0,0,0,1,0,0,0,0,1,0,1,0,0,0
406,1,1,1,0,1,1,2,1,1,1,0,0.714285714,0,1,0,0,0,0,0,1,0,0,1,0,0,0,1,0
407,0,0,1,1,2,2,2,1,1,1,1,0.857142857,0,0,1,0,0,1,0,0,0,0,1,0,1,0,0,0
408,1,1,1,1,2,2,2,1,1,1,1,1,1,0,0,0,0,1,0,0,0,0,1,0,1,0,0,0
409,1,1,1,1,2,2,2,1,1,1,1,1,1,0,0,0,0,1,0,0,0,0,1,0,0,1,0,0
410,1,0,1,1,2,2,1,1,1,1,0,0.785714286,1,0,0,0,0,0,1,0,0,0,1,0,0,0,1,0
411,1,1,1,0,2,2,2,1,1,1,1,0.928571429,1,0,0,0,0,1,0,0,0,0,1,0,0,1,0,0
412,1,1,1,1,2,2,2,1,1,1,0,0.928571429,1,0,0,0,0,1,0,0,0,0,1,0,1,0,0,0
413,1,1,1,1,2,2,2,1,1,1,1,1,0,1,0,0,0,1,0,0,0,0,1,0,1,0,0,0
414,1,1,1,1,1,2,2,1,1,1,1,0.928571429,0,1,0,0,0,0,0,1,0,0,1,0,0,0,0,1
415,1,0,1,1,2,2,2,1,1,1,0,0.857142857,1,0,0,0,0,1,0,0,0,0,1,0,1,0,0,0
416,1,1,1,1,2,2,2,1,1,1,0,0.928571429,1,0,0,0,0,1,0,0,0,0,1,0,0,1,0,0
417,1,1,1,1,2,2,1,1,1,1,1,0.928571429,0,1,0,0,0,1,0,0,0,0,1,0,0,0,1,0
418,0,1,1,0,2,2,2,0,0,0,0,0.571428571,1,0,0,0,0,1,0,0,0,0,1,0,1,0,0,0
419,1,1,1,0,2,2,2,1,1,1,0,0.857142857,0,1,0,0,0,0,0,1,0,0,1,0,0,0,0,1
420,1,1,1,1,2,2,2,1,1,1,0,0.928571429,0,1,0,0,0,1,0,0,0,0,1,0,0,1,0,0
421,1,1,1,0,2,2,2,1,1,1,1,0.928571429,0,1,0,0,0,0,0,0,1,0,1,0,0,0,0,1
422,0,1,1,0,2,2,2,0,0,0,0,0.571428571,0,1,0,0,0,1,0,0,0,0,1,0,1,0,0,0
423,1,1,1,1,2,1,2,1,1,1,1,0.928571429,1,0,0,0,0,0,0,0,1,0,1,0,0,0,0,1
424,1,1,1,0,2,2,1,1,1,1,0,0.785714286,0,1,0,0,0,1,0,0,0,0,1,0,1,0,0,0
425,1,0,1,1,2,2,2,1,1,1,0,0.857142857,0,1,0,0,0,0,0,1,0,0,1,0,0,0,0,1
426,1,1,1,1,2,1,1,0,0,0,0,0.571428571,0,1,0,0,0,1,0,0,0,0,1,0,0,1,0,0
427,0,1,0,0,0,0,0,0,0,0,0,0.071428571,0,1,0,0,0,1,0,0,0,0,1,0,1,0,0,0
428,1,1,1,1,2,2,2,1,1,1,1,1,1,0,0,0,0,1,0,0,0,0,1,0,0,1,0,0
429,1,0,1,1,2,2,1,1,1,1,1,0.857142857,1,0,0,0,0,0,1,0,0,0,1,0,0,1,0,0
430,1,0,1,1,1,2,1,1,1,1,0,0.714285714,1,0,0,0,0,0,0,1,0,0,1,0,0,0,0,1
431,1,0,1,0,1,2,1,1,1,1,1,0.714285714,1,0,0,0,0,0,1,0,0,0,1,0,0,1,0,0
432,1,1,1,1,2,2,2,1,1,1,1,1,0,1,0,0,0,1,0,0,0,0,1,0,0,1,0,0
433,1,0,1,1,2,2,2,1,1,1,0,0.857142857,1,0,0,0,0,1,0,0,0,0,1,0,1,0,0,0
434,1,1,1,1,2,2,2,1,1,1,0,0.928571429,0,1,0,0,0,0,1,0,0,0,1,0,0,0,0,1
435,1,1,1,1,2,1,1,1,1,1,1,0.857142857,0,1,0,0,0,0,0,0,0,1,1,0,0,0,0,1
436,1,0,1,1,2,2,2,1,1,1,1,0.928571429,1,0,0,0,0,0,0,1,0,0,1,0,0,0,1,0
437,1,1,1,1,2,2,2,1,1,1,0,0.928571429,0,1,0,0,0,1,0,0,0,0,1,0,0,1,0,0
438,1,0,1,1,1,2,2,1,1,1,1,0.857142857,1,0,0,0,0,0,0,1,0,0,1,0,0,0,1,0
439,1,1,1,1,2,1,2,1,1,1,1,0.928571429,1,0,0,0,0,1,0,0,0,0,1,0,0,1,0,0
440,1,0,1,1,2,2,2,1,1,1,0,0.857142857,1,0,0,0,0,0,0,1,0,0,1,0,0,0,0,1
441,0,1,1,0,2,2,2,0,0,0,0,0.571428571,0,1,0,0,0,1,0,0,0,0,1,0,1,0,0,0
442,1,1,1,0,2,2,2,1,1,1,1,0.928571429,1,0,0,0,0,0,0,1,0,0,1,0,0,0,0,1
443,1,1,1,1,2,2,2,1,1,1,1,1,1,0,0,0,0,1,0,0,0,0,1,0,1,0,0,0
444,0,1,1,0,2,2,2,0,0,0,0,0.571428571,1,0,0,0,0,1,0,0,0,0,1,0,0,0,1,0
445,1,1,1,0,2,2,2,1,1,1,1,0.928571429,1,0,0,0,0,1,0,0,0,0,1,0,0,1,0,0
446,1,1,1,0,2,2,2,0,0,0,0,0.642857143,0,1,0,0,0,0,1,0,0,0,1,0,0,0,0,1
447,1,1,1,1,1,2,1,1,1,1,1,0.857142857,1,0,0,0,0,0,0,1,0,0,1,0,1,0,0,0
448,0,1,1,1,2,2,2,1,1,1,0,0.857142857,1,0,0,0,0,1,0,0,0,0,1,0,1,0,0,0
449,1,1,1,1,2,2,2,1,1,1,0,0.928571429,1,0,0,0,0,1,0,0,0,0,1,0,1,0,0,0
450,1,1,1,0,2,1,1,1,1,1,1,0.785714286,0,1,0,0,0,1,0,0,0,0,1,0,1,0,0,0
451,1,1,1,1,2,2,2,1,1,1,0,0.928571429,1,0,0,0,0,1,0,0,0,0,1,0,1,0,0,0
452,1,1,1,1,2,2,2,1,1,1,1,1,0,1,0,0,0,0,0,1,0,0,1,0,0,0,0,1
453,1,1,1,1,2,2,1,1,1,1,0,0.857142857,0,1,0,0,0,0,0,1,0,0,1,0,0,0,1,0
454,1,0,1,0,2,2,2,1,1,1,1,0.857142857,1,0,0,0,0,0,0,0,1,0,1,0,0,0,1,0
455,1,1,1,1,2,2,1,0,0,0,0,0.642857143,0,1,0,0,0,1,0,0,0,0,1,0,0,1,0,0
456,1,1,1,1,2,2,2,1,1,1,1,1,1,0,0,0,0,1,0,0,0,0,1,0,0,0,1,0
457,1,1,1,1,2,2,2,1,1,1,1,1,1,0,0,0,0,0,0,1,0,0,1,0,1,0,0,0
458,1,1,1,0,2,2,2,0,0,0,0,0.642857143,1,0,0,0,0,1,0,0,0,0,1,0,0,1,0,0
459,1,0,1,0,2,2,2,1,1,1,1,0.857142857,0,1,0,0,0,0,1,0,0,0,1,0,0,0,1,0
460,1,0,0,0,0,0,0,0,0,0,0,0.071428571,1,0,0,0,0,0,0,1,0,0,1,0,1,0,0,0
461,1,1,1,1,2,2,1,1,1,1,1,0.928571429,1,0,0,0,0,0,0,1,0,0,1,0,0,0,1,0
462,1,0,1,1,2,1,2,1,1,1,0,0.785714286,1,0,0,0,0,0,0,1,0,0,1,0,0,0,1,0
463,1,1,1,0,2,2,1,0,0,0,0,0.571428571,0,1,0,0,0,0,1,0,0,0,1,0,0,0,0,1
464,1,1,1,1,2,2,2,1,1,1,0,0.928571429,1,0,0,0,0,1,0,0,0,0,1,0,0,1,0,0
465,1,1,1,1,2,2,2,1,1,1,1,1,0,1,0,0,0,1,0,0,0,0,1,0,1,0,0,0
466,1,1,1,0,2,2,2,1,1,1,1,0.928571429,1,0,0,0,0,1,0,0,0,0,1,0,1,0,0,0
467,1,1,1,1,2,2,2,1,1,1,0,0.928571429,1,0,0,0,0,1,0,0,0,0,1,0,1,0,0,0
468,1,1,1,1,2,1,1,1,1,1,0,0.785714286,1,0,0,0,0,0,0,0,1,0,1,0,1,0,0,0
469,1,1,1,1,2,2,1,1,1,1,1,0.928571429,0,1,0,0,0,1,0,0,0,0,1,0,1,0,0,0
470,1,0,1,1,2,2,2,0,0,0,0,0.642857143,1,0,0,0,0,1,0,0,0,0,1,0,1,0,0,0
471,1,1,1,0,1,2,1,1,1,1,1,0.785714286,0,1,0,0,0,0,0,0,1,0,1,0,0,0,0,1
472,0,0,1,1,2,1,1,1,1,1,1,0.714285714,0,1,0,0,0,1,0,0,0,0,1,0,0,1,0,0
473,1,1,1,1,2,2,1,1,1,1,0,0.857142857,0,1,0,0,0,0,1,0,0,0,1,0,0,0,1,0
474,1,1,1,1,2,1,1,1,1,1,0,0.785714286,0,1,0,0,0,0,0,0,1,0,1,0,0,0,0,1
475,1,1,1,1,2,2,2,1,1,1,0,0.928571429,1,0,0,0,0,1,0,0,0,0,1,0,1,0,0,0
476,1,1,1,0,2,2,2,1,1,1,1,0.928571429,0,1,0,0,0,0,1,0,0,0,1,0,0,0,0,1
477,1,1,1,0,2,2,2,1,1,1,0,0.857142857,1,0,0,0,0,0,0,0,1,0,1,0,1,0,0,0
478,1,1,1,1,2,2,2,1,1,1,0,0.928571429,0,0,0,1,0,1,0,0,0,0,1,0,1,0,0,0
479,1,1,1,1,2,2,1,1,1,1,0,0.857142857,1,0,0,0,0,1,0,0,0,0,1,0,1,0,0,0
480,1,0,1,1,2,2,1,1,1,1,1,0.857142857,1,0,0,0,0,0,1,0,0,0,1,0,0,0,1,0
481,1,0,1,0,1,2,2,1,1,1,1,0.785714286,0,1,0,0,0,1,0,0,0,0,1,0,1,0,0,0
482,1,0,1,1,2,2,2,1,1,1,1,0.928571429,0,1,0,0,0,1,0,0,0,0,1,0,0,0,1,0
483,1,1,1,1,2,2,2,1,1,1,0,0.928571429,0,0,0,1,0,0,0,0,1,0,1,0,1,0,0,0
484,1,1,1,1,2,2,2,1,1,1,0,0.928571429,1,0,0,0,0,1,0,0,0,0,1,0,1,0,0,0
485,1,1,1,0,2,2,1,1,1,1,1,0.857142857,0,1,0,0,0,0,0,0,1,0,1,0,1,0,0,0
486,1,1,1,1,2,2,1,1,1,1,1,0.928571429,0,1,0,0,0,1,0,0,0,0,1,0,1,0,0,0
487,1,1,1,0,2,1,1,0,0,0,0,0.5,0,1,0,0,0,1,0,0,0,0,1,0,0,1,0,0
488,1,0,0,0,0,0,0,0,0,0,0,0.071428571,1,0,0,0,0,0,0,1,0,0,1,0,0,0,1,0
489,1,1,1,1,2,2,1,1,1,1,0,0.857142857,0,1,0,0,0,0,1,0,0,0,1,0,0,0,0,1
490,1,0,1,1,2,2,1,1,1,1,0,0.785714286,0,1,0,0,0,1,0,0,0,0,1,0,0,0,1,0
491,1,0,1,0,2,2,1,1,1,1,1,0.785714286,1,0,0,0,0,0,0,0,1,0,1,0,0,0,0,1
492,1,1,1,0,2,2,1,1,1,1,0,0.785714286,0,1,0,0,0,0,0,0,1,0,1,0,0,0,0,1
493,1,1,1,1,2,2,2,1,1,1,0,0.928571429,1,0,0,0,0,0,0,1,0,0,1,0,0,0,0,1
494,1,1,1,1,2,2,2,1,1,1,1,1,0,1,0,0,0,0,1,0,0,0,1,0,0,0,0,1
495,1,1,1,0,2,2,2,0,0,0,0,0.642857143,0,1,0,0,0,1,0,0,0,0,1,0,1,0,0,0
496,1,1,1,0,2,2,2,1,1,1,1,0.928571429,0,0,1,0,0,1,0,0,0,0,1,0,0,0,1,0
497,0,0,1,1,2,2,2,1,1,1,1,0.857142857,1,0,0,0,0,0,1,0,0,0,1,0,1,0,0,0
498,1,1,1,1,1,1,2,1,1,1,0,0.785714286,1,0,0,0,0,1,0,0,0,0,1,0,0,1,0,0
499,0,1,1,1,2,2,2,1,1,1,0,0.857142857,0,1,0,0,0,1,0,0,0,0,1,0,1,0,0,0
500,1,1,1,1,2,2,2,1,1,1,1,1,1,0,0,0,0,1,0,0,0,0,1,0,1,0,0,0
501,1,0,0,0,0,0,0,0,0,0,0,0.071428571,1,0,0,0,0,0,0,0,1,0,1,0,0,0,1,0
502,1,1,1,1,2,2,1,1,1,1,0,0.857142857,0,1,0,0,0,0,0,0,1,0,1,0,0,0,1,0
503,1,1,1,1,2,2,2,1,1,1,1,1,1,0,0,0,0,0,1,0,0,0,1,0,0,0,1,0
504,1,0,1,0,1,2,2,1,1,1,1,0.785714286,1,0,0,0,0,0,1,0,0,0,1,0,0,0,0,1
505,1,1,1,1,2,2,2,1,1,1,1,1,0,1,0,0,0,1,0,0,0,0,1,0,1,0,0,0
506,1,1,1,0,2,2,1,0,0,0,0,0.571428571,0,1,0,0,0,1,0,0,0,0,1,0,0,0,1,0
507,1,0,1,1,2,2,2,1,1,1,0,0.857142857,0,0,0,1,0,0,1,0,0,0,1,0,1,0,0,0
508,1,1,1,0,2,2,2,1,1,1,1,0.928571429,0,1,0,0,0,1,0,0,0,0,1,0,0,1,0,0
509,1,1,1,1,2,2,2,1,1,1,0,0.928571429,1,0,0,0,0,0,0,1,0,0,1,0,0,0,0,1
510,1,1,1,1,2,2,2,1,1,1,1,1,0,1,0,0,0,1,0,0,0,0,1,0,1,0,0,0
511,1,1,1,1,2,2,1,1,1,1,0,0.857142857,1,0,0,0,0,0,1,0,0,0,1,0,0,1,0,0
512,0,0,1,1,2,2,2,1,1,1,0,0.785714286,0,0,0,1,0,1,0,0,0,0,1,0,0,1,0,0
513,1,1,1,1,2,2,1,1,1,1,1,0.928571429,0,1,0,0,0,1,0,0,0,0,1,0,1,0,0,0
514,1,1,1,0,2,2,2,1,1,1,1,0.928571429,1,0,0,0,0,1,0,0,0,0,1,0,0,0,0,1
515,1,0,0,0,0,0,0,0,0,0,0,0.071428571,1,0,0,0,0,0,0,1,0,0,1,0,1,0,0,0
516,1,0,1,1,2,2,2,1,1,1,0,0.857142857,1,0,0,0,0,0,1,0,0,0,1,0,1,0,0,0
517,1,1,1,0,2,2,2,1,1,1,1,0.928571429,1,0,0,0,0,1,0,0,0,0,1,0,0,0,1,0
518,1,1,1,1,2,2,2,1,1,1,1,1,1,0,0,0,0,1,0,0,0,0,1,0,1,0,0,0
519,1,0,1,0,2,2,1,1,1,1,1,0.785714286,0,0,0,1,0,0,0,0,1,0,1,0,0,0,0,1
520,1,1,1,1,2,2,1,1,1,1,1,0.928571429,0,1,0,0,0,1,0,0,0,0,1,0,0,0,1,0
521,1,0,1,0,2,2,1,1,1,1,1,0.785714286,1,0,0,0,0,0,0,1,0,0,1,0,0,0,0,1
522,1,1,1,1,2,2,2,1,1,1,1,1,1,0,0,0,0,0,0,0,1,0,1,0,0,0,0,1
523,1,0,1,0,2,2,2,1,1,1,0,0.785714286,1,0,0,0,0,0,0,0,1,0,1,0,0,1,0,0
524,1,1,1,1,2,2,2,1,1,1,1,1,0,1,0,0,0,1,0,0,0,0,1,0,0,1,0,0
525,1,0,1,1,2,1,2,1,1,1,1,0.857142857,1,0,0,0,0,0,0,1,0,0,1,0,0,0,1,0
526,1,1,1,1,2,2,1,1,1,1,0,0.857142857,1,0,0,0,0,0,1,0,0,0,1,0,0,0,1,0
527,0,1,1,1,2,2,2,1,1,1,0,0.857142857,0,1,0,0,0,1,0,0,0,0,1,0,1,0,0,0
528,1,1,1,0,2,2,2,1,1,1,0,0.857142857,0,1,0,0,0,1,0,0,0,0,1,0,1,0,0,0
529,1,1,1,1,2,1,1,1,1,1,1,0.857142857,0,1,0,0,0,0,0,0,1,0,1,0,0,0,0,1
530,1,1,1,1,2,2,1,1,1,1,1,0.928571429,0,1,0,0,0,0,1,0,0,0,1,0,0,0,0,1
531,1,0,1,0,2,2,2,1,1,1,0,0.785714286,1,0,0,0,0,1,0,0,0,0,1,0,1,0,0,0
532,1,1,1,1,2,2,2,1,1,1,1,1,0,1,0,0,0,1,0,0,0,0,1,0,1,0,0,0
533,1,1,1,1,2,2,2,1,1,1,0,0.928571429,1,0,0,0,0,1,0,0,0,0,1,0,0,0,1,0
534,1,1,1,1,2,2,2,1,1,1,1,1,1,0,0,0,0,1,0,0,0,0,1,0,0,0,0,1
535,1,1,1,0,2,2,2,1,1,1,0,0.857142857,0,1,0,0,0,0,0,1,0,0,1,0,0,0,0,1
536,1,0,1,1,2,2,2,1,1,1,0,0.857142857,1,0,0,0,0,0,0,0,1,0,1,0,0,1,0,0
537,1,1,1,1,2,2,2,1,1,1,1,1,1,0,0,0,0,1,0,0,0,0,1,0,1,0,0,0
538,1,0,1,1,2,2,2,1,1,1,0,0.857142857,1,0,0,0,0,1,0,0,0,0,1,0,0,0,1,0
539,1,1,1,0,2,1,2,0,0,0,0,0.571428571,0,1,0,0,0,1,0,0,0,0,1,0,0,1,0,0
540,1,1,1,0,2,2,2,1,1,1,1,0.928571429,1,0,0,0,0,0,1,0,0,0,1,0,1,0,0,0
541,1,1,1,0,2,2,2,1,1,1,1,0.928571429,1,0,0,0,0,0,1,0,0,0,1,0,0,0,0,1
542,1,1,1,0,2,2,1,1,1,1,1,0.857142857,0,1,0,0,0,1,0,0,0,0,1,0,1,0,0,0
543,1,1,1,1,2,2,2,1,1,1,1,1,0,1,0,0,0,1,0,0,0,0,1,0,1,0,0,0
544,1,0,1,1,2,2,2,1,1,1,0,0.857142857,1,0,0,0,0,0,0,0,1,0,1,0,0,1,0,0
545,1,1,1,1,2,2,2,1,1,1,1,1,0,1,0,0,0,1,0,0,0,0,1,0,0,0,1,0
546,1,0,1,0,2,2,2,1,1,1,1,0.857142857,0,1,0,0,0,1,0,0,0,0,1,0,1,0,0,0
547,1,1,1,0,2,1,1,1,1,1,1,0.785714286,1,0,0,0,0,0,0,1,0,0,1,0,0,0,1,0
548,0,0,1,1,2,1,1,1,1,1,1,0.714285714,0,1,0,0,0,1,0,0,0,0,1,0,0,1,0,0
549,1,1,1,1,2,2,2,1,1,1,1,1,1,0,0,0,0,0,0,1,0,0,1,0,0,1,0,0
550,1,1,1,1,2,2,2,1,1,1,1,1,0,1,0,0,0,1,0,0,0,0,1,0,0,1,0,0
551,1,1,1,0,2,2,2,1,1,1,1,0.928571429,1,0,0,0,0,0,1,0,0,0,1,0,0,0,0,1
552,1,0,1,1,2,2,2,1,1,1,1,0.928571429,1,0,0,0,0,1,0,0,0,0,1,0,0,0,1,0
553,1,1,1,1,2,2,2,1,1,1,1,1,0,1,0,0,0,0,0,1,0,0,1,0,0,0,0,1
554,1,0,1,1,2,2,2,1,1,1,0,0.857142857,1,0,0,0,0,0,1,0,0,0,1,0,0,0,1,0
555,1,1,1,1,2,2,2,1,1,1,1,1,0,1,0,0,0,1,0,0,0,0,1,0,1,0,0,0
556,1,1,1,0,2,2,2,1,1,1,0,0.857142857,1,0,0,0,0,0,0,1,0,0,1,0,0,0,1,0
557,1,0,1,0,2,2,2,0,0,0,0,0.571428571,0,1,0,0,0,0,0,0,1,0,1,0,0,0,1,0
558,1,1,1,0,2,2,2,1,1,1,1,0.928571429,0,1,0,0,0,1,0,0,0,0,1,0,1,0,0,0
559,1,1,1,1,2,2,2,1,1,1,0,0.928571429,1,0,0,0,0,0,0,0,1,0,1,0,1,0,0,0
560,1,1,1,0,1,1,1,0,0,0,0,0.428571429,0,1,0,0,0,0,0,1,0,0,1,0,0,0,1,0
561,1,1,1,1,2,2,2,1,1,1,0,0.928571429,0,1,0,0,0,1,0,0,0,0,1,0,1,0,0,0
562,1,1,1,1,2,2,2,1,1,1,1,1,0,1,0,0,0,1,0,0,0,0,1,0,1,0,0,0
563,1,1,1,1,2,2,2,1,0,1,1,0.928571429,0,0,0,1,0,0,0,0,1,0,1,0,0,0,1,0
564,1,1,1,0,2,2,2,1,1,1,1,0.928571429,0,1,0,0,0,1,0,0,0,0,1,0,0,0,1,0
565,1,1,1,0,2,2,1,1,1,1,1,0.857142857,0,1,0,0,0,0,1,0,0,0,1,0,0,0,0,1
566,1,0,1,1,1,2,2,1,1,1,0,0.785714286,1,0,0,0,0,1,0,0,0,0,1,0,0,1,0,0
567,1,1,1,1,2,1,1,1,1,1,1,0.857142857,0,1,0,0,0,1,0,0,0,0,1,0,1,0,0,0
568,1,1,1,1,2,2,2,1,1,1,1,1,1,0,0,0,0,0,0,1,0,0,1,0,0,0,1,0
569,0,1,1,1,1,1,1,1,1,1,1,0.714285714,0,1,0,0,0,1,0,0,0,0,1,0,0,1,0,0
570,1,0,1,0,2,2,1,0,0,0,0,0.5,1,0,0,0,0,1,0,0,0,0,1,0,1,0,0,0
571,1,0,1,1,2,2,2,1,1,1,0,0.857142857,1,0,0,0,0,1,0,0,0,0,1,0,1,0,0,0
572,1,1,1,1,2,2,2,1,1,1,1,1,1,0,0,0,0,1,0,0,0,0,1,0,1,0,0,0
573,1,1,1,0,2,2,1,1,1,1,1,0.857142857,1,0,0,0,0,0,0,1,0,0,1,0,0,0,0,1
574,1,1,1,1,2,2,1,0,0,0,0,0.642857143,0,1,0,0,0,1,0,0,0,0,1,0,1,0,0,0
575,1,0,1,1,2,2,2,1,1,1,1,0.928571429,1,0,0,0,0,0,0,0,1,0,1,0,1,0,0,0
576,1,1,1,1,2,2,2,1,1,1,1,1,0,1,0,0,0,0,1,0,0,0,1,0,0,0,1,0
577,1,1,1,1,2,2,1,1,1,1,1,0.928571429,1,0,0,0,0,0,0,1,0,0,1,0,0,0,0,1
578,1,1,1,0,2,2,1,1,1,1,1,0.857142857,0,1,0,0,0,0,0,0,1,0,1,0,1,0,0,0
579,1,1,1,0,2,2,2,0,0,0,0,0.642857143,1,0,0,0,0,1,0,0,0,0,1,0,0,1,0,0
580,1,1,1,0,1,2,1,1,1,1,1,0.785714286,1,0,0,0,0,0,0,1,0,0,1,0,0,0,1,0
581,1,1,1,0,2,2,2,1,1,1,1,0.928571429,1,0,0,0,0,1,0,0,0,0,1,0,1,0,0,0
582,1,0,1,1,2,2,1,1,1,1,1,0.857142857,1,0,0,0,0,1,0,0,0,0,1,0,0,1,0,0
583,1,1,1,0,2,2,1,1,1,1,1,0.857142857,0,1,0,0,0,1,0,0,0,0,1,0,1,0,0,0
584,1,1,1,0,2,2,1,0,0,0,0,0.571428571,1,0,0,0,0,0,0,1,0,0,1,0,1,0,0,0
585,1,1,1,1,2,2,2,1,1,1,1,1,0,1,0,0,0,0,1,0,0,0,1,0,1,0,0,0
586,1,1,1,0,2,1,1,0,0,0,0,0.5,0,1,0,0,0,0,0,1,0,0,1,0,0,0,0,1
587,0,1,1,1,2,1,2,1,1,1,1,0.857142857,0,1,0,0,0,0,0,1,0,0,1,0,0,0,0,1
588,1,1,1,1,2,2,2,1,1,1,0,0.928571429,1,0,0,0,0,0,0,1,0,0,1,0,0,0,0,1
589,1,1,1,1,2,2,2,1,1,1,1,1,1,0,0,0,0,0,0,1,0,0,1,0,0,0,1,0
590,1,1,1,1,2,2,2,1,1,1,1,1,1,0,0,0,0,0,0,1,0,0,1,0,0,0,0,1
591,1,0,1,1,2,1,1,1,1,1,0,0.714285714,1,0,0,0,0,0,0,0,1,0,1,0,0,0,1,0
592,1,1,1,1,2,2,2,1,1,1,1,1,0,1,0,0,0,1,0,0,0,0,1,0,0,1,0,0
593,1,1,1,0,2,2,1,1,1,1,1,0.857142857,0,1,0,0,0,1,0,0,0,0,1,0,0,0,1,0
594,1,1,1,1,2,2,2,1,1,1,0,0.928571429,1,0,0,0,0,0,0,0,1,0,1,0,0,0,1,0
595,1,1,1,0,2,2,2,0,0,0,0,0.642857143,0,1,0,0,0,0,0,1,0,0,1,0,0,0,0,1
596,1,1,1,0,2,2,2,1,1,1,0,0.857142857,1,0,0,0,0,0,0,1,0,0,1,0,0,1,0,0
597,1,1,1,0,2,1,2,0,0,0,0,0.571428571,0,1,0,0,0,0,1,0,0,0,1,0,1,0,0,0
598,0,1,1,1,2,2,2,1,1,1,1,0.928571429,1,0,0,0,0,0,1,0,0,0,1,0,0,1,0,0
599,1,0,1,0,2,2,1,1,1,1,1,0.785714286,1,0,0,0,0,0,0,1,0,0,1,0,0,0,0,1
600,1,1,1,1,2,2,2,1,1,1,0,0.928571429,1,0,0,0,0,1,0,0,0,0,1,0,1,0,0,0
601,1,1,1,0,2,2,2,1,1,1,1,0.928571429,0,1,0,0,0,1,0,0,0,0,1,0,0,1,0,0
602,1,1,1,1,2,2,2,1,1,1,0,0.928571429,0,1,0,0,0,1,0,0,0,0,1,0,0,1,0,0
603,1,1,1,0,2,2,2,1,1,1,1,0.928571429,0,1,0,0,0,1,0,0,0,0,1,0,1,0,0,0
604,0,1,1,1,2,2,2,1,1,1,0,0.857142857,1,0,0,0,0,1,0,0,0,0,1,0,0,1,0,0
605,1,1,1,1,2,2,2,1,1,1,1,1,0,1,0,0,0,1,0,0,0,0,1,0,0,1,0,0
606,0,0,1,1,2,2,2,1,1,1,1,0.857142857,1,0,0,0,0,0,1,0,0,0,1,0,0,0,1,0
607,1,1,1,1,1,2,2,1,1,1,1,0.928571429,0,1,0,0,0,1,0,0,0,0,1,0,0,0,1,0
608,1,1,1,1,2,2,2,1,1,1,1,1,1,0,0,0,0,1,0,0,0,0,1,0,0,1,0,0
609,1,1,1,1,2,2,1,1,1,1,1,0.928571429,0,1,0,0,0,0,1,0,0,0,1,0,0,1,0,0
610,1,1,1,1,2,2,2,1,1,1,0,0.928571429,1,0,0,0,0,1,0,0,0,0,1,0,1,0,0,0
611,1,1,1,1,2,2,2,1,1,1,0,0.928571429,1,0,0,0,0,1,0,0,0,0,1,0,1,0,0,0
612,1,1,1,1,2,1,2,1,1,1,1,0.928571429,0,1,0,0,0,1,0,0,0,0,1,0,0,1,0,0
613,1,0,1,0,2,2,2,1,1,1,1,0.857142857,0,1,0,0,0,0,1,0,0,0,1,0,0,1,0,0
614,1,1,1,0,2,2,1,1,1,1,1,0.857142857,1,0,0,0,0,0,0,0,1,0,1,0,0,0,0,1
615,1,1,1,0,2,1,1,0,0,0,0,0.5,1,0,0,0,0,1,0,0,0,0,1,0,0,1,0,0
616,1,1,1,1,1,2,1,0,0,0,0,0.571428571,0,1,0,0,0,1,0,0,0,0,1,0,1,0,0,0
617,1,1,1,1,2,2,2,1,1,1,1,1,0,1,0,0,0,1,0,0,0,0,1,0,1,0,0,0
618,1,1,1,0,2,2,2,1,1,1,1,0.928571429,1,0,0,0,0,1,0,0,0,0,1,0,1,0,0,0
619,1,0,1,0,2,2,2,0,0,0,0,0.571428571,1,0,0,0,0,1,0,0,0,0,1,0,0,1,0,0
620,0,0,1,1,2,2,1,1,1,1,0,0.714285714,1,0,0,0,0,1,0,0,0,0,1,0,0,0,1,0
621,1,1,1,1,2,2,1,1,1,1,1,0.928571429,0,1,0,0,0,1,0,0,0,0,1,0,0,1,0,0
622,1,1,1,0,2,2,2,1,1,1,1,0.928571429,1,0,0,0,0,0,0,0,1,0,1,0,0,0,1,0
623,1,1,1,1,2,2,2,1,1,1,1,1,0,1,0,0,0,1,0,0,0,0,1,0,1,0,0,0
624,1,0,1,1,2,2,2,1,1,1,0,0.857142857,1,0,0,0,0,0,0,0,0,1,1,0,0,0,1,0
625,1,0,1,1,2,2,2,1,1,1,0,0.857142857,1,0,0,0,0,1,0,0,0,0,1,0,0,0,1,0
626,1,0,1,1,2,2,2,1,1,1,1,0.928571429,1,0,0,0,0,1,0,0,0,0,1,0,1,0,0,0
627,1,1,1,1,2,2,2,1,1,1,0,0.928571429,0,1,0,0,0,0,1,0,0,0,1,0,0,0,0,1
628,1,1,1,0,2,2,1,1,1,1,1,0.857142857,0,1,0,0,0,1,0,0,0,0,1,0,0,1,0,0
629,1,0,1,0,2,2,1,1,1,1,1,0.785714286,1,0,0,0,0,0,1,0,0,0,1,0,0,0,0,1
630,1,1,1,1,2,1,2,1,1,1,0,0.857142857,1,0,0,0,0,1,0,0,0,0,1,0,0,1,0,0
631,1,0,1,1,1,1,2,1,1,1,1,0.785714286,1,0,0,0,0,0,1,0,0,0,1,0,0,0,0,1
632,1,0,1,0,2,2,2,0,0,0,0,0.571428571,1,0,0,0,0,0,1,0,0,0,1,0,0,0,0,1
633,1,0,1,1,2,2,2,1,1,1,0,0.857142857,0,1,0,0,0,1,0,0,0,0,1,0,1,0,0,0
634,1,1,1,0,2,2,2,1,1,1,0,0.857142857,0,1,0,0,0,1,0,0,0,0,1,0,1,0,0,0
635,1,0,1,1,2,2,1,1,1,1,0,0.785714286,1,0,0,0,0,0,0,0,1,0,1,0,0,0,0,1
636,1,0,1,0,2,2,2,1,1,1,1,0.857142857,0,1,0,0,0,0,0,1,0,0,1,0,1,0,0,0
637,0,1,1,1,2,2,1,0,0,0,0,0.571428571,1,0,0,0,0,0,1,0,0,0,1,0,0,0,1,0
638,1,0,1,1,2,1,1,1,1,1,1,0.785714286,1,0,0,0,0,1,0,0,0,0,1,0,0,1,0,0
639,1,1,1,1,2,2,2,1,1,1,0,0.928571429,0,1,0,0,0,1,0,0,0,0,1,0,0,0,1,0
640,1,1,1,0,2,2,2,1,1,1,0,0.857142857,1,0,0,0,0,1,0,0,0,0,1,0,0,1,0,0
641,1,1,1,1,2,2,2,1,1,1,1,1,1,0,0,0,0,0,1,0,0,0,1,0,0,0,0,1
642,1,1,1,1,2,1,2,1,1,1,1,0.928571429,1,0,0,0,0,1,0,0,0,0,1,0,1,0,0,0
643,1,1,1,1,2,2,2,1,1,1,1,1,0,1,0,0,0,1,0,0,0,0,1,0,0,1,0,0
644,1,0,1,1,2,2,2,1,1,1,0,0.857142857,1,0,0,0,0,0,0,1,0,0,1,0,0,0,0,1
645,1,1,1,0,2,2,2,0,0,0,0,0.642857143,0,0,0,1,0,0,1,0,0,0,1,0,0,0,1,0
646,1,1,1,0,2,2,2,1,1,1,1,0.928571429,1,0,0,0,0,0,0,1,0,0,1,0,0,0,1,0
647,0,0,1,1,2,1,1,1,1,1,1,0.714285714,1,0,0,0,0,1,0,0,0,0,1,0,0,1,0,0
648,1,1,1,0,2,2,2,1,1,1,1,0.928571429,1,0,0,0,0,1,0,0,0,0,1,0,1,0,0,0
649,1,1,1,0,2,1,1,0,0,0,0,0.5,1,0,0,0,0,0,0,1,0,0,1,0,0,0,1,0
650,1,0,1,1,2,2,2,1,1,1,0,0.857142857,1,0,0,0,0,0,0,0,1,0,1,0,1,0,0,0
651,1,0,1,0,1,1,1,1,1,1,1,0.642857143,1,0,0,0,0,0,0,1,0,0,1,0,1,0,0,0
652,1,1,1,1,2,2,2,1,1,1,1,1,0,1,0,0,0,1,0,0,0,0,1,0,0,0,1,0
653,1,1,1,0,2,2,2,1,1,1,0,0.857142857,1,0,0,0,0,0,0,0,0,1,1,0,0,0,0,1
654,1,0,1,0,2,2,1,1,1,1,1,0.785714286,1,0,0,0,0,1,0,0,0,0,1,0,1,0,0,0
655,0,1,1,0,2,2,1,0,0,0,0,0.5,0,1,0,0,0,1,0,0,0,0,1,0,1,0,0,0
656,0,1,1,1,2,2,2,1,1,1,0,0.857142857,1,0,0,0,0,1,0,0,0,0,1,0,0,1,0,0
657,1,0,1,0,2,2,2,1,1,1,1,0.857142857,1,0,0,0,0,0,0,0,1,0,1,0,0,0,0,1
658,1,1,1,1,2,2,2,1,1,1,1,1,1,0,0,0,0,0,1,0,0,0,1,0,0,1,0,0
659,1,1,0,0,0,0,0,0,0,0,0,0.142857143,1,0,0,0,0,1,0,0,0,0,1,0,0,1,0,0
660,0,0,1,1,2,2,2,1,1,1,1,0.857142857,0,1,0,0,0,1,0,0,0,0,1,0,0,0,1,0
661,1,1,1,1,2,1,2,1,1,1,0,0.857142857,0,1,0,0,0,1,0,0,0,0,1,0,0,0,1,0
662,1,1,1,1,2,2,2,1,1,1,1,1,0,0,0,1,0,1,0,0,0,0,1,0,1,0,0,0
663,1,1,1,1,2,2,2,1,1,1,1,1,0,1,0,0,0,0,0,0,1,0,1,0,0,0,1,0
664,1,1,1,1,2,2,2,1,1,1,1,1,1,0,0,0,0,1,0,0,0,0,1,0,1,0,0,0
665,1,0,1,1,2,1,1,1,1,1,1,0.785714286,1,0,0,0,0,0,0,0,1,0,1,0,0,0,1,0
666,1,1,1,1,2,2,1,1,1,1,0,0.857142857,0,1,0,0,0,1,0,0,0,0,1,0,1,0,0,0
668,1,0,1,1,2,1,2,1,1,1,1,0.857142857,0,1,0,0,0,0,0,0,0,1,1,0,1,0,0,0
669,1,1,1,0,2,2,1,1,1,1,1,0.857142857,0,0,1,0,0,1,0,0,0,0,1,0,0,0,1,0
670,1,0,1,1,2,2,1,1,1,1,1,0.857142857,0,1,0,0,0,1,0,0,0,0,1,0,0,0,0,1
671,1,0,1,1,2,2,1,1,0,0,0,0.642857143,1,0,0,0,0,1,0,0,0,0,1,0,0,0,1,0
672,0,0,1,1,2,2,2,0,0,0,0,0.571428571,1,0,0,0,0,1,0,0,0,0,1,0,1,0,0,0
673,1,1,1,1,2,2,1,1,1,1,1,0.928571429,1,0,0,0,0,0,1,0,0,0,1,0,0,0,0,1
674,1,0,1,0,2,2,2,1,1,1,1,0.857142857,1,0,0,0,0,1,0,0,0,0,1,0,0,0,1,0
675,1,0,1,1,2,2,2,1,1,1,1,0.928571429,1,0,0,0,0,1,0,0,0,0,1,0,0,1,0,0
676,1,1,1,1,2,2,2,1,1,1,1,1,1,0,0,0,0,0,1,0,0,0,1,0,0,0,0,1
677,1,0,1,0,2,2,1,1,1,1,0,0.714285714,1,0,0,0,0,0,0,1,0,0,1,0,0,0,0,1
678,1,1,1,0,2,2,1,1,1,1,1,0.857142857,0,1,0,0,0,0,1,0,0,0,1,0,1,0,0,0
679,0,1,1,1,2,2,2,1,1,1,1,0.928571429,0,1,0,0,0,0,1,0,0,0,1,0,0,0,0,1
680,1,1,1,1,2,2,2,1,1,1,0,0.928571429,1,0,0,0,0,1,0,0,0,0,1,0,0,1,0,0
681,1,0,1,0,2,2,1,1,1,1,1,0.785714286,1,0,0,0,0,1,0,0,0,0,1,0,0,1,0,0
682,1,1,1,0,2,2,2,1,1,1,1,0.928571429,0,1,0,0,0,1,0,0,0,0,1,0,1,0,0,0
683,1,1,1,1,2,1,2,1,1,1,1,0.928571429,1,0,0,0,0,1,0,0,0,0,1,0,1,0,0,0
684,0,0,1,1,2,2,2,1,1,1,0,0.785714286,1,0,0,0,0,1,0,0,0,0,1,0,0,1,0,0
685,1,1,1,1,2,1,0,1,1,1,0,0.714285714,1,0,0,0,0,1,0,0,0,0,1,0,0,0,1,0
686,0,0,1,1,2,2,2,1,1,1,0,0.785714286,1,0,0,0,0,1,0,0,0,0,1,0,0,0,1,0
687,1,0,1,0,0,0,0,0,0,0,0,0.142857143,0,1,0,0,0,0,1,0,0,0,1,0,0,1,0,0
688,1,0,0,0,0,0,0,0,0,0,0,0.071428571,0,1,0,0,0,0,0,0,1,0,1,0,0,0,1,0
689,1,1,1,1,2,2,2,1,1,1,1,1,0,1,0,0,0,1,0,0,0,0,1,0,0,0,0,1
690,1,1,1,1,2,1,2,1,1,1,1,0.928571429,0,1,0,0,0,1,0,0,0,0,1,0,1,0,0,0
691,1,0,1,1,2,1,2,1,1,1,0,0.785714286,0,1,0,0,0,1,0,0,0,0,1,0,0,0,1,0
692,1,1,1,1,2,1,1,1,1,0,1,0.785714286,1,0,0,0,0,1,0,0,0,0,1,0,0,1,0,0
693,1,1,1,1,2,2,1,1,1,1,1,0.928571429,0,1,0,0,0,1,0,0,0,0,1,0,1,0,0,0
694,1,0,1,1,2,2,2,1,1,1,1,0.928571429,0,1,0,0,0,1,0,0,0,0,1,0,1,0,0,0
695,1,1,1,1,2,2,2,1,1,1,1,1,0,1,0,0,0,0,1,0,0,0,1,0,0,0,0,1
696,1,0,1,1,1,1,1,1,1,1,1,0.714285714,0,1,0,0,0,0,0,1,0,0,1,0,0,0,1,0
697,1,1,1,1,2,2,2,1,1,1,1,1,0,0,0,1,0,1,0,0,0,0,1,0,0,1,0,0
698,1,0,0,0,0,0,0,0,0,0,0,0.071428571,1,0,0,0,0,0,0,1,0,0,1,0,1,0,0,0
699,1,0,1,0,2,2,1,1,1,1,1,0.785714286,1,0,0,0,0,0,1,0,0,0,1,0,0,0,1,0
700,1,1,1,0,2,2,2,1,1,1,1,0.928571429,0,1,0,0,0,0,0,0,1,0,1,0,0,0,0,1
701,1,1,1,0,2,2,2,0,0,0,0,0.642857143,0,1,0,0,0,1,0,0,0,0,1,0,0,1,0,0
702,1,0,1,1,2,2,2,1,1,1,0,0.857142857,1,0,0,0,0,0,0,0,1,0,1,0,0,0,0,1
703,1,1,1,1,2,1,2,1,1,1,0,0.857142857,1,0,0,0,0,1,0,0,0,0,1,0,0,0,0,1
704,1,1,1,1,2,2,2,1,1,1,0,0.928571429,1,0,0,0,0,1,0,0,0,0,1,0,0,1,0,0
705,1,1,1,1,2,2,2,1,1,1,0,0.928571429,0,1,0,0,0,0,0,0,1,0,1,0,0,0,0,1
706,1,1,0,0,0,0,0,0,0,0,0,0.142857143,1,0,0,0,0,0,0,0,1,0,1,0,1,0,0,0
707,1,1,1,0,1,2,2,1,1,1,1,0.857142857,0,1,0,0,0,1,0,0,0,0,1,0,1,0,0,0
708,1,0,1,1,2,2,2,1,1,1,0,0.857142857,1,0,0,0,0,1,0,0,0,0,1,0,1,0,0,0
709,1,0,1,0,2,1,2,0,0,0,0,0.5,0,1,0,0,0,0,0,1,0,0,1,0,0,0,0,1
710,1,0,1,1,2,2,2,1,1,1,1,0.928571429,1,0,0,0,0,1,0,0,0,0,1,0,1,0,0,0
711,1,0,1,0,2,2,2,0,0,0,0,0.571428571,1,0,0,0,0,0,0,1,0,0,1,0,0,0,1,0
712,1,1,1,1,2,1,2,1,1,1,0,0.857142857,0,1,0,0,0,0,0,0,1,0,1,0,0,0,0,1
713,1,0,1,0,2,0,2,0,0,0,0,0.428571429,0,0,0,1,0,0,0,1,0,0,1,0,0,0,0,1
714,1,1,1,1,2,2,2,1,1,1,0,0.928571429,0,1,0,0,0,0,0,0,1,0,1,0,0,0,1,0
715,1,1,1,0,2,2,2,1,1,1,0,0.857142857,0,1,0,0,0,1,0,0,0,0,1,0,1,0,0,0
716,1,0,1,0,2,2,2,1,1,1,1,0.857142857,1,0,0,0,0,0,0,0,1,0,1,0,0,0,0,1
717,1,1,1,1,2,2,2,1,1,1,1,1,0,1,0,0,0,1,0,0,0,0,1,0,0,0,1,0
718,1,0,1,0,2,2,1,1,1,1,1,0.785714286,0,1,0,0,0,0,0,0,1,0,1,1,0,0,0,0
719,1,1,1,1,2,2,2,1,1,1,0,0.928571429,0,1,0,0,0,0,0,1,0,0,1,0,0,0,0,1
720,1,0,1,0,2,2,1,0,0,0,0,0.5,1,0,0,0,0,1,0,0,0,0,1,0,0,1,0,0
721,1,1,1,0,1,2,1,1,1,1,1,0.785714286,0,1,0,0,0,0,0,1,0,0,1,0,0,0,1,0
722,1,1,1,1,2,2,1,1,1,1,1,0.928571429,0,1,0,0,0,1,0,0,0,0,1,0,0,0,0,1
723,1,1,1,1,2,2,2,1,1,1,1,1,1,0,0,0,0,1,0,0,0,0,1,0,1,0,0,0
724,1,1,1,0,1,1,1,1,1,1,1,0.714285714,1,0,0,0,0,0,0,1,0,0,1,0,0,1,0,0
725,1,1,1,1,2,2,2,1,1,1,0,0.928571429,1,0,0,0,0,1,0,0,0,0,1,0,0,1,0,0
726,1,1,1,1,2,2,2,1,1,1,1,1,0,1,0,0,0,0,0,0,1,0,1,0,0,0,0,1
727,1,0,1,1,2,2,2,1,1,1,0,0.857142857,1,0,0,0,0,0,0,1,0,0,1,0,0,0,0,1
728,1,0,1,1,2,2,2,1,1,1,1,0.928571429,0,1,0,0,0,1,0,0,0,0,1,0,1,0,0,0
729,1,1,1,1,2,2,2,1,1,1,1,1,1,0,0,0,0,0,1,0,0,0,1,0,0,0,0,1
730,1,1,1,1,1,2,2,1,1,1,1,0.928571429,0,1,0,0,0,1,0,0,0,0,1,0,0,1,0,0
731,1,1,1,0,2,2,2,1,1,1,0,0.857142857,0,1,0,0,0,1,0,0,0,0,1,0,1,0,0,0
732,1,0,1,1,2,2,2,0,0,0,0,0.642857143,1,0,0,0,0,0,0,1,0,0,1,0,0,0,0,1
733,1,1,1,0,2,2,2,0,0,0,0,0.642857143,0,1,0,0,0,0,1,0,0,0,1,0,1,0,0,0
734,1,1,1,0,2,2,1,0,0,0,0,0.571428571,0,1,0,0,0,1,0,0,0,0,1,0,1,0,0,0
735,1,1,1,1,2,2,2,1,1,1,0,0.928571429,1,0,0,0,0,1,0,0,0,0,1,0,0,1,0,0
736,1,0,1,1,2,2,2,1,1,1,0,0.857142857,1,0,0,0,0,1,0,0,0,0,1,0,1,0,0,0
737,1,0,1,1,2,2,1,1,1,1,0,0.785714286,0,1,0,0,0,0,0,0,1,0,1,0,1,0,0,0
738,1,1,1,0,2,2,2,1,1,1,1,0.928571429,1,0,0,0,0,1,0,0,0,0,1,0,1,0,0,0
739,1,1,0,0,0,0,0,0,0,0,0,0.142857143,1,0,0,0,0,1,0,0,0,0,1,0,1,0,0,0
740,1,0,1,1,2,2,2,1,1,1,0,0.857142857,1,0,0,0,0,0,0,1,0,0,1,0,0,0,0,1
741,1,1,1,1,2,1,1,1,1,1,1,0.857142857,1,0,0,0,0,1,0,0,0,0,1,0,1,0,0,0
742,1,1,1,1,2,2,2,1,1,1,0,0.928571429,0,1,0,0,0,1,0,0,0,0,1,0,0,0,1,0
743,1,1,1,0,2,2,2,0,0,0,0,0.642857143,0,1,0,0,0,1,0,0,0,0,1,0,0,1,0,0
744,1,0,1,1,2,2,2,1,1,1,0,0.857142857,0,1,0,0,0,1,0,0,0,0,1,0,0,1,0,0
745,1,1,1,1,1,1,2,0,0,0,0,0.571428571,1,0,0,0,0,1,0,0,0,0,1,0,1,0,0,0
746,1,1,1,1,2,2,1,1,0,0,1,0.785714286,1,0,0,0,0,1,0,0,0,0,1,0,0,1,0,0
747,1,0,1,0,1,2,1,0,0,0,0,0.428571429,0,1,0,0,0,0,0,0,1,0,1,0,0,0,1,0
748,1,1,1,1,2,2,2,1,1,1,0,0.928571429,0,1,0,0,0,1,0,0,0,0,1,0,1,0,0,0
749,1,1,1,1,2,2,2,1,1,1,0,0.928571429,1,0,0,0,0,0,0,0,0,1,1,0,0,0,0,1
750,1,0,1,1,2,2,1,1,1,1,0,0.785714286,1,0,0,0,0,1,0,0,0,0,1,0,1,0,0,0
751,1,0,1,1,2,2,2,1,1,1,0,0.857142857,1,0,0,0,0,1,0,0,0,0,1,0,0,0,1,0
752,1,1,0,0,0,0,0,0,0,0,0,0.142857143,0,1,0,0,0,0,0,0,1,0,1,0,0,1,0,0
753,0,1,1,1,2,2,2,1,1,1,0,0.857142857,0,1,0,0,0,0,1,0,0,0,1,0,0,0,1,0
754,1,0,1,0,2,2,2,1,1,1,1,0.857142857,1,0,0,0,0,0,1,0,0,0,1,0,0,1,0,0
755,1,1,1,1,1,2,2,1,1,1,0,0.857142857,0,1,0,0,0,1,0,0,0,0,1,0,0,1,0,0
756,1,0,0,0,0,0,0,0,0,0,0,0.071428571,0,1,0,0,0,1,0,0,0,0,1,0,1,0,0,0
757,1,1,1,0,2,2,2,0,0,0,0,0.642857143,1,0,0,0,0,0,0,0,1,0,1,0,0,0,0,1
758,1,1,1,0,2,2,1,1,0,1,1,0.785714286,1,0,0,0,0,0,0,0,1,0,1,0,0,0,0,1
759,1,1,1,1,2,2,2,1,1,1,1,1,0,0,0,1,0,0,0,0,1,0,1,0,0,0,0,1
760,1,0,1,1,2,2,2,1,1,1,1,0.928571429,1,0,0,0,0,1,0,0,0,0,1,0,1,0,0,0
761,1,0,1,1,2,2,2,1,1,1,1,0.928571429,1,0,0,0,0,0,1,0,0,0,1,0,0,0,1,0
762,1,1,1,0,2,1,1,1,1,1,1,0.785714286,0,1,0,0,0,0,0,1,0,0,1,0,0,1,0,0
763,1,0,1,1,2,2,1,1,1,1,0,0.785714286,0,1,0,0,0,1,0,0,0,0,1,0,0,1,0,0
764,1,0,1,0,2,2,1,1,1,1,1,0.785714286,1,0,0,0,0,1,0,0,0,0,1,0,0,0,1,0
765,1,1,1,1,2,2,2,1,1,1,1,1,0,1,0,0,0,1,0,0,0,0,1,0,0,1,0,0
766,1,1,1,1,2,2,1,1,1,1,0,0.857142857,1,0,0,0,0,0,0,0,1,0,1,0,0,0,0,1
767,1,0,1,1,2,2,1,1,1,1,0,0.785714286,0,1,0,0,0,1,0,0,0,0,1,0,1,0,0,0
768,1,1,1,1,2,2,2,1,1,1,1,1,1,0,0,0,0,1,0,0,0,0,1,0,0,0,1,0
769,1,0,1,1,2,1,1,1,1,1,0,0.714285714,1,0,0,0,0,0,1,0,0,0,1,0,1,0,0,0
770,1,0,1,0,2,1,1,1,1,1,0,0.642857143,0,1,0,0,0,0,0,0,1,0,1,0,0,0,0,1
771,0,1,1,0,1,1,1,0,0,0,0,0.357142857,1,0,0,0,0,1,0,0,0,0,1,0,0,1,0,0
772,1,1,1,1,2,2,2,1,1,1,0,0.928571429,1,0,0,0,0,1,0,0,0,0,1,0,0,0,0,1
773,1,0,1,0,2,1,2,1,1,1,1,0.785714286,1,0,0,0,0,1,0,0,0,0,1,0,0,1,0,0
774,1,0,1,1,2,2,2,1,1,1,0,0.857142857,0,1,0,0,0,1,0,0,0,0,1,0,0,1,0,0
775,1,1,1,1,2,2,2,1,1,1,0,0.928571429,0,1,0,0,0,1,0,0,0,0,1,0,1,0,0,0
776,1,0,1,1,1,2,1,1,1,1,1,0.785714286,0,0,1,0,0,0,0,1,0,0,1,0,0,1,0,0
777,1,1,1,0,1,2,2,0,0,0,0,0.571428571,0,1,0,0,0,0,0,1,0,0,1,0,0,0,1,0
778,1,1,1,0,2,2,2,0,0,0,0,0.642857143,1,0,0,0,0,1,0,0,0,0,1,0,1,0,0,0
779,1,0,1,0,1,0,1,1,1,1,1,0.571428571,1,0,0,0,0,0,1,0,0,0,1,0,0,0,0,1
780,1,0,1,0,2,2,1,1,1,1,0,0.714285714,1,0,0,0,0,0,0,1,0,0,1,1,0,0,0,0
781,1,1,1,0,2,2,2,1,1,1,1,0.928571429,0,1,0,0,0,1,0,0,0,0,1,0,0,1,0,0
782,1,0,1,1,2,1,2,1,1,1,0,0.785714286,1,0,0,0,0,1,0,0,0,0,1,0,1,0,0,0
783,1,0,1,1,2,2,2,1,1,1,1,0.928571429,0,1,0,0,0,0,1,0,0,0,1,0,0,0,0,1
784,1,0,1,1,2,1,1,1,1,1,0,0.714285714,1,0,0,0,0,1,0,0,0,0,1,0,1,0,0,0
785,1,0,1,0,2,2,1,1,1,1,0,0.714285714,1,0,0,0,0,0,0,1,0,0,1,0,0,0,0,1
786,1,0,1,0,1,2,1,1,1,1,1,0.714285714,0,0,0,1,0,0,0,0,1,0,1,0,0,0,0,1
787,1,1,1,0,2,2,1,1,1,1,1,0.857142857,0,0,1,0,0,1,0,0,0,0,1,0,0,0,1,0
788,1,1,1,1,2,2,1,1,1,1,0,0.857142857,0,1,0,0,0,1,0,0,0,0,1,0,1,0,0,0
789,1,1,1,1,2,2,1,1,1,1,0,0.857142857,0,1,0,0,0,0,0,0,0,1,1,0,0,0,0,1
790,1,1,0,0,0,0,0,0,0,0,0,0.142857143,0,1,0,0,0,0,0,1,0,0,1,0,0,0,0,1
791,1,0,1,1,2,2,2,1,1,1,1,0.928571429,0,1,0,0,0,1,0,0,0,0,1,0,1,0,0,0
792,1,1,1,1,2,2,2,1,1,1,0,0.928571429,0,1,0,0,0,0,0,0,1,0,1,0,1,0,0,0
793,1,0,1,1,2,2,2,1,1,1,0,0.857142857,1,0,0,0,0,1,0,0,0,0,1,0,0,1,0,0
794,1,1,1,0,2,2,2,1,1,1,1,0.928571429,1,0,0,0,0,1,0,0,0,0,1,0,0,1,0,0
795,1,0,1,1,2,2,2,1,1,1,0,0.857142857,1,0,0,0,0,1,0,0,0,0,1,0,0,1,0,0
796,0,1,1,0,2,2,2,1,1,1,1,0.857142857,0,0,1,0,0,1,0,0,0,0,1,0,0,1,0,0
797,1,0,1,1,2,2,2,1,1,1,0,0.857142857,0,1,0,0,0,1,0,0,0,0,1,0,1,0,0,0
798,1,1,1,1,2,2,2,1,1,1,1,1,1,0,0,0,0,1,0,0,0,0,1,0,1,0,0,0
799,1,0,1,1,1,1,1,1,1,1,0,0.642857143,0,1,0,0,0,0,1,0,0,0,1,0,0,0,0,1
800,1,0,1,0,2,1,1,0,0,0,0,0.428571429,1,0,0,0,0,1,0,0,0,0,1,0,1,0,0,0
801,1,0,1,1,2,1,1,1,1,1,1,0.785714286,0,1,0,0,0,1,0,0,0,0,1,0,0,1,0,0
802,1,1,1,0,2,2,1,1,1,1,1,0.857142857,0,1,0,0,0,1,0,0,0,0,1,0,0,1,0,0
803,0,0,1,1,2,1,1,1,1,1,0,0.642857143,1,0,0,0,0,1,0,0,0,0,1,0,1,0,0,0
804,1,1,1,1,2,2,1,1,1,1,1,0.928571429,1,0,0,0,0,0,1,0,0,0,1,0,0,0,0,1
805,1,0,1,1,1,2,2,1,1,1,0,0.785714286,1,0,0,0,0,0,0,0,1,0,1,0,0,0,0,1
806,1,1,1,1,2,2,2,1,1,1,1,1,1,0,0,0,0,1,0,0,0,0,1,0,0,1,0,0
807,1,1,1,1,2,2,2,1,1,1,1,1,0,1,0,0,0,1,0,0,0,0,1,0,1,0,0,0
808,1,1,1,0,2,2,2,1,1,1,1,0.928571429,1,0,0,0,0,1,0,0,0,0,1,0,1,0,0,0
809,1,0,1,1,2,2,2,1,1,1,1,0.928571429,1,0,0,0,0,1,0,0,0,0,1,0,1,0,0,0
810,1,1,1,0,2,2,2,1,1,1,1,0.928571429,0,1,0,0,0,0,0,1,0,0,1,0,0,0,1,0
811,1,1,1,1,2,2,1,1,1,1,1,0.928571429,1,0,0,0,0,0,0,1,0,0,1,0,0,0,0,1
812,1,0,1,1,2,2,2,1,1,1,0,0.857142857,1,0,0,0,0,1,0,0,0,0,1,0,1,0,0,0
813,1,0,1,0,2,2,2,1,1,1,1,0.857142857,0,1,0,0,0,1,0,0,0,0,1,0,1,0,0,0
814,1,0,1,1,2,1,2,1,1,1,1,0.857142857,0,1,0,0,0,0,0,0,1,0,1,0,0,0,1,0
815,1,1,1,0,2,2,2,1,1,1,0,0.857142857,0,1,0,0,0,0,0,1,0,0,1,0,0,0,1,0
816,1,1,1,0,2,2,1,1,1,1,1,0.857142857,1,0,0,0,0,0,0,0,1,0,1,0,0,0,0,1
817,1,0,1,1,1,2,2,0,0,0,0,0.571428571,1,0,0,0,0,1,0,0,0,0,1,0,1,0,0,0
818,1,0,1,1,2,2,1,1,1,1,1,0.857142857,1,0,0,0,0,0,0,1,0,0,1,0,0,0,1,0
819,1,1,1,1,2,2,2,1,1,1,1,1,0,1,0,0,0,0,1,0,0,0,1,0,0,0,1,0
820,1,0,0,0,0,0,0,0,0,0,0,0.071428571,1,0,0,0,0,0,0,0,1,0,1,0,0,0,1,0
821,1,1,1,1,2,2,2,1,1,1,0,0.928571429,1,0,0,0,0,1,0,0,0,0,1,0,0,0,1,0
822,1,1,1,1,2,2,2,1,1,1,0,0.928571429,1,0,0,0,0,0,0,1,0,0,1,0,0,0,0,1
823,1,1,1,1,2,2,1,1,1,1,1,0.928571429,0,1,0,0,0,0,0,1,0,0,1,0,1,0,0,0
824,1,1,1,1,2,2,2,1,1,1,1,1,0,1,0,0,0,0,0,1,0,0,1,0,0,0,1,0
825,1,0,1,1,2,2,2,1,1,1,0,0.857142857,1,0,0,0,0,0,0,1,0,0,1,0,0,0,1,0
826,1,0,1,1,1,1,2,1,1,1,0,0.714285714,0,1,0,0,0,1,0,0,0,0,1,0,0,0,1,0
827,1,1,1,1,2,2,2,1,1,1,1,1,1,0,0,0,0,0,0,0,1,0,1,0,0,0,0,1
828,1,1,1,0,2,2,1,1,1,1,0,0.785714286,0,1,0,0,0,0,0,0,1,0,1,0,0,0,1,0
829,1,0,1,1,2,2,2,1,1,1,0,0.857142857,1,0,0,0,0,0,0,0,1,0,1,0,0,0,0,1
830,1,1,1,0,2,2,1,1,1,1,0,0.785714286,1,0,0,0,0,0,1,0,0,0,1,0,1,0,0,0
831,1,1,1,0,2,2,1,1,1,1,1,0.857142857,1,0,0,0,0,0,0,1,0,0,1,0,0,0,1,0
832,1,1,1,0,2,2,1,1,1,1,1,0.857142857,0,1,0,0,0,0,0,0,1,0,1,0,0,0,0,1
833,1,1,1,1,2,1,2,1,1,1,1,0.928571429,0,1,0,0,0,0,0,1,0,0,1,0,0,0,0,1
834,1,1,1,0,2,2,2,1,1,1,0,0.857142857,0,1,0,0,0,0,0,1,0,0,1,0,0,0,0,1
835,1,0,1,1,2,2,2,1,1,1,0,0.857142857,0,1,0,0,0,0,0,0,1,0,1,0,0,0,0,1
836,1,1,1,1,2,2,2,1,1,1,1,1,0,1,0,0,0,0,0,1,0,0,1,0,0,0,1,0
837,1,1,1,0,2,1,1,0,0,0,0,0.5,1,0,0,0,0,0,0,1,0,0,1,0,0,1,0,0
838,1,1,1,1,2,2,2,1,1,1,1,1,0,1,0,0,0,0,0,1,0,0,1,0,0,1,0,0
839,1,1,1,0,2,2,1,0,0,0,0,0.571428571,1,0,0,0,0,0,0,0,1,0,1,0,0,0,0,1
840,1,1,1,0,2,2,1,1,1,1,1,0.857142857,0,0,1,0,0,1,0,0,0,0,1,0,0,0,1,0
841,1,1,1,0,2,2,1,1,1,1,1,0.857142857,1,0,0,0,0,1,0,0,0,0,1,0,1,0,0,0
842,0,1,1,1,2,2,2,1,1,1,0,0.857142857,1,0,0,0,0,1,0,0,0,0,1,0,0,1,0,0
843,1,1,1,1,2,2,2,1,1,1,0,0.928571429,1,0,0,0,0,0,0,1,0,0,1,0,1,0,0,0
844,1,1,1,1,2,2,2,1,1,1,1,1,0,1,0,0,0,1,0,0,0,0,1,0,0,0,1,0
845,1,1,1,1,2,2,2,1,1,1,1,1,1,0,0,0,0,0,0,0,1,0,1,0,1,0,0,0
846,1,1,1,0,2,2,2,1,1,1,0,0.857142857,1,0,0,0,0,1,0,0,0,0,1,0,1,0,0,0
847,1,1,1,1,2,2,2,1,1,1,0,0.928571429,0,1,0,0,0,0,0,1,0,0,1,0,0,0,1,0
848,1,0,1,1,2,2,2,1,1,1,1,0.928571429,0,1,0,0,0,0,0,0,1,0,1,0,1,0,0,0
849,1,0,1,1,2,2,2,1,1,1,1,0.928571429,0,1,0,0,0,1,0,0,0,0,1,0,0,1,0,0
850,1,1,1,0,2,2,1,0,0,0,0,0.571428571,1,0,0,0,0,0,0,0,1,0,1,0,1,0,0,0
851,1,0,1,0,2,2,2,1,1,1,1,0.857142857,0,0,0,1,0,0,0,0,1,0,1,0,0,0,1,0
852,1,0,0,0,0,0,0,0,0,0,0,0.071428571,0,1,0,0,0,0,0,1,0,0,1,0,1,0,0,0
853,1,0,1,0,2,2,1,1,1,1,0,0.714285714,1,0,0,0,0,0,0,0,1,0,1,0,1,0,0,0
854,1,1,1,1,2,2,2,1,1,1,1,1,0,1,0,0,0,1,0,0,0,0,1,0,0,0,1,0
855,1,1,1,1,2,2,1,1,1,1,0,0.857142857,0,1,0,0,0,1,0,0,0,0,1,0,0,1,0,0
856,1,0,1,1,2,2,2,1,1,1,1,0.928571429,0,1,0,0,0,1,0,0,0,0,1,0,0,1,0,0
857,1,1,1,1,2,1,2,1,1,1,0,0.857142857,0,1,0,0,0,0,0,1,0,0,1,0,0,0,0,1
858,1,0,1,1,2,2,1,1,1,1,0,0.785714286,1,0,0,0,0,0,0,1,0,0,1,0,0,1,0,0
859,1,0,1,1,2,2,2,1,1,1,1,0.928571429,1,0,0,0,0,0,0,1,0,0,1,0,0,0,1,0
860,1,0,1,1,1,2,2,1,1,1,0,0.785714286,0,1,0,0,0,1,0,0,0,0,1,0,0,1,0,0
861,1,0,1,0,2,2,2,1,1,1,0,0.785714286,1,0,0,0,0,0,0,1,0,0,1,0,0,1,0,0
862,1,1,1,1,2,2,2,1,1,1,1,1,0,1,0,0,0,1,0,0,0,0,1,0,1,0,0,0
863,1,1,1,0,2,2,1,1,1,1,1,0.857142857,0,1,0,0,0,1,0,0,0,0,1,0,0,1,0,0
864,1,1,1,1,2,2,2,1,1,1,0,0.928571429,0,1,0,0,0,1,0,0,0,0,1,0,0,0,1,0
865,1,1,1,1,2,2,2,1,1,1,1,1,1,0,0,0,0,0,0,1,0,0,1,0,0,0,0,1
866,1,1,1,1,1,1,2,1,1,1,1,0.857142857,0,1,0,0,0,0,0,0,1,0,1,0,0,0,1,0
867,1,1,1,1,2,2,1,1,1,1,0,0.857142857,1,0,0,0,0,0,0,1,0,0,1,0,0,0,1,0
868,1,1,0,0,0,0,0,0,0,0,0,0.142857143,1,0,0,0,0,0,0,0,1,0,1,0,1,0,0,0
869,1,1,1,0,2,2,2,1,1,1,1,0.928571429,1,0,0,0,0,0,0,1,0,0,1,0,0,0,1,0
870,1,1,1,0,1,2,2,1,1,1,1,0.857142857,1,0,0,0,0,0,0,0,1,0,1,0,0,0,0,1
872,1,1,1,1,2,2,1,1,1,1,0,0.857142857,1,0,0,0,0,1,0,0,0,0,1,0,1,0,0,0
873,1,1,1,1,2,1,0,1,1,1,1,0.785714286,0,1,0,0,0,1,0,0,0,0,1,0,0,1,0,0
874,1,1,1,1,2,2,2,1,1,1,0,0.928571429,1,0,0,0,0,1,0,0,0,0,1,0,1,0,0,0
875,1,0,1,1,2,1,1,1,1,1,1,0.785714286,0,1,0,0,0,0,0,1,0,0,1,0,0,0,0,1
876,1,1,1,0,2,2,2,1,1,1,1,0.928571429,0,1,0,0,0,0,0,0,1,0,1,0,0,0,1,0
877,1,1,1,0,2,1,2,1,1,1,0,0.785714286,0,1,0,0,0,0,0,0,1,0,1,0,1,0,0,0
878,1,1,0,0,0,0,0,0,0,0,0,0.142857143,1,0,0,0,0,1,0,0,0,0,1,0,1,0,0,0
879,1,1,1,0,2,2,2,1,1,1,1,0.928571429,1,0,0,0,0,1,0,0,0,0,1,0,0,1,0,0
880,1,0,1,0,2,2,2,0,0,0,0,0.571428571,1,0,0,0,0,0,1,0,0,0,1,0,0,0,0,1
881,1,1,1,1,2,2,2,1,1,1,1,1,0,1,0,0,0,1,0,0,0,0,1,0,0,0,1,0
882,1,1,1,1,2,2,2,1,1,1,1,1,0,0,1,0,0,0,0,0,0,1,1,0,1,0,0,0
883,1,1,1,1,2,2,2,1,1,1,0,0.928571429,1,0,0,0,0,0,0,1,0,0,1,0,0,0,0,1
884,1,0,0,0,0,0,0,0,0,0,0,0.071428571,0,1,0,0,0,0,0,1,0,0,1,0,0,0,1,0
885,1,0,1,0,2,2,2,1,1,1,1,0.857142857,0,1,0,0,0,0,0,1,0,0,1,0,1,0,0,0
886,1,0,1,1,2,1,1,1,1,1,1,0.785714286,1,0,0,0,0,0,0,1,0,0,1,0,0,0,1,0
887,1,0,1,1,2,2,2,1,1,1,0,0.857142857,1,0,0,0,0,0,0,1,0,0,1,0,0,0,1,0
888,1,1,1,0,2,2,2,0,0,0,0,0.642857143,0,1,0,0,0,0,0,0,1,0,1,0,0,0,0,1
889,0,1,1,0,2,2,1,1,1,1,0,0.714285714,1,0,0,0,0,1,0,0,0,0,1,0,1,0,0,0
890,1,1,1,1,2,2,2,1,1,1,0,0.928571429,1,0,0,0,0,0,0,1,0,0,1,0,0,0,0,1
891,1,1,1,1,2,2,2,1,1,1,1,1,1,0,0,0,0,0,0,1,0,0,1,0,0,0,1,0
892,1,1,1,0,2,2,2,1,1,1,1,0.928571429,0,1,0,0,0,1,0,0,0,0,1,0,1,0,0,0
893,1,1,1,0,2,2,2,1,1,1,0,0.857142857,1,0,0,0,0,0,1,0,0,0,1,0,0,1,0,0
894,1,1,1,0,2,2,1,0,0,0,0,0.571428571,1,0,0,0,0,0,0,0,1,0,1,0,0,0,1,0
895,1,1,1,1,2,2,2,1,1,1,1,1,1,0,0,0,0,0,1,0,0,0,1,0,0,0,1,0
896,1,0,1,1,2,1,2,1,1,1,1,0.857142857,0,1,0,0,0,0,0,1,0,0,1,0,0,0,0,1
897,1,0,1,0,1,2,2,1,1,1,1,0.785714286,1,0,0,0,0,1,0,0,0,0,1,0,1,0,0,0
898,1,1,1,1,2,2,1,1,1,1,1,0.928571429,1,0,0,0,0,1,0,0,0,0,1,0,1,0,0,0
899,1,0,1,1,2,2,1,1,1,1,1,0.857142857,0,1,0,0,0,0,0,1,0,0,1,0,0,0,1,0
900,1,1,1,1,2,2,2,1,1,1,1,1,1,0,0,0,0,0,1,0,0,0,1,0,0,1,0,0
901,1,1,1,0,2,2,2,1,1,1,0,0.857142857,1,0,0,0,0,0,0,1,0,0,1,0,0,0,1,0
902,1,1,1,1,2,2,2,1,1,1,0,0.928571429,1,0,0,0,0,1,0,0,0,0,1,0,1,0,0,0
903,1,1,1,0,2,2,2,1,1,1,0,0.857142857,1,0,0,0,0,0,1,0,0,0,1,0,0,1,0,0
904,1,1,1,0,2,2,2,1,1,1,1,0.928571429,1,0,0,0,0,1,0,0,0,0,1,0,1,0,0,0
905,1,0,1,1,1,2,2,1,1,1,1,0.857142857,0,1,0,0,0,0,0,0,1,0,1,0,0,0,1,0
906,1,1,1,1,2,2,2,1,1,1,0,0.928571429,1,0,0,0,0,0,0,1,0,0,1,0,0,0,1,0
907,1,1,1,1,2,2,2,1,1,1,1,1,0,1,0,0,0,1,0,0,0,0,1,0,1,0,0,0
908,1,1,1,1,2,2,2,1,1,1,1,1,0,1,0,0,0,1,0,0,0,0,1,0,1,0,0,0
909,1,0,1,1,2,2,2,1,1,1,1,0.928571429,0,1,0,0,0,1,0,0,0,0,1,0,1,0,0,0
910,1,1,1,1,2,2,2,1,1,1,1,1,1,0,0,0,0,1,0,0,0,0,1,0,0,1,0,0
911,1,0,1,1,2,2,2,1,1,1,1,0.928571429,1,0,0,0,0,0,0,1,0,0,1,0,0,0,0,1
912,1,1,1,0,2,2,1,0,0,0,0,0.571428571,0,1,0,0,0,0,0,1,0,0,1,0,0,0,0,1
913,1,1,1,0,2,2,2,1,1,1,1,0.928571429,0,1,0,0,0,1,0,0,0,0,1,0,1,0,0,0
914,1,0,1,0,2,2,2,1,1,1,1,0.857142857,1,0,0,0,0,1,0,0,0,0,1,0,0,1,0,0
915,1,0,1,1,2,1,1,1,1,1,1,0.785714286,0,0,0,1,0,0,0,0,1,0,1,0,0,0,0,1
916,1,1,1,1,2,2,2,1,1,1,1,1,1,0,0,0,0,0,1,0,0,0,1,0,0,0,1,0
917,1,0,1,1,2,2,2,1,1,1,0,0.857142857,1,0,0,0,0,0,0,0,1,0,1,0,1,0,0,0
918,1,1,1,0,2,2,2,0,0,0,0,0.642857143,1,0,0,0,0,0,0,1,0,0,1,0,0,0,1,0
919,1,1,1,1,2,2,2,1,1,1,0,0.928571429,1,0,0,0,0,0,0,0,1,0,1,0,0,0,1,0
920,1,0,1,1,2,2,1,1,1,1,0,0.785714286,1,0,0,0,0,1,0,0,0,0,1,0,0,1,0,0
921,1,0,1,0,2,2,2,1,1,1,1,0.857142857,1,0,0,0,0,0,0,1,0,0,1,0,0,0,0,1
922,1,0,1,1,2,2,1,0,0,0,0,0.571428571,1,0,0,0,0,0,0,0,1,0,1,0,0,0,1,0
923,1,1,1,1,2,1,2,1,1,1,1,0.928571429,0,1,0,0,0,1,0,0,0,0,1,0,0,1,0,0
924,1,1,1,0,2,1,2,0,0,0,0,0.571428571,0,1,0,0,0,0,0,0,1,0,1,0,0,0,1,0
925,1,0,1,0,2,2,2,0,0,0,0,0.571428571,0,1,0,0,0,0,0,0,1,0,1,0,1,0,0,0
926,1,1,1,1,2,2,2,1,1,1,0,0.928571429,0,1,0,0,0,0,0,1,0,0,1,0,0,0,0,1
927,1,1,1,0,2,2,2,0,0,0,0,0.642857143,0,1,0,0,0,1,0,0,0,0,1,0,0,1,0,0
928,1,1,1,1,2,2,2,1,1,1,1,1,1,0,0,0,0,0,0,0,1,0,1,0,0,0,0,1
929,1,1,1,1,2,2,2,1,1,1,1,1,0,1,0,0,0,1,0,0,0,0,1,0,1,0,0,0
930,1,1,1,0,2,2,2,1,1,1,1,0.928571429,1,0,0,0,0,0,0,1,0,0,1,0,0,0,1,0
931,1,1,1,0,2,2,2,0,0,0,0,0.642857143,0,1,0,0,0,0,0,0,1,0,1,0,0,0,1,0
932,1,0,1,1,2,2,2,1,1,1,0,0.857142857,1,0,0,0,0,1,0,0,0,0,1,0,0,1,0,0
933,1,1,1,1,2,2,2,1,1,1,1,1,1,0,0,0,0,1,0,0,0,0,1,0,0,1,0,0
934,1,1,1,0,2,2,1,1,1,1,1,0.857142857,0,1,0,0,0,0,0,0,1,0,1,0,0,0,1,0
935,1,0,1,1,2,2,1,1,1,1,0,0.785714286,1,0,0,0,0,1,0,0,0,0,1,0,1,0,0,0
936,1,0,1,1,2,2,2,1,1,1,1,0.928571429,1,0,0,0,0,1,0,0,0,0,1,0,1,0,0,0
937,1,0,1,1,2,2,2,1,1,1,1,0.928571429,1,0,0,0,0,0,0,1,0,0,1,0,0,1,0,0
938,1,1,1,1,2,2,2,1,1,1,0,0.928571429,0,1,0,0,0,1,0,0,0,0,1,0,1,0,0,0
939,1,1,1,0,2,2,2,1,1,1,1,0.928571429,1,0,0,0,0,0,1,0,0,0,1,0,0,0,0,1
940,1,1,1,1,2,2,1,1,1,1,1,0.928571429,0,1,0,0,0,0,1,0,0,0,1,0,0,0,0,1
941,1,1,1,1,2,2,1,1,1,1,0,0.857142857,1,0,0,0,0,1,0,0,0,0,1,0,1,0,0,0
942,1,0,1,1,2,2,2,1,1,1,1,0.928571429,1,0,0,0,0,1,0,0,0,0,1,0,1,0,0,0
943,1,1,1,0,2,2,2,1,1,1,1,0.928571429,1,0,0,0,0,0,0,1,0,0,1,0,0,1,0,0
944,1,1,1,1,2,2,2,1,1,1,1,1,0,1,0,0,0,1,0,0,0,0,1,0,0,1,0,0
945,1,0,1,1,2,2,2,1,1,1,1,0.928571429,0,1,0,0,0,1,0,0,0,0,1,0,1,0,0,0
946,1,0,0,0,0,0,0,0,0,0,0,0.071428571,1,0,0,0,0,0,0,1,0,0,1,0,0,0,0,1
947,1,1,1,0,2,2,2,1,1,1,1,0.928571429,1,0,0,0,0,0,0,0,1,0,1,0,0,0,0,1
948,1,1,1,0,2,1,2,1,1,1,1,0.857142857,0,1,0,0,0,1,0,0,0,0,1,0,1,0,0,0
949,1,1,1,1,2,2,2,1,1,1,0,0.928571429,0,1,0,0,0,0,0,1,0,0,1,0,1,0,0,0
950,1,1,1,1,2,1,1,1,1,1,1,0.857142857,0,1,0,0,0,0,1,0,0,0,1,0,0,0,1,0
951,1,0,1,1,2,2,2,1,1,1,0,0.857142857,1,0,0,0,0,0,0,1,0,0,1,0,1,0,0,0
952,1,0,1,1,1,2,2,1,1,1,1,0.857142857,0,1,0,0,0,1,0,0,0,0,1,0,0,1,0,0
953,1,1,1,0,2,2,2,0,0,0,0,0.642857143,0,1,0,0,0,1,0,0,0,0,1,0,0,1,0,0
954,1,1,1,1,2,2,2,1,1,1,1,1,0,1,0,0,0,0,1,0,0,0,1,0,0,0,0,1
955,1,1,1,1,2,2,2,1,1,1,1,1,0,1,0,0,0,1,0,0,0,0,1,0,0,1,0,0
956,1,0,1,1,2,2,2,1,1,1,1,0.928571429,1,0,0,0,0,0,0,1,0,0,1,0,0,0,0,1
957,1,1,1,1,2,2,1,1,1,1,1,0.928571429,1,0,0,0,0,1,0,0,0,0,1,0,1,0,0,0
958,1,1,1,1,2,2,1,1,1,1,1,0.928571429,1,0,0,0,0,0,1,0,0,0,1,0,1,0,0,0
959,1,1,1,1,2,2,2,1,1,1,0,0.928571429,1,0,0,0,0,1,0,0,0,0,1,0,1,0,0,0
960,1,1,0,0,0,0,0,0,0,0,0,0.142857143,0,1,0,0,0,1,0,0,0,0,1,0,0,0,1,0
961,1,0,1,1,2,1,1,1,1,1,1,0.785714286,0,1,0,0,0,1,0,0,0,0,1,0,0,0,0,1
962,1,1,1,0,2,2,2,1,1,1,0,0.857142857,1,0,0,0,0,1,0,0,0,0,1,0,0,1,0,0
963,1,1,1,1,2,2,2,1,1,1,0,0.928571429,1,0,0,0,0,0,0,1,0,0,1,0,0,0,0,1
964,1,1,1,0,2,2,2,0,0,0,0,0.642857143,1,0,0,0,0,1,0,0,0,0,1,0,0,0,1,0
965,1,1,1,1,2,2,2,1,1,1,1,1,1,0,0,0,0,1,0,0,0,0,1,0,1,0,0,0
966,1,1,1,1,2,2,1,1,1,1,1,0.928571429,0,1,0,0,0,1,0,0,0,0,1,0,0,0,1,0
967,1,1,1,1,2,2,2,1,1,1,1,1,1,0,0,0,0,0,0,0,1,0,1,0,0,0,0,1
968,1,0,1,0,2,1,2,0,0,0,0,0.5,1,0,0,0,0,0,0,1,0,0,1,0,0,0,1,0
969,1,1,0,0,0,0,0,0,0,0,0,0.142857143,0,0,0,1,0,0,0,0,0,1,1,1,0,0,0,0
970,1,0,1,0,2,2,2,1,1,1,0,0.785714286,1,0,0,0,0,0,0,1,0,0,1,0,0,0,1,0
971,1,0,1,1,2,2,2,1,1,1,1,0.928571429,1,0,0,0,0,1,0,0,0,0,1,0,1,0,0,0
972,1,0,1,0,2,2,1,1,1,1,1,0.785714286,1,0,0,0,0,1,0,0,0,0,1,0,1,0,0,0
973,1,1,1,1,2,0,0,1,1,1,1,0.714285714,0,1,0,0,0,0,1,0,0,0,1,0,0,0,1,0
974,1,0,0,0,0,0,0,0,0,0,0,0.071428571,1,0,0,0,0,0,0,0,1,0,1,0,1,0,0,0
975,1,0,1,0,2,2,2,1,1,1,0,0.785714286,1,0,0,0,0,0,1,0,0,0,1,0,0,0,1,0
976,0,0,1,0,2,2,1,1,0,0,1,0.571428571,0,1,0,0,0,0,0,1,0,0,1,0,0,0,1,0
977,1,1,1,1,2,2,2,1,1,1,1,1,1,0,0,0,0,0,0,0,1,0,1,0,0,0,0,1
978,1,1,1,0,2,2,2,1,1,1,1,0.928571429,0,1,0,0,0,1,0,0,0,0,1,0,0,1,0,0
979,1,1,1,1,2,2,1,1,1,1,0,0.857142857,1,0,0,0,0,0,0,1,0,0,1,0,1,0,0,0
980,1,1,1,1,2,2,2,1,1,1,1,1,0,0,0,1,0,0,1,0,0,0,1,0,0,0,1,0
981,1,1,1,1,2,2,1,1,1,1,0,0.857142857,1,0,0,0,0,1,0,0,0,0,1,0,0,1,0,0
982,1,0,1,0,2,1,1,1,1,1,1,0.714285714,1,0,0,0,0,1,0,0,0,0,1,0,0,1,0,0
983,1,1,1,1,2,2,2,1,1,1,0,0.928571429,1,0,0,0,0,1,0,0,0,0,1,0,0,0,1,0
984,1,1,1,0,2,1,1,0,0,0,0,0.5,0,1,0,0,0,1,0,0,0,0,1,0,0,1,0,0
985,1,1,1,1,2,2,2,1,1,1,1,1,0,1,0,0,0,1,0,0,0,0,1,0,0,1,0,0
986,1,1,1,1,2,1,2,1,1,1,1,0.928571429,1,0,0,0,0,0,0,0,1,0,1,0,0,0,0,1
987,1,1,1,1,2,2,2,1,1,1,1,1,1,0,0,0,0,1,0,0,0,0,1,0,1,0,0,0
988,1,1,1,1,2,2,2,1,1,1,1,1,1,0,0,0,0,1,0,0,0,0,1,0,0,1,0,0
989,1,1,1,1,2,2,1,1,1,1,0,0.857142857,0,1,0,0,0,0,0,0,1,0,1,0,0,0,0,1
990,1,0,1,1,2,2,1,1,1,1,1,0.857142857,0,1,0,0,0,1,0,0,0,0,1,0,0,1,0,0
991,1,1,1,1,2,2,1,1,1,1,1,0.928571429,0,1,0,0,0,0,1,0,0,0,1,0,0,0,1,0
992,1,1,1,0,2,1,1,1,1,1,1,0.785714286,1,0,0,0,0,0,1,0,0,0,1,0,0,0,0,1
993,1,0,1,1,2,2,1,1,1,1,0,0.785714286,0,1,0,0,0,0,0,0,1,0,1,0,0,0,0,1
994,1,1,1,0,2,1,2,1,1,1,1,0.857142857,0,1,0,0,0,1,0,0,0,0,1,0,1,0,0,0
995,1,1,1,1,2,2,2,1,1,1,1,1,1,0,0,0,0,0,1,0,0,0,1,0,0,1,0,0
996,1,0,1,1,2,2,2,1,1,1,1,0.928571429,0,1,0,0,0,1,0,0,0,0,1,0,0,1,0,0
997,1,1,1,1,2,2,2,1,1,1,0,0.928571429,0,0,0,1,0,1,0,0,0,0,1,0,0,0,1,0
998,1,1,1,1,2,2,2,1,1,1,1,1,1,0,0,0,0,0,1,0,0,0,1,0,0,0,0,1
999,1,0,1,1,2,2,2,1,1,1,1,0.928571429,1,0,0,0,0,1,0,0,0,0,1,0,1,0,0,0
1000,1,1,1,0,2,2,2,1,1,1,1,0.928571429,0,1,0,0,0,1,0,0,0,0,1,0,1,0,0,0
1001,1,0,1,1,2,2,1,1,1,1,0,0.785714286,0,1,0,0,0,1,0,0,0,0,1,0,1,0,0,0
1002,1,1,1,1,2,2,2,1,1,1,0,0.928571429,0,1,0,0,0,0,1,0,0,0,1,0,0,0,1,0
1003,0,1,1,1,2,2,2,1,1,1,0,0.857142857,1,0,0,0,0,1,0,0,0,0,1,0,1,0,0,0
1004,1,0,1,1,2,2,2,1,1,1,0,0.857142857,0,1,0,0,0,0,0,1,0,0,1,0,0,0,1,0
1005,1,1,1,0,2,2,1,1,1,1,0,0.785714286,1,0,0,0,0,1,0,0,0,0,1,0,1,0,0,0
1006,1,0,1,1,2,2,2,1,1,1,1,0.928571429,1,0,0,0,0,1,0,0,0,0,1,0,0,1,0,0
1007,1,1,1,1,2,2,2,1,1,1,0,0.928571429,0,1,0,0,0,0,0,1,0,0,1,0,0,0,1,0
1008,1,1,1,1,2,1,1,1,1,1,0,0.785714286,1,0,0,0,0,0,1,0,0,0,1,0,0,0,0,1
1009,1,0,0,0,0,0,0,0,0,0,0,0.071428571,1,0,0,0,0,0,0,0,1,0,1,0,0,0,0,1
1010,1,0,1,1,2,2,2,1,1,1,1,0.928571429,1,0,0,0,0,0,0,1,0,0,1,0,0,0,0,1
1011,1,0,1,1,2,2,2,1,1,1,1,0.928571429,1,0,0,0,0,1,0,0,0,0,1,0,0,0,1,0
1012,1,1,1,1,2,2,1,1,1,1,0,0.857142857,0,1,0,0,0,1,0,0,0,0,1,0,1,0,0,0
1013,1,0,1,0,1,1,2,1,1,1,0,0.642857143,1,0,0,0,0,0,0,1,0,0,1,0,0,0,0,1
1014,1,1,1,1,2,2,2,1,1,1,1,1,1,0,0,0,0,1,0,0,0,0,1,0,1,0,0,0
1015,0,0,1,0,2,2,1,0,0,0,0,0.428571429,1,0,0,0,0,1,0,0,0,0,1,0,1,0,0,0
1016,1,1,1,1,2,2,2,1,1,1,0,0.928571429,1,0,0,0,0,1,0,0,0,0,1,0,1,0,0,0
1017,1,0,1,1,2,2,2,1,1,1,0,0.857142857,1,0,0,0,0,0,0,1,0,0,1,0,1,0,0,0
1018,1,0,0,0,0,0,0,0,0,0,0,0.071428571,1,0,0,0,0,0,0,0,1,0,1,0,1,0,0,0
1019,1,0,1,1,2,2,2,1,1,1,0,0.857142857,0,0,0,1,0,0,0,0,1,0,1,0,0,1,0,0
1020,1,1,1,0,2,1,1,1,1,1,1,0.785714286,1,0,0,0,0,1,0,0,0,0,1,0,1,0,0,0
1021,1,1,1,0,2,2,1,0,0,0,0,0.571428571,0,1,0,0,0,0,1,0,0,0,1,0,0,0,1,0
1022,1,1,1,1,2,2,2,1,1,1,1,1,0,1,0,0,0,1,0,0,0,0,1,0,1,0,0,0
1023,1,1,1,1,2,1,2,1,1,1,1,0.928571429,0,1,0,0,0,0,0,0,1,0,1,0,0,0,1,0
1024,1,1,1,0,2,2,2,1,1,1,1,0.928571429,1,0,0,0,0,1,0,0,0,0,1,0,0,1,0,0
1025,1,1,1,0,2,1,2,1,1,1,0,0.785714286,0,1,0,0,0,1,0,0,0,0,1,0,1,0,0,0
1026,1,0,1,1,2,1,1,1,1,1,1,0.785714286,0,1,0,0,0,0,1,0,0,0,1,0,0,0,1,0
1027,1,1,1,0,2,2,2,1,1,1,1,0.928571429,0,0,1,0,0,1,0,0,0,0,1,0,0,1,0,0
1028,1,1,1,1,2,1,2,1,1,1,1,0.928571429,1,0,0,0,0,1,0,0,0,0,1,0,1,0,0,0
1029,1,0,1,1,2,2,2,1,1,1,0,0.857142857,1,0,0,0,0,1,0,0,0,0,1,0,0,1,0,0
1030,1,0,1,0,0,1,1,1,1,1,0,0.5,1,0,0,0,0,0,1,0,0,0,1,0,0,1,0,0
1031,1,1,1,1,2,1,2,1,1,1,1,0.928571429,0,1,0,0,0,1,0,0,0,0,1,0,0,0,1,0
1032,1,0,1,0,1,2,2,1,1,1,1,0.785714286,1,0,0,0,0,0,0,1,0,0,1,0,0,0,1,0
1033,1,1,1,0,2,2,1,0,0,0,0,0.571428571,0,1,0,0,0,1,0,0,0,0,1,0,0,1,0,0
1034,1,0,1,1,2,2,1,1,1,1,0,0.785714286,0,1,0,0,0,1,0,0,0,0,1,0,1,0,0,0
1036,1,1,1,1,2,2,2,1,1,1,0,0.928571429,1,0,0,0,0,1,0,0,0,0,1,0,1,0,0,0
1037,1,1,1,0,2,2,1,1,1,1,1,0.857142857,0,1,0,0,0,0,0,0,1,0,1,0,0,0,0,1
1038,1,1,1,1,2,2,1,1,1,1,1,0.928571429,0,1,0,0,0,1,0,0,0,0,1,0,0,1,0,0
1039,1,1,0,0,0,0,0,0,0,0,0,0.142857143,1,0,0,0,0,0,0,0,1,0,1,0,0,0,0,1
1040,0,1,1,1,2,2,2,1,1,1,1,0.928571429,0,1,0,0,0,1,0,0,0,0,1,0,1,0,0,0
1041,1,0,1,1,2,2,2,1,1,1,1,0.928571429,0,0,0,1,0,1,0,0,0,0,1,0,0,0,0,1
1042,1,1,1,0,2,2,2,1,1,1,1,0.928571429,0,1,0,0,0,1,0,0,0,0,1,0,0,0,1,0
1043,0,1,1,0,2,2,1,0,0,0,0,0.5,0,1,0,0,0,1,0,0,0,0,1,0,1,0,0,0
1044,1,0,1,1,2,1,2,1,1,1,1,0.857142857,1,0,0,0,0,1,0,0,0,0,1,0,1,0,0,0
1045,1,1,1,1,2,2,2,1,1,1,0,0.928571429,0,1,0,0,0,1,0,0,0,0,1,0,0,1,0,0
1046,1,0,1,0,2,2,2,1,1,1,0,0.785714286,1,0,0,0,0,0,0,1,0,0,1,0,0,0,1,0
1047,1,0,1,1,2,2,1,1,1,1,1,0.857142857,1,0,0,0,0,1,0,0,0,0,1,0,1,0,0,0
1048,1,1,1,1,1,1,2,1,1,1,1,0.857142857,0,1,0,0,0,0,0,0,0,1,1,0,0,0,0,1
1049,1,0,0,0,0,0,0,0,0,0,0,0.071428571,1,0,0,0,0,1,0,0,0,0,1,0,1,0,0,0
1050,1,1,0,0,0,0,0,0,0,0,0,0.142857143,0,1,0,0,0,1,0,0,0,0,1,0,1,0,0,0
1051,1,0,1,0,2,2,2,1,1,1,0,0.785714286,1,0,0,0,0,1,0,0,0,0,1,0,0,1,0,0
1052,1,0,1,0,1,1,1,0,0,0,0,0.357142857,1,0,0,0,0,0,0,0,1,0,1,0,1,0,0,0
1053,1,0,1,1,2,2,2,1,1,1,0,0.857142857,0,1,0,0,0,0,0,1,0,0,1,0,0,0,1,0
1054,1,0,1,1,2,2,1,1,1,1,1,0.857142857,1,0,0,0,0,0,0,0,1,0,1,0,0,0,1,0
1055,1,1,1,1,2,0,1,1,1,1,1,0.785714286,0,0,0,1,0,1,0,0,0,0,1,0,1,0,0,0
1056,1,1,1,1,2,1,2,1,1,1,0,0.857142857,1,0,0,0,0,1,0,0,0,0,1,0,0,1,0,0
1057,1,0,1,1,2,2,2,1,1,1,0,0.857142857,1,0,0,0,0,0,0,1,0,0,1,0,0,0,0,1
1058,1,0,1,0,2,2,1,1,1,1,0,0.714285714,1,0,0,0,0,0,0,0,1,0,1,0,0,1,0,0
1059,1,0,1,0,1,1,1,1,1,1,1,0.642857143,1,0,0,0,0,0,0,1,0,0,1,0,1,0,0,0
1060,1,0,1,1,2,2,2,1,1,1,1,0.928571429,1,0,0,0,0,1,0,0,0,0,1,0,0,0,1,0
1061,1,1,1,0,2,2,1,0,0,0,0,0.571428571,1,0,0,0,0,1,0,0,0,0,1,0,0,1,0,0
1062,1,1,1,1,2,2,2,1,1,1,1,1,0,1,0,0,0,1,0,0,0,0,1,0,0,1,0,0
1063,1,1,1,0,2,2,2,1,1,1,1,0.928571429,0,1,0,0,0,0,0,1,0,0,1,0,0,0,0,1
1064,1,1,1,0,2,2,2,1,1,1,1,0.928571429,0,1,0,0,0,0,0,1,0,0,1,0,0,0,0,1
1065,1,1,1,1,2,1,1,1,1,1,1,0.857142857,0,1,0,0,0,1,0,0,0,0,1,0,1,0,0,0
1066,1,1,1,0,2,0,1,1,1,1,1,0.714285714,0,1,0,0,0,1,0,0,0,0,1,0,0,0,1,0
1067,1,0,1,0,2,1,1,1,1,1,0,0.642857143,1,0,0,0,0,0,0,1,0,0,1,0,0,0,1,0
1068,1,1,1,1,2,2,2,1,1,1,0,0.928571429,1,0,0,0,0,1,0,0,0,0,1,0,0,0,1,0
1069,1,1,0,0,0,0,0,0,0,0,0,0.142857143,0,1,0,0,0,0,0,1,0,0,1,0,0,0,0,1
1070,1,1,1,1,2,2,2,1,1,1,1,1,0,0,0,1,0,1,0,0,0,0,1,0,0,0,1,0
1071,1,1,1,0,1,2,2,1,1,1,1,0.857142857,1,0,0,0,0,0,0,1,0,0,1,0,0,0,1,0
1072,1,1,1,0,2,2,2,1,1,1,0,0.857142857,1,0,0,0,0,1,0,0,0,0,1,0,1,0,0,0
1073,1,1,1,0,2,2,1,1,1,1,1,0.857142857,0,1,0,0,0,0,0,0,1,0,1,0,0,0,0,1
1074,1,1,1,0,2,1,1,0,0,0,0,0.5,0,1,0,0,0,0,0,1,0,0,1,0,0,0,1,0
1075,1,1,1,0,1,1,1,1,1,1,1,0.714285714,0,1,0,0,0,1,0,0,0,0,1,0,0,1,0,0
1076,1,1,1,1,2,2,2,1,1,1,1,1,0,1,0,0,0,0,1,0,0,0,1,0,0,0,0,1
1077,1,1,1,1,2,2,1,1,1,1,0,0.857142857,1,0,0,0,0,1,0,0,0,0,1,0,1,0,0,0
1078,1,1,1,1,2,2,1,1,1,1,1,0.928571429,0,1,0,0,0,1,0,0,0,0,1,0,1,0,0,0
1079,1,0,1,1,2,1,1,1,1,1,0,0.714285714,0,1,0,0,0,1,0,0,0,0,1,0,0,1,0,0
1080,1,1,1,1,2,2,2,1,1,1,0,0.928571429,1,0,0,0,0,0,1,0,0,0,1,0,0,0,1,0
1081,1,0,1,1,2,2,2,1,1,1,1,0.928571429,0,1,0,0,0,0,0,1,0,0,1,0,0,0,0,1
1082,1,0,1,1,2,2,1,1,1,1,0,0.785714286,0,1,0,0,0,1,0,0,0,0,1,0,1,0,0,0
1083,1,1,1,1,2,2,2,0,0,0,0,0.714285714,0,0,1,0,0,0,1,0,0,0,1,0,1,0,0,0
1084,1,1,1,1,2,2,2,1,1,1,0,0.928571429,1,0,0,0,0,1,0,0,0,0,1,0,1,0,0,0
1085,1,1,1,0,2,2,1,1,1,1,1,0.857142857,1,0,0,0,0,1,0,0,0,0,1,0,0,1,0,0
1086,1,1,1,0,2,1,1,1,1,1,1,0.785714286,0,1,0,0,0,1,0,0,0,0,1,0,0,0,1,0
1087,1,0,1,0,2,1,1,1,1,1,1,0.714285714,1,0,0,0,0,0,0,1,0,0,1,0,0,0,0,1
1088,1,1,1,0,2,2,2,1,1,1,1,0.928571429,1,0,0,0,0,0,1,0,0,0,1,0,0,0,1,0
1089,1,1,1,0,2,2,2,1,1,1,1,0.928571429,1,0,0,0,0,0,0,1,0,0,1,0,0,0,1,0
1090,1,1,1,0,2,2,2,1,1,1,1,0.928571429,1,0,0,0,0,0,0,1,0,0,1,0,0,0,1,0
1091,1,0,1,1,2,2,2,1,1,1,0,0.857142857,1,0,0,0,0,0,0,0,1,0,1,0,0,1,0,0
1092,1,1,1,1,2,2,2,1,1,1,1,1,0,1,0,0,0,0,0,1,0,0,1,0,0,0,1,0
1093,1,0,1,0,2,2,2,0,0,0,0,0.571428571,0,1,0,0,0,0,0,1,0,0,1,0,1,0,0,0
1094,1,1,0,0,0,0,0,0,0,0,0,0.142857143,0,1,0,0,0,0,0,1,0,0,1,0,0,0,1,0
1095,1,1,1,1,2,2,2,1,1,1,1,1,0,1,0,0,0,1,0,0,0,0,1,0,1,0,0,0
1096,1,1,1,1,2,2,2,1,1,1,0,0.928571429,1,0,0,0,0,0,0,1,0,0,1,0,0,0,1,0
1097,1,1,1,0,2,2,1,1,1,1,1,0.857142857,0,0,0,1,0,1,0,0,0,0,1,0,1,0,0,0
1098,1,1,1,0,2,2,2,1,1,1,1,0.928571429,0,1,0,0,0,0,1,0,0,0,1,0,0,0,1,0
1099,1,1,1,0,2,2,2,1,1,1,1,0.928571429,1,0,0,0,0,0,0,1,0,0,1,0,0,0,1,0
1100,1,1,1,1,2,2,2,1,1,1,0,0.928571429,1,0,0,0,0,1,0,0,0,0,1,0,0,0,1,0
1357,1,1,1,1,2,2,1,1,1,1,1,0.928571429,1,0,0,0,0,0,0,0,1,0,1,0,0,1,0,0