respondent_id,Q2,Q3,Q4,Q7,Q20,Q30,practice_composite
1,1,1,1,0.5,1,0,0.75
2,1,1,1,1,0.5,1,0.916666667
3,1,1,0.5,1,0.5,1,0.833333333
4,0,0,0,1,1,0,0.333333333
5,1,0.5,1,0.5,1,1,0.833333333
6,0.5,0.5,1,0.5,0,0,0.416666667
7,0,0,1,0.5,1,0,0.416666667
9,0,0,0,1,1,0,0.333333333
11,0,0,0.5,1,1,0,0.416666667
14,1,1,1,0.5,1,0,0.75
16,0.5,0.5,1,0.5,1,1,0.75
17,0.5,0,0.5,1,1,1,0.666666667
19,0.5,1,1,0,1,1,0.75
21,0.5,0.5,1,1,1,0,0.666666667
47,1,0.5,1,1,0.5,0,0.666666667
50,0,0.5,1,0.5,0.5,0,0.416666667
55,1,1,1,0.5,1,0,0.75
77,1,1,1,0.5,0.5,0,0.666666667
78,1,1,1,1,1,0,0.833333333
79,1,1,1,0.5,0.5,1,0.833333333
80,0,0,0,0.5,1,1,0.416666667
81,1,0.5,0.5,0,0.5,0,0.416666667
82,1,1,0,1,0,0,0.5
83,0,0,0,0.5,1,1,0.416666667
84,0,0.5,0,1,1,0,0.416666667
85,0,0.5,0.5,0.5,1,1,0.583333333
86,1,0.5,0.5,0.5,0.5,0,0.5
87,1,1,1,1,0.5,0,0.75
88,0.5,0.5,1,1,1,0,0.666666667
89,0.5,0.5,0.5,0.5,1,0,0.5
90,1,1,1,1,1,0,0.833333333
91,0,0,0,1,1,1,0.5
92,0,0,0.5,1,1,1,0.583333333
93,0,0,0.5,0.5,1,0,0.333333333
94,0,0,0,1,1,0,0.333333333
95,0.5,1,1,0.5,0.5,0,0.583333333
96,0,0,0,0,1,0,0.166666667
97,0.5,0.5,1,0.5,1,0,0.583333333
98,0.5,0.5,0,1,1,0,0.5
99,0.5,0.5,1,0.5,0.5,1,0.666666667
100,1,1,0.5,0.5,1,0,0.666666667
101,1,1,1,0.5,1,0,0.75
102,0.5,1,1,1,1,1,0.916666667
103,1,1,1,0.5,1,0,0.75
104,0,0,0,1,1,1,0.5
105,1,1,1,1,0.5,1,0.916666667
106,0.5,0.5,1,0.5,1,1,0.75
107,0,0.5,0,0,1,0,0.25
108,0.5,1,1,0.5,1,1,0.833333333
109,1,1,1,1,1,1,1
110,1,1,0.5,0.5,1,0,0.666666667
111,0,0.5,0,1,1,0,0.416666667
112,0,0,1,1,0.5,1,0.583333333
113,0,0,1,0,0.5,1,0.416666667
114,0.5,1,1,0.5,0.5,0,0.583333333
115,0.5,1,1,0.5,1,0,0.666666667
116,1,1,0.5,1,1,1,0.916666667
117,0.5,0,1,0.5,1,1,0.666666667
118,1,1,1,0.5,0.5,1,0.833333333
119,0,0,0,0,1,1,0.333333333
120,0.5,1,1,0.5,0.5,1,0.75
121,0.5,0,1,0,1,0,0.416666667
122,0.5,0,1,0,1,1,0.583333333
123,0.5,0,1,0,1,1,0.583333333
124,0.5,1,1,1,1,0,0.75
125,1,1,1,0,1,0,0.666666667
126,0,1,1,0.5,1,0,0.583333333
127,0,0,0,1,0,1,0.333333333
128,0,0,1,1,1,1,0.666666667
129,1,0,0,0.5,0,0,0.25
130,0,0.5,0,0,0,0,0.083333333
131,0,0,0,0.5,1,1,0.416666667
132,1,0.5,0.5,0.5,1,1,0.75
133,0.5,0,1,0.5,1,1,0.666666667
134,1,1,1,0.5,0.5,1,0.833333333
135,0,0,1,1,1,0,0.5
136,0,0,0,0.5,1,0,0.25
137,0.5,0.5,1,1,0.5,0,0.583333333
138,1,0.5,1,0.5,1,1,0.833333333
139,0.5,1,1,0,1,1,0.75
140,0,0.5,0,0.5,1,1,0.5
141,0.5,1,1,1,1,0,0.75
142,0.5,1,1,0,1,1,0.75
143,0.5,0.5,1,0.5,1,0,0.583333333
144,1,1,1,1,1,0,0.833333333
145,1,1,0.5,0,0,0,0.416666667
146,1,0.5,1,1,1,1,0.916666667
147,1,0.5,1,1,1,0,0.75
148,0.5,1,1,0,1,1,0.75
149,0,1,0,0.5,0.5,1,0.5
150,0,1,0,0.5,1,0,0.416666667
151,0.5,0.5,1,0.5,1,0,0.583333333
152,1,1,1,0.5,1,1,0.916666667
153,0.5,0.5,1,0.5,0.5,0,0.5
154,0.5,0.5,1,0.5,0.5,1,0.666666667
155,0,0.5,0,0.5,0,1,0.333333333
156,1,0.5,1,0,1,0,0.583333333
157,1,1,0.5,0.5,1,1,0.833333333
158,1,1,1,0,1,0,0.666666667
159,1,1,1,0.5,1,0,0.75
160,1,1,0.5,0.5,0.5,0,0.583333333
161,0.5,0.5,1,0.5,1,1,0.75
162,0.5,0.5,0.5,0.5,0.5,0,0.416666667
163,0.5,0.5,1,0.5,0.5,1,0.666666667
164,1,1,1,0,1,0,0.666666667
165,1,1,1,0,0.5,0,0.583333333
166,1,1,1,1,1,0,0.833333333
167,0.5,1,1,1,0,1,0.75
168,1,0.5,0.5,0.5,1,1,0.75
169,0,0,0,0.5,1,0,0.25
171,0.5,0.5,0,1,0,0,0.333333333
172,1,0.5,0,0.5,1,0,0.5
173,0.5,1,1,0.5,1,0,0.666666667
174,0.5,1,1,0.5,0,1,0.666666667
175,0,0.5,0,0.5,1,0,0.333333333
176,0.5,0.5,1,0,0.5,0,0.416666667
177,0.5,0,1,0.5,1,0,0.5
178,1,1,0.5,0.5,1,1,0.833333333
179,0,0,1,0.5,1,0,0.416666667
180,1,0,1,0.5,0.5,1,0.666666667
181,0.5,0.5,1,0.5,1,0,0.583333333
182,0,0,1,1,1,0,0.5
183,0.5,1,1,1,1,0,0.75
184,1,1,0.5,0.5,1,0,0.666666667
185,0,0,0,1,1,0,0.333333333
186,0.5,0.5,1,0.5,0.5,0,0.5
187,0.5,1,1,1,1,0,0.75
188,0,0,1,1,1,0,0.5
189,0,0.5,0,0,0.5,0,0.166666667
190,0.5,0.5,0.5,0.5,0.5,0,0.416666667
191,0.5,0.5,1,0.5,1,1,0.75
192,1,1,1,0.5,1,0,0.75
193,0.5,1,1,0.5,0.5,1,0.75
194,0,0,0,0.5,0,0,0.083333333
195,0.5,0.5,0.5,0.5,1,0,0.5
196,0.5,1,1,0.5,1,1,0.833333333
197,0.5,1,0.5,1,1,0,0.666666667
198,0.5,1,1,0.5,0.5,0,0.583333333
199,1,0.5,1,1,1,0,0.75
200,0.5,1,1,0.5,1,1,0.833333333
201,0.5,1,0.5,0,1,0,0.5
202,0.5,1,1,0.5,1,0,0.666666667
203,0,0,0,0.5,1,1,0.416666667
204,1,1,1,0.5,1,1,0.916666667
205,1,0.5,0,0.5,1,0,0.5
206,0.5,0.5,1,0.5,1,0,0.583333333
207,0.5,0,1,0.5,1,1,0.666666667
208,0.5,1,1,0,0.5,1,0.666666667
209,0.5,1,1,1,1,0,0.75
210,0.5,1,1,0.5,1,1,0.833333333
211,1,1,1,0.5,1,0,0.75
212,0.5,0,1,0.5,1,0,0.5
213,0,0,0,0.5,0.5,1,0.333333333
214,1,0.5,1,1,1,0,0.75
215,0,0.5,0.5,0.5,1,0,0.416666667
216,1,0.5,0.5,1,1,1,0.833333333
217,0.5,1,0.5,0,1,1,0.666666667
218,0,0,0,1,1,0,0.333333333
219,0,0.5,0.5,0.5,1,1,0.583333333
220,0,0.5,0,0,1,0,0.25
221,0,1,0,0.5,1,0,0.416666667
222,0,1,0.5,1,1,1,0.75
223,0.5,0.5,0.5,1,0.5,0,0.5
224,1,0.5,1,0.5,1,0,0.666666667
225,0.5,1,1,1,1,1,0.916666667
226,0.5,1,0,0.5,1,1,0.666666667
227,1,0.5,0.5,0.5,1,0,0.583333333
228,0,0.5,0,0.5,1,1,0.5
229,0.5,0.5,1,0.5,1,0,0.583333333
230,1,1,1,0.5,0.5,0,0.666666667
231,0,0.5,0,0.5,1,0,0.333333333
232,0,0.5,0,0.5,1,0,0.333333333
233,1,1,0.5,0.5,1,1,0.833333333
234,0,0.5,0.5,0.5,1,0,0.416666667
235,0.5,0.5,1,0.5,1,1,0.75
236,0,0.5,0,1,1,0,0.416666667
237,0.5,0,0.5,0,1,0,0.333333333
238,1,1,1,0.5,1,1,0.916666667
239,0.5,0.5,1,1,1,0,0.666666667
240,0,1,1,0,1,0,0.5
241,0.5,0,1,1,1,1,0.75
242,1,1,0,0,1,1,0.666666667
243,0.5,1,0,0.5,0.5,1,0.583333333
244,0.5,1,1,0,0,0,0.416666667
245,1,0.5,1,0.5,0.5,0,0.583333333
246,0.5,1,1,0.5,1,1,0.833333333
247,0.5,0,1,1,1,0,0.583333333
248,1,1,1,0.5,1,1,0.916666667
249,1,1,1,0.5,1,0,0.75
250,1,0,0.5,1,1,0,0.583333333
251,0.5,1,0.5,0.5,1,1,0.75
252,0.5,1,1,1,0.5,1,0.833333333
253,0.5,0.5,1,0,0.5,0,0.416666667
254,1,1,0.5,0.5,0,0,0.5
255,0.5,0,0.5,0.5,1,1,0.583333333
256,1,0,1,0.5,0.5,0,0.5
257,1,1,1,1,1,0,0.833333333
258,0.5,1,0.5,0.5,1,1,0.75
259,0,0,0.5,0.5,1,1,0.5
260,0.5,1,1,0,1,1,0.75
261,0,0,0,1,1,0,0.333333333
262,1,1,1,0,1,0,0.666666667
263,1,1,1,1,0.5,0,0.75
264,0,0,0,1,0.5,0,0.25
265,0.5,1,1,0.5,0.5,1,0.75
266,0.5,0,0,0.5,1,0,0.333333333
267,0,0,0.5,0,1,1,0.416666667
268,0.5,0.5,1,1,0.5,0,0.583333333
269,0.5,1,1,1,1,1,0.916666667
270,0.5,1,0.5,1,1,0,0.666666667
271,0.5,0.5,1,1,1,1,0.833333333
272,1,1,1,1,1,0,0.833333333
273,0,0,1,0,1,1,0.5
274,0.5,0.5,1,0.5,1,0,0.583333333
275,1,0.5,1,0.5,1,0,0.666666667
276,1,0.5,1,0.5,0.5,0,0.583333333
277,0,1,1,1,1,1,0.833333333
278,1,1,0,0.5,1,0,0.583333333
279,0,0,0.5,1,1,1,0.583333333
280,0,0,0.5,0.5,0.5,0,0.25
281,0.5,1,1,0,1,0,0.583333333
282,0,0.5,0,0.5,1,0,0.333333333
283,1,1,1,0.5,1,0,0.75
284,1,1,1,0.5,1,1,0.916666667
285,0,0,1,0.5,0.5,0,0.333333333
286,1,0.5,0,0.5,1,0,0.5
287,0.5,1,1,0.5,0.5,0,0.583333333
288,0.5,0.5,1,0.5,0.5,1,0.666666667
289,1,1,0.5,0.5,1,0,0.666666667
290,0.5,1,1,1,1,0,0.75
291,1,0.5,0,0.5,1,1,0.666666667
292,0,0.5,1,0,1,0,0.416666667
293,1,1,0.5,1,1,1,0.916666667
294,1,1,1,0.5,1,0,0.75
295,1,1,0,1,1,0,0.666666667
296,1,1,1,0.5,0.5,1,0.833333333
297,0.5,1,1,0,1,0,0.583333333
298,1,1,1,0.5,1,1,0.916666667
299,0,0,1,0.5,1,1,0.583333333
300,0,0.5,1,1,0.5,0,0.5
301,0.5,0.5,1,0.5,1,0,0.583333333
302,1,1,0.5,0.5,1,0,0.666666667
303,0.5,1,0.5,0.5,1,1,0.75
304,1,1,0,0.5,0.5,1,0.666666667
305,1,1,1,0.5,1,1,0.916666667
306,0.5,0,1,1,1,0,0.583333333
307,1,1,0.5,1,1,0,0.75
308,0,0,0,0,1,0,0.166666667
309,1,1,1,0.5,1,1,0.916666667
310,1,1,1,0.5,1,1,0.916666667
311,0,0.5,0,1,0,1,0.416666667
312,0,0.5,0,1,0.5,0,0.333333333
313,0,0,0,0,0.5,0,0.083333333
314,0,0.5,0,1,1,0,0.416666667
315,1,1,1,0,1,0,0.666666667
316,0.5,1,0.5,0.5,1,0,0.583333333
317,0,0.5,1,0.5,1,0,0.5
318,0.5,0.5,1,1,1,0,0.666666667
319,1,1,0.5,1,1,0,0.75
320,0,0.5,0.5,0.5,0.5,0,0.333333333
321,0,0.5,0,1,1,0,0.416666667
322,0.5,1,0.5,0,1,1,0.666666667
323,0,0,0,0.5,1,0,0.25
324,0.5,1,1,1,1,1,0.916666667
325,0.5,0,1,0.5,1,0,0.5
326,0.5,0,0,0,1,1,0.416666667
327,0.5,0.5,0,0,1,0,0.333333333
328,1,1,1,1,0.5,0,0.75
329,0,0,0,0.5,0,0,0.083333333
330,1,0.5,1,0,1,1,0.75
331,0,0,0,0.5,0.5,0,0.166666667
332,0.5,0,1,0.5,0.5,1,0.583333333
333,0,0.5,1,0.5,1,0,0.5
334,1,0.5,1,0,1,1,0.75
335,0,1,0,0.5,1,1,0.583333333
336,0.5,0.5,1,0.5,0,1,0.583333333
337,0.5,0.5,0.5,0,0.5,0,0.333333333
338,0,1,0,1,0,0,0.333333333
339,0,0,0,0.5,1,1,0.416666667
340,0.5,0.5,1,0.5,0.5,1,0.666666667
341,0,0,0,0.5,1,1,0.416666667
342,0,0,0,0,0.5,1,0.25
343,0,0,1,1,1,1,0.666666667
344,0,0.5,0.5,0.5,1,1,0.583333333
345,0.5,0,0.5,0.5,1,0,0.416666667
346,0,0.5,0,0.5,0,1,0.333333333
347,0,1,0,0.5,1,0,0.416666667
348,0,0,0,0.5,1,1,0.416666667
349,0,0,0.5,0.5,1,0,0.333333333
350,0,0.5,1,0.5,0,0,0.333333333
351,0,0.5,0,0.5,1,0,0.333333333
352,1,1,1,1,0.5,1,0.916666667
353,0.5,1,1,1,1,1,0.916666667
354,0.5,0,1,0.5,0.5,1,0.583333333
355,0.5,0.5,1,0.5,1,1,0.75
356,1,1,1,1,0.5,1,0.916666667
357,0,0.5,1,0,1,1,0.583333333
358,0.5,0.5,1,1,1,0,0.666666667
359,0.5,0.5,1,1,1,1,0.833333333
360,0,0.5,1,0.5,1,0,0.5
361,0,0,0.5,1,0.5,0,0.333333333
362,0,0,0,1,0.5,0,0.25
363,1,0.5,0.5,0.5,0,0,0.416666667
364,0.5,1,1,1,1,0,0.75
365,0.5,0.5,0.5,0.5,1,1,0.666666667
366,0.5,0,1,0.5,1,0,0.5
367,0,0,0,0,1,0,0.166666667
369,1,0.5,1,1,1,1,0.916666667
370,1,1,0.5,0.5,0,1,0.666666667
371,1,1,0.5,0.5,1,0,0.666666667
372,0.5,1,1,1,1,1,0.916666667
373,0.5,1,1,0.5,1,0,0.666666667
374,1,1,1,0.5,1,1,0.916666667
375,0.5,0,0,0.5,1,0,0.333333333
376,0,0.5,0,1,1,0,0.416666667
378,0.5,1,1,0,0.5,1,0.666666667
379,0,0.5,0.5,0.5,1,0,0.416666667
380,0.5,0.5,1,0.5,1,0,0.583333333
381,0.5,0.5,0.5,1,1,1,0.75
382,0.5,0.5,1,0,1,0,0.5
383,0.5,0,0.5,0.5,0.5,0,0.333333333
384,0,0,0,0.5,0,0,0.083333333
385,0.5,0.5,1,1,1,1,0.833333333
386,0.5,0.5,1,1,1,1,0.833333333
387,0,1,1,1,0.5,1,0.75
388,1,1,1,1,1,0,0.833333333
389,0.5,1,0.5,1,0.5,1,0.75
390,1,1,1,0.5,1,0,0.75
391,0,0,0.5,0.5,1,0,0.333333333
392,0.5,0,1,0.5,1,0,0.5
393,0,0,0,0,1,0,0.166666667
394,1,0.5,0.5,0.5,1,0,0.583333333
395,1,0.5,1,0.5,1,0,0.666666667
396,1,0.5,0,0.5,0.5,1,0.583333333
397,1,1,1,0,1,1,0.833333333
398,0.5,0.5,1,0.5,1,1,0.75
399,0,0,0.5,0,1,1,0.416666667
400,0.5,0,1,1,0.5,0,0.5
401,0,0,0,0.5,1,0,0.25
402,1,1,1,0.5,1,0,0.75
403,0.5,1,1,0,1,1,0.75
404,0.5,1,0.5,0.5,1,1,0.75
405,0.5,0.5,1,0.5,1,0,0.583333333
406,0,0,0,0.5,1,1,0.416666667
407,1,0.5,1,0.5,0.5,0,0.583333333
408,0.5,0.5,1,0.5,0.5,0,0.5
409,0.5,0.5,1,0.5,1,0,0.583333333
410,0,0,0,1,1,1,0.5
411,0,0.5,0,0,0.5,0,0.166666667
412,0.5,0.5,1,0.5,0.5,1,0.666666667
413,1,1,1,0.5,0,0,0.583333333
414,0,0.5,0,0,1,0,0.25
415,0.5,1,0.5,0.5,1,0,0.583333333
416,0.5,1,0,0.5,0.5,0,0.416666667
417,1,1,1,0,0.5,0,0.583333333
418,0,1,1,1,1,0,0.666666667
419,1,1,1,1,1,0,0.833333333
420,0,0,1,0.5,1,1,0.583333333
421,0.5,0.5,1,1,0.5,0,0.583333333
422,0,0,0,0.5,1,0,0.25
423,1,1,1,0.5,1,1,0.916666667
424,1,0,1,0.5,0,1,0.583333333
425,0,0,0,1,1,1,0.5
426,1,0.5,0.5,0.5,1,0,0.583333333
427,1,0.5,1,1,0,0,0.583333333
428,1,0.5,1,0.5,0.5,1,0.75
429,1,1,1,0.5,1,1,0.916666667
430,0.5,1,1,0.5,1,0,0.666666667
431,1,1,1,0,1,1,0.833333333
432,0.5,0.5,1,1,1,0,0.666666667
433,0,0.5,0,0.5,0.5,0,0.25
434,1,1,1,0,1,1,0.833333333
435,0,0.5,0,0,1,0,0.25
436,0,0,0,1,1,1,0.5
437,1,1,1,0.5,1,0,0.75
438,1,1,0.5,0,1,0,0.583333333
439,1,0.5,1,0.5,1,0,0.666666667
440,0,0,0.5,0.5,1,0,0.333333333
441,0,0,0,0.5,1,0,0.25
442,1,0.5,1,0.5,0.5,0,0.583333333
443,0.5,1,0,1,1,1,0.75
444,0.5,1,1,0.5,0.5,0,0.583333333
445,0.5,1,1,0.5,1,0,0.666666667
446,0,0,1,0.5,1,0,0.416666667
447,0.5,1,1,0,1,1,0.75
448,0.5,0.5,1,0.5,1,0,0.583333333
449,0.5,0.5,0.5,0.5,1,0,0.5
450,0,0.5,1,0.5,0.5,0,0.416666667
451,0.5,1,1,0.5,1,0,0.666666667
452,0,0,0,0.5,1,1,0.416666667
453,0.5,1,1,0.5,0.5,0,0.583333333
454,0,0.5,0.5,0.5,1,0,0.416666667
455,0,0,1,1,0.5,1,0.583333333
456,1,1,1,0.5,0.5,1,0.833333333
457,0,0.5,0,0.5,1,1,0.5
458,1,1,0.5,1,0.5,1,0.833333333
459,0.5,1,1,0.5,1,0,0.666666667
460,0,0,0.5,0,0,0,0.083333333
461,0,0,0,0,0.5,1,0.25
462,0,0.5,0.5,0,1,1,0.5
463,0.5,1,1,0.5,1,1,0.833333333
464,0.5,0.5,1,1,1,0,0.666666667
465,0,0.5,0,1,0.5,0,0.333333333
466,0,0.5,0,1,1,1,0.583333333
467,0,0,0,1,1,1,0.5
468,0,0.5,0,0,0.5,0,0.166666667
469,0.5,0.5,1,1,1,0,0.666666667
470,0.5,1,1,0,0.5,1,0.666666667
471,0.5,1,1,0,1,1,0.75
472,0,0.5,0,0,0.5,0,0.166666667
473,0,0.5,0,1,0.5,0,0.333333333
474,1,1,1,1,1,1,1
475,0,0.5,0.5,0.5,1,1,0.583333333
476,1,1,1,0.5,1,1,0.916666667
477,0.5,1,1,1,1,1,0.916666667
478,0,0,0,1,0,0,0.166666667
479,0,0.5,0,0.5,1,0,0.333333333
480,0.5,1,0.5,0.5,1,1,0.75
481,1,1,0,0.5,1,0,0.583333333
482,0.5,0,1,0.5,1,1,0.666666667
483,0,0,0,0.5,0.5,0,0.166666667
484,0.5,0.5,1,0.5,1,1,0.75
485,0,0.5,0.5,0.5,1,0,0.416666667
486,1,1,0.5,0,1,1,0.75
487,1,1,1,0.5,1,0,0.75
488,0,0,0.5,0.5,0,0,0.166666667
489,0,0,0,0.5,1,0,0.25
490,1,1,0.5,0.5,1,0,0.666666667
491,0,0,0,0.5,1,0,0.25
492,1,0.5,1,1,1,1,0.916666667
493,1,1,1,0.5,1,0,0.75
494,1,1,0.5,0.5,1,1,0.833333333
495,0.5,0,0,0,1,0,0.25
496,0.5,1,1,0.5,1,0,0.666666667
497,0,0,0,0.5,1,0,0.25
498,0,0.5,0,1,1,1,0.583333333
499,0,0,0,1,1,1,0.5
500,0.5,1,1,0.5,1,0,0.666666667
501,0,0,0,0.5,0,1,0.25
502,1,1,1,0.5,1,0,0.75
503,0.5,1,1,1,1,1,0.916666667
504,0.5,0,1,0.5,1,1,0.666666667
505,1,1,0.5,0.5,1,0,0.666666667
506,1,1,1,1,1,0,0.833333333
507,0,0,0,1,0.5,1,0.416666667
508,0.5,0,1,1,0,1,0.583333333
509,0,0,0,1,1,0,0.333333333
510,0,0.5,0,0,1,0,0.25
511,0,0,0.5,0,1,1,0.416666667
512,0.5,0.5,1,0.5,1,0,0.583333333
513,0.5,0.5,0.5,0,1,0,0.416666667
514,0.5,0.5,1,0.5,1,1,0.75
515,0.5,0.5,1,0.5,0,0,0.416666667
516,0.5,1,0.5,0.5,1,1,0.75
517,0.5,1,1,0.5,0.5,0,0.583333333
518,0.5,0.5,1,0.5,1,0,0.583333333
519,0.5,0,1,1,1,1,0.75
520,1,1,0,0.5,1,0,0.583333333
521,0.5,1,1,0.5,1,0,0.666666667
522,0.5,0,1,1,1,1,0.75
523,0,0.5,0,0,0.5,1,0.333333333
524,0,0.5,0,0.5,0.5,0,0.25
525,0.5,0.5,1,0,1,1,0.666666667
526,1,0.5,1,0.5,1,1,0.833333333
527,0.5,0.5,1,0.5,1,0,0.583333333
528,0,1,1,0,0,0,0.333333333
529,1,1,1,0.5,1,0,0.75
530,0.5,1,1,1,0.5,0,0.666666667
531,0.5,0.5,1,0,1,1,0.666666667
532,1,0.5,1,0.5,0.5,1,0.75
533,0,0.5,0,0.5,0.5,1,0.416666667
534,0,0,0,0.5,0.5,0,0.166666667
535,0.5,1,0,0.5,1,0,0.5
536,0.5,1,1,0.5,1,1,0.833333333
537,0,0,0,1,0.5,1,0.416666667
538,0.5,0.5,1,0.5,1,0,0.583333333
539,0.5,0.5,1,0,1,1,0.666666667
540,0.5,1,1,0.5,1,0,0.666666667
541,0.5,0.5,1,1,1,0,0.666666667
542,0,0,0,0.5,1,0,0.25
543,0.5,0.5,1,0,1,0,0.5
544,0,0.5,0,0,1,0,0.25
545,1,1,1,1,0.5,1,0.916666667
546,0.5,0.5,0.5,0.5,1,0,0.5
547,0.5,1,1,0,0.5,0,0.5
548,0,0,1,0.5,0.5,0,0.333333333
549,0,0,0,0.5,1,1,0.416666667
550,1,1,1,1,0.5,0,0.75
551,0,0,0.5,1,1,1,0.583333333
552,0.5,0,0.5,0.5,1,1,0.583333333
553,1,1,0.5,1,1,0,0.75
554,0.5,1,0.5,0.5,1,1,0.75
555,0,0,1,0,0.5,1,0.416666667
556,1,1,0,0.5,1,0,0.583333333
557,0.5,0.5,1,1,0.5,1,0.75
558,0,0.5,0.5,1,1,1,0.666666667
559,0,0,0,0.5,1,0,0.25
560,0,0,0,1,0,1,0.333333333
561,0.5,1,1,0.5,0.5,0,0.583333333
562,1,1,0.5,0.5,1,0,0.666666667
563,0,0.5,0,0.5,0.5,0,0.25
564,0,0,0,0.5,0.5,0,0.166666667
565,1,1,1,1,0.5,0,0.75
566,0,0.5,0,0,1,1,0.416666667
567,0,0,0.5,0.5,1,1,0.5
568,1,1,0.5,0.5,1,1,0.833333333
569,0.5,0.5,1,0.5,0.5,0,0.5
570,0.5,0.5,1,0,0.5,0,0.416666667
571,0.5,0.5,1,0.5,1,0,0.583333333
572,0,0,0,0.5,1,0,0.25
573,0.5,1,0.5,0,1,0,0.5
574,1,1,1,0.5,1,0,0.75
575,0.5,1,1,0.5,1,1,0.833333333
576,0.5,0.5,0.5,0.5,0.5,0,0.416666667
577,1,1,0.5,0,1,1,0.75
578,1,1,1,0.5,1,0,0.75
579,0,0.5,1,0.5,0.5,1,0.583333333
580,0.5,1,1,1,1,1,0.916666667
581,0,0,0,0,1,0,0.166666667
582,0,0,0.5,0.5,1,0,0.333333333
583,0.5,1,1,0.5,1,1,0.833333333
584,1,1,1,0,0,1,0.666666667
585,0.5,0,0,0.5,1,0,0.333333333
586,0,0,0,0.5,1,1,0.416666667
587,0,0,0,0.5,1,0,0.25
588,0,0,0.5,1,0,0,0.25
589,1,1,1,0.5,1,0,0.75
590,1,1,1,0.5,1,0,0.75
591,0,0,0,1,1,1,0.5
592,1,1,1,0.5,1,0,0.75
593,0.5,1,1,1,1,0,0.75
594,0.5,1,1,0.5,0.5,1,0.75
595,1,1,1,0,1,1,0.833333333
596,0.5,1,1,0.5,0.5,0,0.583333333
597,0,0,0,0.5,0,1,0.25
598,1,0.5,0.5,0.5,0.5,0,0.5
599,0.5,0,1,0.5,0.5,1,0.583333333
600,0,0.5,0,0.5,1,0,0.333333333
601,1,1,1,1,1,1,1
602,0,0,0,0.5,1,0,0.25
603,0.5,0.5,1,0.5,1,1,0.75
604,0,0,0.5,1,1,0,0.416666667
605,0.5,1,1,1,1,0,0.75
606,0.5,0.5,1,1,1,0,0.666666667
607,0.5,0,1,0.5,0,0,0.333333333
608,0.5,0,1,1,0.5,0,0.5
609,0.5,1,1,0,1,1,0.75
610,0.5,1,1,0.5,0.5,0,0.583333333
611,0,0,1,1,0.5,1,0.583333333
612,0.5,0.5,1,0.5,1,1,0.75
613,0.5,0.5,1,1,1,1,0.833333333
614,0,0.5,0,1,0.5,1,0.5
615,0,0.5,1,1,1,0,0.583333333
616,0,0,0.5,1,1,1,0.583333333
617,0.5,1,1,1,1,0,0.75
618,0.5,0.5,1,0.5,1,0,0.583333333
619,0.5,0,1,0,1,0,0.416666667
620,0.5,0.5,1,0.5,0.5,0,0.5
621,0,0.5,1,0.5,0.5,0,0.416666667
622,0.5,0,1,1,1,1,0.75
623,0.5,0.5,0.5,1,1,1,0.75
624,0,0,1,1,1,0,0.5
625,1,1,1,0.5,1,1,0.916666667
626,0.5,0.5,1,0.5,1,0,0.583333333
627,0.5,0.5,0.5,0.5,0,1,0.5
628,0.5,1,1,0.5,1,0,0.666666667
629,0,0,0,0.5,1,0,0.25
630,0,0,0.5,1,1,1,0.583333333
631,1,1,1,0,1,0,0.666666667
632,0.5,1,1,1,1,1,0.916666667
633,0.5,1,1,0.5,0.5,0,0.583333333
634,0,0,0,0.5,1,1,0.416666667
635,0,0,0.5,0,1,0,0.25
636,0.5,1,1,0.5,1,1,0.833333333
637,0,0,0.5,1,1,0,0.416666667
638,0.5,0.5,1,0.5,0.5,1,0.666666667
639,0.5,1,1,0.5,1,0,0.666666667
640,0.5,0.5,1,0.5,0.5,0,0.5
641,0,1,0.5,0.5,1,0,0.5
642,1,0.5,1,0.5,1,0,0.666666667
643,1,1,1,0.5,0,1,0.75
644,0.5,0.5,1,0.5,1,0,0.583333333
645,0.5,1,0.5,0.5,1,0,0.583333333
646,1,1,1,0.5,0.5,0,0.666666667
647,0,0,0,1,1,0,0.333333333
648,0.5,1,1,0,1,1,0.75
649,1,1,0.5,0,0,1,0.583333333
650,1,1,1,0.5,1,0,0.75
651,0,0,0,1,1,1,0.5
652,1,1,1,1,1,0,0.833333333
653,0.5,1,1,0.5,0.5,1,0.75
654,1,1,1,0.5,1,1,0.916666667
655,0,0,0,0.5,0.5,0,0.166666667
656,1,1,1,0.5,0.5,1,0.833333333
657,0,0,0,1,1,0,0.333333333
658,0,0,0,0.5,1,0,0.25
659,0,1,0,1,0,1,0.5
660,0,1,0,0.5,1,1,0.583333333
661,1,1,1,1,1,1,1
662,0.5,0.5,1,0,1,0,0.5
663,0.5,0.5,1,1,1,1,0.833333333
664,0.5,1,1,0.5,1,1,0.833333333
665,0,0,0,0.5,0.5,0,0.166666667
666,1,1,0.5,0.5,0.5,0,0.583333333
668,0.5,1,1,1,0.5,0,0.666666667
669,1,1,1,0.5,0.5,0,0.666666667
670,1,1,1,0.5,0.5,0,0.666666667
671,0.5,1,1,0.5,1,0,0.666666667
672,0.5,1,1,1,1,0,0.75
673,0.5,0.5,0.5,0,1,0,0.416666667
674,0,0,0,0.5,0.5,1,0.333333333
675,0.5,1,1,0.5,1,0,0.666666667
676,0.5,0.5,0,0,1,1,0.5
677,1,0.5,1,0.5,0.5,1,0.75
678,0.5,0.5,1,1,1,1,0.833333333
679,1,1,0,0.5,0.5,0,0.5
680,0,0.5,1,0.5,1,0,0.5
681,0.5,0.5,1,1,0.5,0,0.583333333
682,1,1,0.5,0.5,0.5,0,0.583333333
683,1,1,0.5,0.5,1,1,0.833333333
684,0,0.5,0,0,0,0,0.083333333
685,0.5,1,1,0.5,1,0,0.666666667
686,1,0.5,1,0.5,0.5,0,0.583333333
687,0.5,0.5,0,1,1,0,0.5
688,0,1,0.5,1,0,0,0.416666667
689,1,0.5,1,0.5,0.5,0,0.583333333
690,0,0.5,0,0.5,1,1,0.5
691,0.5,0.5,1,0.5,1,0,0.583333333
692,0.5,1,1,0.5,1,0,0.666666667
693,0.5,1,0,0.5,1,0,0.5
694,1,1,1,0.5,0.5,0,0.666666667
695,1,0.5,0.5,0.5,1,0,0.583333333
696,0,0.5,0,0,1,0,0.25
697,0,0,1,1,1,0,0.5
698,1,0.5,1,0,0,0,0.416666667
699,0,0.5,0,0,1,1,0.416666667
700,0,0,0,1,1,1,0.5
701,0.5,0.5,0,0.5,1,1,0.583333333
702,0.5,1,1,0,1,1,0.75
703,1,1,1,0,1,0,0.666666667
704,1,1,1,1,1,0,0.833333333
705,0.5,1,1,0,0.5,0,0.5
706,0,0,0,0.5,0,1,0.25
707,0,0,1,0.5,1,1,0.583333333
708,0,0,1,1,1,1,0.666666667
709,0.5,0.5,0.5,1,1,0,0.583333333
710,0,0,0,0,0.5,0,0.083333333
711,0,0.5,0,0,1,1,0.416666667
712,0,0,0,0.5,1,0,0.25
713,0.5,1,1,1,1,1,0.916666667
714,0.5,0,1,0.5,1,0,0.5
715,0,0,0,1,1,1,0.5
716,1,1,1,0.5,1,1,0.916666667
717,1,1,0,1,1,0,0.666666667
718,0.5,1,0.5,0.5,1,0,0.583333333
719,0.5,1,0.5,1,1,0,0.666666667
720,0.5,0.5,1,0,0.5,0,0.416666667
721,0.5,1,1,0.5,1,0,0.666666667
722,1,1,0.5,1,0.5,0,0.666666667
723,0,0,0,1,1,1,0.5
724,0,0,0,0.5,0.5,0,0.166666667
725,0.5,0,1,0.5,1,1,0.666666667
726,0.5,1,1,0.5,1,1,0.833333333
727,0,0,0,1,1,0,0.333333333
728,1,1,1,0.5,1,0,0.75
729,0.5,1,1,1,1,0,0.75
730,0.5,0.5,1,0.5,1,1,0.75
731,0,0.5,1,0.5,1,0,0.5
732,0,0,0,1,1,0,0.333333333
733,0,0,0,0.5,0,0,0.083333333
734,0,0,0,0,1,1,0.333333333
735,0.5,1,1,1,1,1,0.916666667
736,1,0.5,1,1,0.5,0,0.666666667
737,1,1,1,0.5,1,1,0.916666667
738,0,0.5,0,0.5,1,1,0.5
739,0,1,0,1,0,0,0.333333333
740,1,1,1,0.5,1,1,0.916666667
741,0.5,0.5,1,1,1,1,0.833333333
742,0,0,0,0.5,0.5,1,0.333333333
743,0.5,0.5,0,0.5,1,1,0.583333333
744,1,1,1,0.5,1,1,0.916666667
745,0,0,0,0.5,1,0,0.25
746,0,0.5,1,0.5,0.5,0,0.416666667
747,0,0,0,0,1,0,0.166666667
748,0.5,0.5,1,0.5,1,0,0.583333333
749,1,1,1,0.5,0.5,0,0.666666667
750,0,0.5,0,0,1,1,0.416666667
751,1,1,1,0,1,1,0.833333333
752,1,1,1,1,0,0,0.666666667
753,0,0,0.5,0.5,1,0,0.333333333
754,0,1,0,0.5,1,0,0.416666667
755,0.5,1,1,0.5,1,0,0.666666667
756,0,0,1,0.5,0,0,0.25
757,1,1,0.5,0.5,1,0,0.666666667
758,1,1,1,0,1,0,0.666666667
759,0,0,1,1,1,0,0.5
760,0.5,1,1,0,1,0,0.583333333
761,0,0,0,0,0.5,0,0.083333333
762,1,0.5,1,0.5,1,0,0.666666667
763,0.5,1,1,0.5,1,0,0.666666667
764,0,0,1,0,1,0,0.333333333
765,1,1,0,0.5,0.5,0,0.5
766,0.5,0,1,1,0.5,1,0.666666667
767,1,1,1,1,0.5,1,0.916666667
768,1,0.5,0.5,0,1,0,0.5
769,0,0,0,1,1,1,0.5
770,1,1,0,0,1,0,0.5
771,1,1,0.5,1,1,1,0.916666667
772,1,0.5,0,0.5,0.5,0,0.416666667
773,1,0.5,1,0.5,1,0,0.666666667
774,0.5,1,0,0,0.5,0,0.333333333
775,0,0.5,0,0.5,0.5,1,0.416666667
776,0.5,1,0.5,1,1,0,0.666666667
777,0,0,0,0.5,1,1,0.416666667
778,0,0,0,0.5,1,0,0.25
779,0,0.5,0.5,0.5,1,1,0.583333333
780,0,0.5,0,0.5,0.5,0,0.25
781,1,1,1,0,1,0,0.666666667
782,0.5,1,1,0.5,1,1,0.833333333
783,1,1,1,0.5,1,0,0.75
784,0,1,0,0.5,0.5,1,0.5
785,0.5,1,0.5,0.5,0.5,1,0.666666667
786,1,1,1,0.5,1,0,0.75
787,0.5,1,1,0.5,1,1,0.833333333
788,0.5,0,1,0.5,1,0,0.5
789,0.5,1,1,0.5,0.5,0,0.583333333
790,0,0.5,0,1,0,1,0.416666667
791,0.5,1,1,0.5,1,1,0.833333333
792,1,1,0.5,0,1,0,0.583333333
793,1,0.5,0,0.5,0.5,0,0.416666667
794,1,0.5,1,0.5,1,1,0.833333333
795,0.5,0.5,0.5,0,0.5,0,0.333333333
796,0,0,1,0,1,0,0.333333333
797,0,0,1,0.5,0.5,0,0.333333333
798,0,0,0,0.5,1,1,0.416666667
799,0.5,0,0.5,0.5,1,0,0.416666667
800,0,0,0,0,1,0,0.166666667
801,0,0.5,0.5,0.5,1,1,0.583333333
802,0,0,0.5,0.5,0.5,0,0.25
803,1,1,1,0,1,1,0.833333333
804,0,0,0.5,0.5,1,1,0.5
805,0.5,0,1,1,1,1,0.75
806,0.5,1,1,0,0.5,1,0.666666667
807,1,1,1,1,1,0,0.833333333
808,0.5,0.5,0,0,1,0,0.333333333
809,0.5,0.5,1,0.5,1,0,0.583333333
810,1,1,0.5,0.5,1,0,0.666666667
811,0,0,0.5,0.5,1,1,0.5
812,0.5,0.5,0,0,1,0,0.333333333
813,0,0,0.5,0,1,0,0.25
814,0.5,0.5,1,0.5,0.5,1,0.666666667
815,0,0,0,0.5,1,0,0.25
816,1,1,0,0.5,1,1,0.75
817,0.5,0,0.5,0,0.5,1,0.416666667
818,1,1,1,1,1,1,1
819,1,1,1,0,0.5,0,0.583333333
820,0,0.5,0,0.5,0,1,0.333333333
821,0.5,0.5,1,0.5,1,1,0.75
822,1,1,0.5,0,0.5,1,0.666666667
823,0.5,1,1,0.5,1,0,0.666666667
824,0,0.5,1,0,1,0,0.416666667
825,0.5,0.5,0.5,0.5,1,0,0.5
826,0.5,1,1,0.5,1,1,0.833333333
827,0,0.5,1,1,0.5,1,0.666666667
828,0,0,0,0.5,1,0,0.25
829,0.5,0,1,0.5,1,1,0.666666667
830,0,0.5,1,0.5,1,0,0.5
831,0,0.5,1,0.5,1,0,0.5
832,1,1,1,0.5,0.5,1,0.833333333
833,0,0,0,0,1,0,0.166666667
834,0.5,1,0.5,1,1,0,0.666666667
835,0,0.5,1,1,1,1,0.75
836,0,0,0,0.5,0.5,0,0.166666667
837,0.5,1,0.5,0,1,0,0.5
838,0.5,1,0.5,0.5,0.5,0,0.5
839,0.5,1,0.5,0.5,1,1,0.75
840,1,0.5,1,0.5,0.5,0,0.583333333
841,0,1,0,0.5,1,0,0.416666667
842,0.5,0.5,1,0.5,1,0,0.583333333
843,0.5,1,1,0.5,1,0,0.666666667
844,0,0,0,0,1,1,0.333333333
845,0.5,1,1,0.5,1,1,0.833333333
846,0,0.5,0,0.5,1,1,0.5
847,0.5,1,0,1,1,1,0.75
848,0.5,1,0.5,0.5,1,0,0.583333333
849,0.5,1,0.5,0.5,1,0,0.583333333
850,0.5,0.5,1,0,1,1,0.666666667
851,0,0,0,0.5,1,0,0.25
852,0,0,0,0.5,0,0,0.083333333
853,1,1,0,0.5,1,0,0.583333333
854,0,1,0.5,1,1,1,0.75
855,1,1,1,0,0.5,0,0.583333333
856,1,1,1,0.5,0.5,0,0.666666667
857,0,0.5,0.5,0,1,1,0.5
858,0,0,0,0,1,0,0.166666667
859,1,1,1,0.5,1,0,0.75
860,0.5,0,1,1,1,0,0.583333333
861,0.5,0,1,0.5,1,0,0.5
862,0.5,0.5,1,0.5,1,0,0.583333333
863,0,0,0,1,1,0,0.333333333
864,0.5,1,0,0.5,0.5,1,0.583333333
865,0.5,0.5,1,0.5,0.5,0,0.5
866,0,0,0,1,1,1,0.5
867,0,0.5,0,0.5,1,0,0.333333333
868,1,1,1,1,0,0,0.666666667
869,0,0,0,0.5,0.5,1,0.333333333
870,0,0,0,1,1,0,0.333333333
872,0,0.5,0,0.5,0.5,1,0.416666667
873,1,1,1,1,0.5,0,0.75
874,1,1,1,0.5,1,0,0.75
875,1,0.5,0.5,0,1,0,0.5
876,0,0,0,0.5,1,1,0.416666667
877,0,0,0.5,0.5,1,1,0.5
878,0,1,0,0.5,0,1,0.416666667
879,0,0.5,0,0.5,1,0,0.333333333
880,0.5,1,1,0.5,0.5,1,0.75
881,0,0,1,1,1,1,0.666666667
882,0,0.5,0.5,0.5,1,0,0.416666667
883,0,1,0,0.5,1,0,0.416666667
884,0,0,0,0.5,0,0,0.083333333
885,0.5,1,1,1,0.5,1,0.833333333
886,0.5,0.5,1,0.5,1,0,0.583333333
887,0,0.5,0,0.5,1,0,0.333333333
888,0.5,0.5,1,0.5,1,1,0.75
889,1,0.5,1,0.5,1,1,0.833333333
890,0,0,0,0.5,0.5,1,0.333333333
891,0,0.5,0,1,1,0,0.416666667
892,0.5,0.5,1,0.5,0.5,1,0.666666667
893,0,0.5,1,0.5,1,1,0.666666667
894,0.5,0,1,0.5,1,1,0.666666667
895,0,0,0,0.5,0.5,0,0.166666667
896,1,1,1,1,1,0,0.833333333
897,0,0,0,0.5,1,1,0.416666667
898,0.5,1,1,0.5,0.5,1,0.75
899,0,0,0,1,0.5,0,0.25
900,0.5,1,1,1,1,0,0.75
901,0.5,1,0.5,1,0.5,0,0.583333333
902,1,0.5,1,0.5,1,0,0.666666667
903,1,1,0.5,1,1,0,0.75
904,0,0,0.5,0.5,1,1,0.5
905,0.5,1,1,0.5,1,0,0.666666667
906,1,1,0.5,0.5,1,1,0.833333333
907,0.5,1,1,0.5,0.5,0,0.583333333
908,1,0.5,0,0.5,0.5,0,0.416666667
909,1,1,1,0.5,0.5,0,0.666666667
910,0.5,1,0.5,1,1,0,0.666666667
911,0.5,0.5,1,0.5,1,1,0.75
912,0,0,0.5,0.5,1,1,0.5
913,0.5,1,1,0.5,1,0,0.666666667
914,0.5,1,1,0.5,1,0,0.666666667
915,0,0.5,0.5,0.5,1,0,0.416666667
916,1,1,1,0.5,1,0,0.75
917,1,1,0,0.5,1,0,0.583333333
918,0.5,0.5,1,0,1,1,0.666666667
919,0.5,1,1,0.5,1,1,0.833333333
920,1,0.5,0,0.5,1,0,0.5
921,0,0,0,1,1,1,0.5
922,0,0,0,1,1,0,0.333333333
923,0.5,0,1,0.5,0.5,0,0.416666667
924,0.5,0.5,1,1,1,1,0.833333333
925,0.5,0,1,0.5,1,0,0.5
926,1,1,1,0.5,1,1,0.916666667
927,1,1,0,1,1,1,0.833333333
928,0,0,0,0.5,1,1,0.416666667
929,0.5,1,0.5,0.5,1,0,0.583333333
930,0,0.5,0,0,0.5,1,0.333333333
931,0.5,0.5,1,0.5,0.5,0,0.5
932,0.5,1,1,0.5,1,0,0.666666667
933,0.5,1,1,1,0.5,1,0.833333333
934,0,0,0,0.5,0,0,0.083333333
935,0.5,0.5,0.5,0.5,1,0,0.5
936,0,0,0.5,1,1,0,0.416666667
937,0.5,0.5,1,0,1,0,0.5
938,0.5,0.5,1,1,1,0,0.666666667
939,0.5,1,1,1,1,1,0.916666667
940,0.5,1,1,0.5,1,1,0.833333333
941,0.5,0,1,0.5,0.5,1,0.583333333
942,0.5,0.5,1,1,1,0,0.666666667
943,0.5,1,1,1,1,1,0.916666667
944,0.5,0.5,0.5,0.5,1,1,0.666666667
945,1,1,1,0,1,1,0.833333333
946,0.5,1,1,1,0,1,0.75
947,1,0.5,1,0,1,1,0.75
948,0.5,0.5,0,0,1,1,0.5
949,0.5,0.5,1,0,1,0,0.5
950,0,0.5,0,0.5,1,1,0.5
951,0.5,0.5,1,0.5,1,0,0.583333333
952,0.5,1,1,0,1,0,0.583333333
953,0.5,0.5,1,0.5,1,1,0.75
954,0,0.5,0,0.5,1,1,0.5
955,1,0.5,0,0.5,1,0,0.5
956,0,0,0.5,1,0.5,1,0.5
957,0,0,0,0,1,1,0.333333333
958,0,0,0,0.5,1,0,0.25
959,0.5,1,1,0.5,0.5,1,0.75
960,0,0,0.5,0.5,0,1,0.333333333
961,0.5,1,0.5,1,0.5,0,0.583333333
962,0,0,0,0,0.5,0,0.083333333
963,0.5,0,1,0.5,1,1,0.666666667
964,0.5,1,0.5,0.5,1,1,0.75
965,1,1,1,0,1,1,0.833333333
966,0.5,1,1,0.5,1,0,0.666666667
967,1,1,1,0.5,1,1,0.916666667
968,1,1,0.5,0,0.5,1,0.666666667
969,1,1,0,0.5,0,0,0.416666667
970,1,0.5,0.5,0.5,1,1,0.75
971,0,0.5,1,0.5,1,1,0.666666667
972,0.5,1,1,0.5,0.5,1,0.75
973,0.5,1,1,0.5,1,0,0.666666667
974,0,0,0,0,0,0,0
975,0.5,0.5,1,0.5,1,0,0.583333333
976,0.5,0,0.5,0.5,1,0,0.416666667
977,1,1,1,0.5,1,0,0.75
978,0,0.5,0,1,1,1,0.583333333
979,0.5,1,1,1,1,1,0.916666667
980,1,0.5,0.5,0.5,0.5,1,0.666666667
981,0.5,0.5,1,0,0.5,0,0.416666667
982,0.5,1,1,1,1,1,0.916666667
983,1,1,1,1,1,1,1
984,0,0,1,1,0.5,1,0.583333333
985,0.5,1,0.5,1,1,0,0.666666667
986,0,0.5,0,0.5,1,0,0.333333333
987,1,1,0.5,0.5,1,0,0.666666667
988,0.5,0.5,0.5,0.5,1,1,0.666666667
989,0.5,1,1,1,1,0,0.75
990,0,0,0,0,1,0,0.166666667
991,0.5,1,0.5,1,1,0,0.666666667
992,1,1,1,0.5,0.5,0,0.666666667
993,1,1,1,0.5,1,0,0.75
994,0,0,0,1,1,0,0.333333333
995,0,0,0,0.5,1,1,0.416666667
996,0.5,1,1,1,1,1,0.916666667
997,0.5,1,0.5,1,1,0,0.666666667
998,1,1,1,0.5,0.5,1,0.833333333
999,1,1,1,0.5,1,0,0.75
1000,0,0.5,0,0.5,0.5,1,0.416666667
1001,1,0.5,1,0.5,1,1,0.833333333
1002,1,1,1,0,1,0,0.666666667
1003,1,1,1,0,1,0,0.666666667
1004,0.5,0.5,0.5,0.5,1,0,0.5
1005,0.5,1,0.5,1,1,0,0.666666667
1006,0.5,0.5,1,0.5,1,0,0.583333333
1007,0.5,1,0,0.5,1,1,0.666666667
1008,0,0.5,0.5,0.5,1,1,0.583333333
1009,1,1,1,1,0,0,0.666666667
1010,0,0.5,0,1,1,0,0.416666667
1011,0.5,0,1,0.5,1,1,0.666666667
1012,1,1,1,0.5,0.5,0,0.666666667
1013,0.5,1,1,0,1,1,0.75
1014,0.5,1,1,0.5,1,1,0.833333333
1015,0.5,0.5,1,0.5,1,0,0.583333333
1016,1,0.5,1,0.5,0.5,0,0.583333333
1017,0.5,1,1,0,1,0,0.583333333
1018,0,0,0,1,0,0,0.166666667
1019,1,1,0,0.5,0,0,0.416666667
1020,1,1,1,0,1,0,0.666666667
1021,0.5,0.5,1,0.5,1,0,0.583333333
1022,0,0.5,0,0.5,1,0,0.333333333
1023,1,0.5,0.5,0.5,1,0,0.583333333
1024,0.5,1,0.5,0,1,0,0.5
1025,0,0,0,1,1,1,0.5
1026,0.5,1,1,0.5,1,0,0.666666667
1027,0,0.5,0.5,0.5,0.5,1,0.5
1028,0,0,0.5,1,1,1,0.583333333
1029,0.5,0,1,0.5,1,1,0.666666667
1030,0,0,1,0.5,1,1,0.583333333
1031,1,1,1,0.5,1,1,0.916666667
1032,0,0.5,1,0.5,1,0,0.5
1033,1,1,1,0.5,0.5,1,0.833333333
1034,0.5,0.5,1,0,0.5,1,0.583333333
1036,0,0,0,0.5,1,0,0.25
1037,0.5,0,1,1,1,0,0.583333333
1038,1,0.5,0.5,1,1,0,0.666666667
1039,0,0,0,0.5,0,0,0.083333333
1040,1,0.5,1,0.5,1,1,0.833333333
1041,0,0,0,1,1,0,0.333333333
1042,0.5,0.5,0.5,1,0.5,1,0.666666667
1043,1,0.5,0.5,0.5,1,0,0.583333333
1044,0.5,0.5,1,0.5,1,0,0.583333333
1045,0,0.5,0,0.5,1,1,0.5
1046,0,0,0,1,1,0,0.333333333
1047,0,0.5,0.5,0,1,0,0.333333333
1048,0.5,1,0.5,0.5,1,1,0.75
1049,0,0,0,0.5,0,0,0.083333333
1050,1,0,0,0,0,0,0.166666667
1051,0,0,1,1,1,1,0.666666667
1052,0,0.5,0,0.5,1,1,0.5
1053,0,0,0,0.5,1,0,0.25
1054,0.5,0,1,0.5,0.5,0,0.416666667
1055,0.5,0.5,1,0,1,0,0.5
1056,0.5,1,1,0.5,1,1,0.833333333
1057,0,0,0,0.5,0.5,0,0.166666667
1058,1,1,0,0.5,1,0,0.583333333
1059,0,0.5,0,1,1,0,0.416666667
1060,0,0,0,1,0.5,1,0.416666667
1061,0.5,1,1,0.5,0.5,1,0.75
1062,0.5,1,1,0,1,0,0.583333333
1063,0.5,0.5,0.5,0.5,1,0,0.5
1064,0,0,0.5,1,1,1,0.583333333
1065,0,0,0,0,1,1,0.333333333
1066,0,0,0,1,0.5,1,0.416666667
1067,0,0.5,0,0.5,1,1,0.5
1068,0.5,1,1,0.5,1,1,0.833333333
1069,0,0.5,0.5,1,0,1,0.5
1070,0.5,1,1,0.5,1,1,0.833333333
1071,0,0.5,0,0.5,1,0,0.333333333
1072,0.5,1,1,0.5,0,0,0.5
1073,1,1,1,0,1,1,0.833333333
1074,0.5,0.5,1,0.5,0.5,1,0.666666667
1075,0,0,0,0,1,0,0.166666667
1076,1,1,1,1,1,0,0.833333333
1077,1,0.5,1,0,1,1,0.75
1078,0.5,1,1,1,0.5,0,0.666666667
1079,0.5,1,1,0,0.5,1,0.666666667
1080,0,0.5,0,0.5,1,1,0.5
1081,0.5,0.5,1,0.5,1,0,0.583333333
1082,0.5,1,0.5,0,0.5,1,0.583333333
1083,0.5,0,1,0,1,0,0.416666667
1084,0,0.5,0,0,1,1,0.416666667
1085,1,0.5,0,0.5,1,0,0.5
1086,1,1,1,0,1,1,0.833333333
1087,0,0.5,0,0,0.5,1,0.333333333
1088,1,1,0.5,0.5,1,1,0.833333333
1089,1,1,1,1,1,1,1
1090,1,0.5,1,0.5,1,1,0.833333333
1091,0,0,1,1,0.5,0,0.416666667
1092,0.5,1,1,0,1,1,0.75
1093,1,0.5,0.5,0.5,1,0,0.583333333
1094,0,0,0,0.5,0,1,0.25
1095,0,0,0,0.5,1,1,0.416666667
1096,0.5,1,1,1,0.5,1,0.833333333
1097,0,0,0,1,1,0,0.333333333
1098,0,0,0,0.5,0.5,0,0.166666667
1099,1,1,0.5,1,0.5,1,0.833333333
1100,1,0.5,1,0.5,1,1,0.833333333
1357,0.5,1,1,0.5,0.5,1,0.75