respondent_id,Q6,Q15,Q17,Q26,risk_score
1,3,3,3,3,3
2,3,3,3,3,3
3,3,3,3,3,3
4,3,3,3,2,2.75
5,2,2,3,3,2.5
6,2,2,3,1,2
7,3,3,3,1,2.5
9,3,2,2,2,2.25
11,3,3,3,1,2.5
14,1,2,3,1,1.75
16,1,2,3,3,2.25
17,3,3,3,2,2.75
19,1,3,3,3,2.5
21,3,3,3,3,3
47,3,3,3,3,3
50,3,3,3,3,3
55,2,1,3,2,2
77,2,3,3,1,2.25
78,3,3,3,3,3
79,2,3,3,3,2.75
80,3,3,3,1,2.5
81,1,2,3,3,2.25
82,3,1,1,1,1.5
83,2,3,3,3,2.75
84,3,3,3,2,2.75
85,3,3,3,2,2.75
86,2,3,3,3,2.75
87,2,3,3,2,2.5
88,3,2,3,3,2.75
89,2,3,3,2,2.5
90,3,3,3,1,2.5
91,3,3,3,3,3
92,3,3,3,2,2.75
93,2,3,3,2,2.5
94,2,3,3,3,2.75
95,1,3,3,2,2.25
96,2,3,3,2,2.5
97,3,3,3,2,2.75
98,3,3,3,3,3
99,3,3,3,2,2.75
100,1,3,3,3,2.5
101,2,3,3,1,2.25
102,1,3,3,1,2
103,3,3,3,2,2.75
104,3,3,3,2,2.75
105,1,3,3,1,2
106,2,3,3,3,2.75
107,2,3,3,3,2.75
108,3,3,3,3,3
109,1,3,3,2,2.25
110,1,3,3,1,2
111,1,3,3,3,2.5
112,1,3,3,1,2
113,3,3,3,3,3
114,1,3,3,3,2.5
115,2,2,3,3,2.5
116,1,3,3,2,2.25
117,3,2,3,1,2.25
118,2,3,3,3,2.75
119,1,2,3,3,2.25
120,1,3,3,3,2.5
121,1,2,2,3,2
122,3,3,3,3,3
123,3,3,3,3,3
124,2,3,2,3,2.5
125,1,1,3,3,2
126,2,2,3,2,2.25
127,3,1,1,2,1.75
128,2,2,3,2,2.25
129,3,1,1,1,1.5
130,3,1,1,3,2
131,3,3,3,3,3
132,2,3,3,3,2.75
133,3,3,3,3,3
134,1,3,3,3,2.5
135,3,3,3,2,2.75
136,3,3,3,3,3
137,1,3,3,1,2
138,1,2,2,1,1.5
139,1,2,3,3,2.25
140,2,1,1,2,1.5
141,1,3,3,3,2.5
142,1,3,3,1,2
143,1,2,2,2,1.75
144,2,3,3,2,2.5
145,2,1,1,3,1.75
146,2,2,3,2,2.25
147,2,3,3,3,2.75
148,1,3,3,3,2.5
149,2,3,3,2,2.5
150,3,3,3,3,3
151,1,3,3,3,2.5
152,1,3,3,2,2.25
153,1,1,2,3,1.75
154,2,1,2,3,2
155,2,1,1,3,1.75
156,1,3,3,3,2.5
157,1,3,3,2,2.25
158,2,3,3,2,2.5
159,1,2,3,3,2.25
160,3,3,3,2,2.75
161,2,3,3,1,2.25
162,1,3,3,2,2.25
163,1,3,3,3,2.5
164,1,3,3,3,2.5
165,1,3,3,3,2.5
166,1,3,3,1,2
167,2,3,3,3,2.75
168,1,2,3,2,2
169,2,3,3,2,2.5
171,1,1,1,1,1
172,2,3,3,2,2.5
173,1,3,3,2,2.25
174,2,1,1,2,1.5
175,2,3,3,3,2.75
176,2,3,3,3,2.75
177,2,3,3,2,2.5
178,2,3,3,2,2.5
179,3,3,3,3,3
180,1,3,3,2,2.25
181,2,3,3,2,2.5
182,2,3,3,3,2.75
183,2,3,3,2,2.5
184,1,3,3,3,2.5
185,3,3,3,3,3
186,3,3,3,2,2.75
187,3,3,3,2,2.75
188,2,3,3,1,2.25
189,2,3,3,1,2.25
190,1,3,3,3,2.5
191,2,3,3,3,2.75
192,3,3,3,2,2.75
193,3,3,3,3,3
194,2,2,2,1,1.75
195,2,3,3,2,2.5
196,2,3,3,2,2.5
197,2,3,3,2,2.5
198,2,3,3,3,2.75
199,2,3,3,3,2.75
200,1,2,2,2,1.75
201,2,3,3,3,2.75
202,3,3,3,3,3
203,3,3,3,2,2.75
204,2,3,3,2,2.5
205,3,3,3,3,3
206,3,3,3,3,3
207,1,2,3,2,2
208,3,3,3,3,3
209,3,2,3,3,2.75
210,2,3,3,2,2.5
211,1,3,3,2,2.25
212,2,3,3,3,2.75
213,3,3,3,2,2.75
214,1,1,1,2,1.25
215,3,3,3,3,3
216,3,3,3,2,2.75
217,1,2,3,3,2.25
218,1,3,3,3,2.5
219,2,2,3,3,2.5
220,2,3,3,2,2.5
221,2,3,3,2,2.5
222,2,3,3,2,2.5
223,2,3,3,2,2.5
224,2,3,3,3,2.75
225,3,3,3,3,3
226,3,2,3,1,2.25
227,2,3,3,2,2.5
228,2,3,3,3,2.75
229,1,2,3,3,2.25
230,1,3,3,3,2.5
231,1,2,3,2,2
232,3,3,3,2,2.75
233,3,3,3,2,2.75
234,1,3,3,3,2.5
235,2,3,3,3,2.75
236,3,3,3,2,2.75
237,2,3,3,3,2.75
238,1,2,3,1,1.75
239,2,3,3,3,2.75
240,1,3,3,3,2.5
241,3,3,3,3,3
242,1,2,2,2,1.75
243,3,3,3,3,3
244,2,1,1,3,1.75
245,2,3,3,3,2.75
246,3,3,3,3,3
247,3,3,3,3,3
248,2,3,3,3,2.75
249,1,3,3,3,2.5
250,2,3,3,2,2.5
251,3,3,3,2,2.75
252,1,3,3,2,2.25
253,2,3,3,3,2.75
254,2,1,1,2,1.5
255,2,1,3,2,2
256,3,3,3,2,2.75
257,3,3,3,1,2.5
258,1,3,3,3,2.5
259,2,2,3,2,2.25
260,3,3,3,3,3
261,3,3,3,3,3
262,1,3,3,1,2
263,2,3,3,1,2.25
264,3,3,3,3,3
265,2,3,2,2,2.25
266,2,2,3,2,2.25
267,2,3,3,3,2.75
268,1,1,2,3,1.75
269,2,3,3,3,2.75
270,2,3,3,1,2.25
271,3,3,3,3,3
272,1,3,3,1,2
273,2,3,3,3,2.75
274,2,2,3,3,2.5
275,1,2,3,3,2.25
276,1,3,3,2,2.25
277,2,3,3,2,2.5
278,3,3,3,3,3
279,3,3,3,3,3
280,3,3,3,2,2.75
281,1,2,3,2,2
282,3,3,3,3,3
283,1,2,2,1,1.5
284,2,3,3,3,2.75
285,1,2,3,2,2
286,2,3,3,3,2.75
287,1,3,3,1,2
288,1,2,3,1,1.75
289,1,3,3,2,2.25
290,1,3,3,3,2.5
291,2,3,3,2,2.5
292,1,1,1,3,1.5
293,2,3,3,2,2.5
294,2,3,3,1,2.25
295,3,3,3,1,2.5
296,3,3,3,3,3
297,2,3,3,3,2.75
298,3,3,3,2,2.75
299,3,3,3,1,2.5
300,1,1,1,1,1
301,1,3,3,1,2
302,1,3,3,1,2
303,3,3,3,3,3
304,2,1,1,3,1.75
305,1,3,3,3,2.5
306,3,2,3,2,2.5
307,3,3,3,1,2.5
308,3,3,3,1,2.5
309,3,3,3,2,2.75
310,3,3,3,3,3
311,1,1,1,2,1.25
312,3,3,3,3,3
313,3,3,3,1,2.5
314,3,3,3,2,2.75
315,1,3,3,2,2.25
316,2,3,3,3,2.75
317,2,3,3,3,2.75
318,3,3,3,3,3
319,1,3,3,3,2.5
320,2,3,3,3,2.75
321,2,3,3,3,2.75
322,1,3,3,2,2.25
323,2,3,3,1,2.25
324,2,3,3,3,2.75
325,3,3,3,1,2.5
326,2,2,3,3,2.5
327,2,3,3,1,2.25
328,2,3,3,1,2.25
329,3,1,1,2,1.75
330,2,3,3,2,2.5
331,1,3,3,2,2.25
332,1,3,3,2,2.25
333,3,3,3,2,2.75
334,1,3,3,3,2.5
335,3,3,3,2,2.75
336,2,2,2,1,1.75
337,2,3,3,3,2.75
338,1,3,3,1,2
339,3,3,3,3,3
340,2,3,3,2,2.5
341,2,3,3,3,2.75
342,3,3,3,3,3
343,3,3,3,2,2.75
344,1,3,3,3,2.5
345,1,3,3,3,2.5
346,1,1,1,2,1.25
347,1,2,3,1,1.75
348,2,2,3,3,2.5
349,1,3,3,2,2.25
350,2,1,1,1,1.25
351,1,3,3,3,2.5
352,1,3,3,2,2.25
353,1,3,3,3,2.5
354,2,3,3,3,2.75
355,2,3,3,3,2.75
356,2,3,3,2,2.5
357,3,3,3,2,2.75
358,3,3,3,2,2.75
359,2,3,3,2,2.5
360,1,3,3,1,2
361,2,3,3,1,2.25
362,2,3,3,2,2.5
363,1,1,1,2,1.25
364,3,3,3,3,3
365,1,3,3,1,2
366,1,3,3,2,2.25
367,2,3,3,3,2.75
369,2,2,3,3,2.5
370,1,1,1,1,1
371,2,3,3,2,2.5
372,2,3,3,2,2.5
373,2,3,3,3,2.75
374,2,3,3,1,2.25
375,1,3,3,2,2.25
376,2,3,3,2,2.5
378,1,3,3,2,2.25
379,2,3,3,2,2.5
380,2,1,3,1,1.75
381,1,1,3,1,1.5
382,1,3,3,2,2.25
383,2,3,3,2,2.5
384,2,3,3,3,2.75
385,3,3,3,1,2.5
386,1,2,2,2,1.75
387,3,3,3,2,2.75
388,1,3,3,2,2.25
389,1,3,3,2,2.25
390,3,3,3,3,3
391,2,3,3,2,2.5
392,3,3,3,1,2.5
393,1,3,3,1,2
394,2,2,3,2,2.25
395,3,3,3,2,2.75
396,3,3,3,1,2.5
397,2,3,3,2,2.5
398,3,3,3,3,3
399,2,3,3,3,2.75
400,3,3,3,2,2.75
401,3,3,3,1,2.5
402,2,3,3,2,2.5
403,1,2,3,2,2
404,1,2,3,2,2
405,3,3,3,2,2.75
406,3,3,3,3,3
407,3,3,3,1,2.5
408,2,3,3,3,2.75
409,2,3,3,2,2.5
410,2,3,2,2,2.25
411,3,3,3,1,2.5
412,3,3,3,2,2.75
413,2,3,2,3,2.5
414,3,3,3,3,3
415,3,3,3,3,3
416,1,3,3,1,2
417,3,3,3,2,2.75
418,3,3,3,2,2.75
419,1,3,3,3,2.5
420,2,2,3,1,2
421,1,3,3,1,2
422,2,2,3,2,2.25
423,1,3,3,3,2.5
424,2,2,1,1,1.5
425,3,3,3,2,2.75
426,1,3,3,3,2.5
427,1,1,1,3,1.5
428,1,3,3,3,2.5
429,3,3,3,3,3
430,2,3,3,3,2.75
431,2,3,3,3,2.75
432,1,3,3,1,2
433,3,3,3,3,3
434,3,3,3,3,3
435,1,2,3,2,2
436,3,3,3,3,3
437,1,3,3,2,2.25
438,1,3,3,3,2.5
439,1,3,3,2,2.25
440,2,2,3,2,2.25
441,1,3,3,2,2.25
442,1,2,3,3,2.25
443,2,3,3,2,2.5
444,1,3,3,2,2.25
445,2,3,3,3,2.75
446,3,3,3,2,2.75
447,1,3,3,1,2
448,2,3,3,3,2.75
449,2,3,3,3,2.75
450,1,2,2,2,1.75
451,3,3,3,1,2.5
452,2,3,3,2,2.5
453,2,3,3,1,2.25
454,1,3,3,2,2.25
455,2,2,2,3,2.25
456,1,3,3,2,2.25
457,3,3,3,3,3
458,3,2,3,2,2.5
459,1,2,3,3,2.25
460,3,1,1,3,2
461,1,3,3,1,2
462,2,3,3,1,2.25
463,3,3,3,3,3
464,3,2,3,3,2.75
465,1,3,3,2,2.25
466,2,3,3,2,2.5
467,3,3,3,3,3
468,1,3,3,3,2.5
469,2,3,3,2,2.5
470,1,3,3,1,2
471,1,3,3,3,2.5
472,2,3,3,1,2.25
473,2,3,3,3,2.75
474,1,2,3,2,2
475,3,3,3,2,2.75
476,3,2,3,1,2.25
477,2,3,3,1,2.25
478,3,3,3,1,2.5
479,3,3,3,2,2.75
480,3,3,3,2,2.75
481,3,3,3,2,2.75
482,1,2,2,2,1.75
483,3,3,3,3,3
484,2,3,3,2,2.5
485,2,3,3,2,2.5
486,2,2,3,2,2.25
487,2,3,3,1,2.25
488,2,1,1,2,1.5
489,3,2,3,2,2.5
490,3,3,2,3,2.75
491,3,3,3,2,2.75
492,3,3,3,3,3
493,1,2,2,1,1.5
494,2,2,3,3,2.5
495,1,1,2,2,1.5
496,2,2,3,2,2.25
497,2,3,3,1,2.25
498,3,3,3,1,2.5
499,1,3,2,1,1.75
500,2,3,3,1,2.25
501,3,1,1,1,1.5
502,2,3,3,1,2.25
503,1,2,3,1,1.75
504,2,3,3,1,2.25
505,1,3,3,1,2
506,1,3,3,1,2
507,2,3,3,1,2.25
508,3,3,3,1,2.5
509,3,3,3,1,2.5
510,1,3,3,1,2
511,2,3,3,1,2.25
512,1,3,3,1,2
513,1,3,3,1,2
514,2,3,3,1,2.25
515,2,1,1,1,1.25
516,2,3,3,1,2.25
517,1,2,3,1,1.75
518,3,3,2,1,2.25
519,3,3,3,1,2.5
520,3,1,2,1,1.75
521,3,3,3,1,2.5
522,2,3,3,1,2.25
523,3,3,3,1,2.5
524,3,2,3,1,2.25
525,3,3,3,1,2.5
526,1,2,3,1,1.75
527,2,3,3,1,2.25
528,2,3,3,1,2.25
529,1,3,3,1,2
530,2,1,3,1,1.75
531,1,3,3,1,2
532,2,3,3,1,2.25
533,2,3,3,1,2.25
534,1,2,3,1,1.75
535,2,3,3,1,2.25
536,1,3,3,1,2
537,3,3,3,1,2.5
538,2,3,3,1,2.25
539,1,1,3,1,1.5
540,3,3,3,1,2.5
541,2,3,3,1,2.25
542,3,3,3,2,2.75
543,1,2,3,1,1.75
544,3,3,3,3,3
545,2,3,3,2,2.5
546,3,3,3,2,2.75
547,3,2,2,1,2
548,3,3,3,3,3
549,3,3,3,2,2.75
550,3,3,3,2,2.75
551,2,3,3,2,2.5
552,2,2,3,2,2.25
553,1,3,3,1,2
554,3,3,3,2,2.75
555,3,3,3,1,2.5
556,2,3,3,2,2.5
557,3,3,3,3,3
558,2,3,3,1,2.25
559,3,3,3,2,2.75
560,2,2,3,1,2
561,2,3,3,2,2.5
562,3,3,3,1,2.5
563,3,3,3,1,2.5
564,3,3,3,3,3
565,2,3,3,3,2.75
566,2,3,3,1,2.25
567,1,2,3,3,2.25
568,2,3,3,2,2.5
569,2,2,3,3,2.5
570,1,3,3,3,2.5
571,1,3,3,3,2.5
572,1,3,3,3,2.5
573,1,3,3,1,2
574,2,3,3,3,2.75
575,2,3,3,1,2.25
576,3,3,3,2,2.75
577,1,2,3,3,2.25
578,3,3,3,1,2.5
579,1,3,3,3,2.5
580,1,3,3,2,2.25
581,1,2,3,3,2.25
582,3,3,3,2,2.75
583,1,3,3,3,2.5
584,3,2,3,1,2.25
585,3,3,3,3,3
586,2,2,3,1,2
587,2,2,3,1,2
588,3,3,3,3,3
589,1,3,3,3,2.5
590,1,2,3,1,1.75
591,1,3,3,2,2.25
592,1,3,2,3,2.25
593,1,1,2,2,1.5
594,3,3,3,3,3
595,1,2,3,3,2.25
596,1,2,3,3,2.25
597,2,3,3,1,2.25
598,2,3,3,2,2.5
599,2,3,3,3,2.75
600,2,3,3,3,2.75
601,2,3,3,3,2.75
602,3,3,3,3,3
603,3,3,3,3,3
604,2,3,3,1,2.25
605,3,3,3,3,3
606,1,3,3,3,2.5
607,1,3,3,3,2.5
608,1,3,3,3,2.5
609,1,3,3,1,2
610,2,3,3,1,2.25
611,2,3,3,1,2.25
612,2,3,3,3,2.75
613,2,3,3,3,2.75
614,3,3,3,2,2.75
615,3,3,3,1,2.5
616,3,3,3,1,2.5
617,1,3,3,2,2.25
618,2,3,3,3,2.75
619,3,3,3,3,3
620,2,3,3,2,2.5
621,2,3,3,3,2.75
622,2,3,3,1,2.25
623,1,3,3,3,2.5
624,3,3,3,3,3
625,2,3,3,3,2.75
626,1,3,3,3,2.5
627,1,3,3,3,2.5
628,1,3,3,3,2.5
629,2,3,3,3,2.75
630,3,3,3,3,3
631,1,2,3,3,2.25
632,3,2,3,2,2.5
633,2,3,3,3,2.75
634,2,3,3,3,2.75
635,3,3,3,3,3
636,3,3,3,2,2.75
637,3,3,3,1,2.5
638,1,3,3,3,2.5
639,1,2,3,1,1.75
640,1,3,3,2,2.25
641,2,3,3,3,2.75
642,2,3,3,2,2.5
643,2,3,3,1,2.25
644,3,3,3,3,3
645,1,3,3,1,2
646,3,3,3,2,2.75
647,1,2,3,2,2
648,1,3,3,2,2.25
649,1,3,3,3,2.5
650,2,3,3,3,2.75
651,3,3,3,3,3
652,2,3,3,3,2.75
653,2,3,3,3,2.75
654,1,3,3,2,2.25
655,2,3,3,3,2.75
656,2,3,2,3,2.5
657,3,3,3,1,2.5
658,3,3,3,2,2.75
659,1,1,1,3,1.5
660,3,3,3,3,3
661,3,2,3,3,2.75
662,2,3,3,3,2.75
663,1,2,2,1,1.5
664,1,3,3,3,2.5
665,3,3,3,1,2.5
666,1,3,3,3,2.5
668,1,3,3,1,2
669,1,3,3,3,2.5
670,2,3,3,3,2.75
671,1,2,3,3,2.25
672,3,3,2,3,2.75
673,1,3,3,3,2.5
674,1,2,3,2,2
675,2,3,3,3,2.75
676,1,3,3,1,2
677,1,2,3,3,2.25
678,3,2,3,1,2.25
679,1,3,3,2,2.25
680,2,3,3,3,2.75
681,3,3,3,2,2.75
682,3,3,3,2,2.75
683,1,3,3,3,2.5
684,2,3,3,2,2.5
685,2,1,3,3,2.25
686,1,3,3,3,2.5
687,1,1,1,1,1
688,1,1,1,3,1.5
689,2,3,3,3,2.75
690,2,2,3,3,2.5
691,2,3,3,3,2.75
692,3,3,3,2,2.75
693,2,3,3,2,2.5
694,2,3,3,3,2.75
695,1,3,3,1,2
696,2,3,3,1,2.25
697,2,3,3,2,2.5
698,1,1,1,2,1.25
699,2,3,3,3,2.75
700,1,3,3,3,2.5
701,2,2,3,3,2.5
702,2,3,3,2,2.5
703,1,2,3,2,2
704,2,3,3,3,2.75
705,3,3,3,3,3
706,1,1,1,2,1.25
707,2,3,3,3,2.75
708,3,3,3,3,3
709,3,3,3,3,3
710,2,3,3,2,2.5
711,1,3,3,3,2.5
712,2,3,3,3,2.75
713,2,2,2,2,2
714,3,3,3,3,3
715,3,3,3,3,3
716,1,3,3,2,2.25
717,3,3,3,3,3
718,2,2,3,3,2.5
719,3,3,3,3,3
720,3,2,3,2,2.5
721,1,3,3,3,2.5
722,3,2,1,3,2.25
723,3,3,3,2,2.75
724,2,2,3,3,2.5
725,2,3,3,2,2.5
726,1,3,3,2,2.25
727,3,3,3,3,3
728,1,3,3,3,2.5
729,1,2,2,3,2
730,1,2,3,1,1.75
731,1,3,3,1,2
732,3,3,3,3,3
733,1,1,1,1,1
734,2,3,3,3,2.75
735,2,3,3,2,2.5
736,1,3,3,3,2.5
737,1,2,3,2,2
738,2,3,3,3,2.75
739,3,1,1,3,2
740,3,3,3,2,2.75
741,2,3,3,3,2.75
742,2,3,3,2,2.5
743,2,3,1,2,2
744,2,3,3,3,2.75
745,3,3,3,3,3
746,1,2,3,3,2.25
747,1,3,2,3,2.25
748,1,2,2,1,1.5
749,3,3,3,2,2.75
750,3,3,3,2,2.75
751,1,3,3,2,2.25
752,1,1,1,2,1.25
753,3,3,3,2,2.75
754,3,3,3,1,2.5
755,1,3,3,2,2.25
756,2,1,1,1,1.25
757,3,3,3,3,3
758,1,2,3,3,2.25
759,2,3,3,3,2.75
760,2,3,3,2,2.5
761,2,3,2,3,2.5
762,2,3,3,1,2.25
763,1,2,1,2,1.5
764,2,2,3,1,2
765,1,3,3,1,2
766,3,3,3,3,3
767,2,2,2,3,2.25
768,3,3,3,2,2.75
769,3,2,2,3,2.5
770,1,3,3,2,2.25
771,2,3,3,2,2.5
772,3,3,3,3,3
773,1,2,3,3,2.25
774,1,3,3,2,2.25
775,3,3,3,3,3
776,2,3,3,2,2.5
777,3,3,3,2,2.75
778,2,3,3,3,2.75
779,1,2,3,2,2
780,1,2,2,3,2
781,3,3,3,2,2.75
782,3,3,3,3,3
783,1,3,3,3,2.5
784,3,2,3,2,2.5
785,2,3,3,3,2.75
786,3,3,3,2,2.75
787,2,3,3,1,2.25
788,2,3,3,2,2.5
789,1,3,3,3,2.5
790,1,1,1,3,1.5
791,1,3,3,1,2
792,3,3,3,2,2.75
793,2,3,3,1,2.25
794,3,2,3,3,2.75
795,2,3,3,2,2.5
796,3,2,2,2,2.25
797,3,3,3,3,3
798,2,3,3,3,2.75
799,3,3,3,3,3
800,3,3,3,2,2.75
801,2,3,3,2,2.5
802,1,3,2,2,2
803,1,2,3,3,2.25
804,3,3,3,3,3
805,3,3,3,1,2.5
806,3,3,3,2,2.75
807,3,3,3,2,2.75
808,1,3,3,3,2.5
809,1,3,3,1,2
810,1,3,3,3,2.5
811,1,3,3,3,2.5
812,1,3,3,2,2.25
813,2,3,3,3,2.75
814,3,3,3,3,3
815,2,3,3,2,2.5
816,1,3,3,3,2.5
817,1,2,3,2,2
818,1,3,3,2,2.25
819,1,3,3,2,2.25
820,2,1,1,3,1.75
821,1,2,3,3,2.25
822,1,2,3,3,2.25
823,2,2,2,3,2.25
824,3,3,3,3,3
825,3,3,3,3,3
826,1,3,3,1,2
827,3,3,3,2,2.75
828,2,3,3,3,2.75
829,3,3,3,3,3
830,2,3,3,3,2.75
831,2,3,3,3,2.75
832,1,2,3,3,2.25
833,3,3,3,3,3
834,3,3,3,3,3
835,3,3,3,3,3
836,2,3,3,3,2.75
837,3,2,3,1,2.25
838,2,3,3,3,2.75
839,1,3,3,2,2.25
840,3,3,3,3,3
841,2,3,3,3,2.75
842,3,3,3,2,2.75
843,1,3,3,3,2.5
844,2,2,2,3,2.25
845,2,3,3,3,2.75
846,2,3,3,2,2.5
847,3,3,3,3,3
848,3,3,3,3,3
849,3,3,3,1,2.5
850,3,3,3,3,3
851,3,3,3,2,2.75
852,3,1,1,2,1.75
853,3,3,3,1,2.5
854,3,3,3,1,2.5
855,1,2,3,3,2.25
856,3,3,3,3,3
857,1,3,3,3,2.5
858,3,3,3,3,3
859,1,3,3,3,2.5
860,1,3,3,1,2
861,3,3,3,1,2.5
862,2,3,3,3,2.75
863,3,3,3,3,3
864,1,2,3,2,2
865,1,3,3,1,2
866,1,3,3,3,2.5
867,2,3,3,3,2.75
868,1,1,1,1,1
869,3,3,3,2,2.75
870,2,3,3,3,2.75
872,3,3,3,3,3
873,1,1,1,3,1.5
874,3,3,3,1,2.5
875,1,1,1,3,1.5
876,2,3,3,3,2.75
877,3,3,3,2,2.75
878,3,1,1,3,2
879,2,3,3,3,2.75
880,2,3,3,1,2.25
881,3,3,3,3,3
882,2,3,3,3,2.75
883,3,3,3,3,3
884,1,1,1,3,1.5
885,1,3,3,3,2.5
886,1,1,3,2,1.75
887,2,3,3,3,2.75
888,3,3,3,3,3
889,1,2,3,1,1.75
890,3,3,3,3,3
891,3,3,3,1,2.5
892,1,2,3,3,2.25
893,3,3,3,3,3
894,3,3,3,3,3
895,3,2,3,3,2.75
896,1,1,2,3,1.75
897,2,3,3,1,2.25
898,2,3,3,3,2.75
899,1,3,3,2,2.25
900,1,3,3,3,2.5
901,3,3,3,3,3
902,2,3,3,3,2.75
903,3,3,3,1,2.5
904,2,3,3,3,2.75
905,2,3,3,3,2.75
906,2,3,3,1,2.25
907,1,2,3,3,2.25
908,2,3,3,2,2.5
909,1,3,3,3,2.5
910,2,3,3,3,2.75
911,3,3,3,3,3
912,3,3,3,3,3
913,3,3,3,3,3
914,2,3,3,1,2.25
915,2,3,2,3,2.5
916,1,2,3,2,2
917,3,3,3,3,3
918,2,3,3,3,2.75
919,3,3,3,3,3
920,3,3,3,3,3
921,2,3,3,1,2.25
922,3,3,3,3,3
923,1,3,3,1,2
924,1,2,3,2,2
925,3,3,3,3,3
926,3,3,3,3,3
927,3,3,3,3,3
928,3,3,3,3,3
929,1,3,3,1,2
930,2,3,3,1,2.25
931,2,3,3,1,2.25
932,3,3,3,3,3
933,1,3,3,2,2.25
934,3,3,3,2,2.75
935,1,2,3,1,1.75
936,3,3,3,2,2.75
937,3,3,3,1,2.5
938,3,3,3,1,2.5
939,3,3,3,1,2.5
940,1,3,3,1,2
941,3,3,3,1,2.5
942,1,3,3,3,2.5
943,2,3,3,1,2.25
944,3,3,3,3,3
945,1,3,3,2,2.25
946,3,1,1,2,1.75
947,2,3,3,1,2.25
948,3,3,3,3,3
949,2,3,3,3,2.75
950,1,3,3,3,2.5
951,3,3,3,1,2.5
952,1,2,3,3,2.25
953,3,3,3,3,3
954,3,3,3,2,2.75
955,2,2,3,2,2.25
956,2,3,3,2,2.5
957,2,3,3,1,2.25
958,1,3,3,1,2
959,1,3,3,2,2.25
960,2,1,1,2,1.5
961,2,3,3,1,2.25
962,3,3,3,3,3
963,3,3,3,2,2.75
964,3,3,3,3,3
965,2,3,3,3,2.75
966,2,3,2,3,2.5
967,1,3,3,1,2
968,1,3,3,2,2.25
969,3,1,1,2,1.75
970,2,3,3,3,2.75
971,2,3,3,1,2.25
972,1,3,3,1,2
973,1,2,2,2,1.75
974,1,1,1,2,1.25
975,3,3,3,3,3
976,3,3,3,3,3
977,2,3,3,2,2.5
978,3,3,3,2,2.75
979,1,3,3,1,2
980,3,3,3,2,2.75
981,2,3,3,3,2.75
982,3,3,3,3,3
983,2,2,3,1,2
984,3,3,3,3,3
985,1,2,3,2,2
986,1,3,3,2,2.25
987,3,2,3,3,2.75
988,2,3,3,3,2.75
989,3,3,3,1,2.5
990,3,3,3,2,2.75
991,2,3,3,2,2.5
992,1,3,3,1,2
993,3,3,3,2,2.75
994,3,3,3,3,3
995,3,3,3,3,3
996,3,3,3,1,2.5
997,1,3,3,1,2
998,1,2,3,2,2
999,1,3,3,2,2.25
1000,2,2,2,3,2.25
1001,2,3,3,3,2.75
1002,1,1,1,2,1.25
1003,1,2,3,3,2.25
1004,2,3,3,1,2.25
1005,2,3,3,3,2.75
1006,2,3,3,2,2.5
1007,1,3,3,2,2.25
1008,2,3,3,3,2.75
1009,2,1,1,3,1.75
1010,2,3,3,1,2.25
1011,2,3,3,3,2.75
1012,2,2,3,3,2.5
1013,2,3,3,3,2.75
1014,2,2,3,1,2
1015,1,2,3,3,2.25
1016,3,3,3,2,2.75
1017,2,3,3,2,2.5
1018,3,1,1,2,1.75
1019,2,3,3,3,2.75
1020,2,2,3,3,2.5
1021,1,3,3,1,2
1022,3,3,3,1,2.5
1023,1,3,3,3,2.5
1024,2,3,3,1,2.25
1025,2,3,3,1,2.25
1026,1,3,3,1,2
1027,3,3,3,2,2.75
1028,3,3,3,2,2.75
1029,3,3,3,1,2.5
1030,2,3,3,1,2.25
1031,2,3,3,3,2.75
1032,2,3,3,2,2.5
1033,1,3,3,2,2.25
1034,2,2,3,3,2.5
1036,1,3,3,2,2.25
1037,3,3,3,3,3
1038,3,3,3,2,2.75
1039,3,1,1,2,1.75
1040,1,2,3,3,2.25
1041,3,2,3,2,2.5
1042,3,3,3,3,3
1043,3,3,3,2,2.75
1044,2,3,3,2,2.5
1045,2,3,3,1,2.25
1046,3,3,3,1,2.5
1047,1,3,3,3,2.5
1048,1,2,3,2,2
1049,3,1,1,3,2
1050,1,1,1,3,1.5
1051,1,3,3,2,2.25
1052,1,1,2,2,1.5
1053,3,3,3,3,3
1054,3,3,3,2,2.75
1055,2,2,2,1,1.75
1056,2,3,3,1,2.25
1057,3,3,3,1,2.5
1058,2,3,2,3,2.5
1059,3,3,3,3,3
1060,3,3,3,2,2.75
1061,3,3,3,3,3
1062,2,2,3,3,2.5
1063,2,3,3,3,2.75
1064,2,3,3,2,2.5
1065,1,3,3,1,2
1066,3,2,2,2,2.25
1067,2,3,3,1,2.25
1068,2,3,3,1,2.25
1069,2,1,1,1,1.25
1070,2,3,3,2,2.5
1071,3,3,3,3,3
1072,1,3,3,2,2.25
1073,2,3,3,1,2.25
1074,3,3,3,1,2.5
1075,1,3,3,3,2.5
1076,3,3,3,2,2.75
1077,3,3,3,2,2.75
1078,3,3,3,2,2.75
1079,1,3,3,1,2
1080,2,3,3,3,2.75
1081,1,3,3,2,2.25
1082,3,3,3,1,2.5
1083,1,3,3,3,2.5
1084,2,3,3,1,2.25
1085,3,3,3,1,2.5
1086,2,2,2,3,2.25
1087,1,2,3,1,1.75
1088,2,3,3,2,2.5
1089,1,3,3,3,2.5
1090,1,3,3,2,2.25
1091,3,3,3,1,2.5
1092,2,3,3,2,2.5
1093,3,3,3,2,2.75
1094,1,1,1,1,1
1095,2,3,3,1,2.25
1096,3,3,3,2,2.75
1097,2,3,3,1,2.25
1098,3,3,3,3,3
1099,2,3,3,3,2.75
1100,2,3,3,2,2.5
1357,3,3,3,3,3