Question,Spearman_rho,p_value
Q8,0.033420157543330484,0.28251145456929977
Q9,0.05828315337863154,0.06075329041042211
Q10,0.1617130364552526,1.6655739347316515e-07
Q14,0.3556852398448039,2.9546317346394475e-32
Q19,0.16350101505286496,1.2105499987266532e-07
Q21,0.3057832220572098,7.303110187741874e-24
Q24,0.6069662362073726,2.7316374146598113e-105
Q29,0.4134938268041032,4.731281304020052e-44
Q1,0.1826353834952688,3.1950378463963338e-09
Q5,0.429968160319236,7.29261881002299e-48
Q11,0.36010787479393763,4.466786495550044e-33
Q12,0.5113885149518302,4.1335080335389835e-70
Q13,0.43961322869925007,3.3970036668726354e-50
Q16,0.4976094988388728,6.544920574132325e-66
Q18,0.5905734878558809,2.0930373841600746e-98
Q22,0.6225509424071639,3.2214161899443003e-112
Q23,0.6273873807312644,1.893963792581905e-114
Q25,0.6257223757400467,1.1213776899662274e-113
Q27,0.5298776033779982,4.676228788014485e-76
